"year","month","cma_code","cma","cases","fts","ftsp","ftc","fs1","fs2","fs3","age24","age2554","age55","male","female","moa035","moa3659","moa60"
2003,3,"505","505 - Ottawa--Gatineau",15003,11630,1234,2139,11630,1989,1384,844,9815,4344,7817,7186,3087,2299,9617
2003,3,"521","521 - Kingston",3807,2835,318,654,2835,573,399,241,2746,820,1992,1815,697,474,2636
2003,3,"529","529 - Peterborough",2378,1819,165,394,1819,356,203,180,1659,539,1228,1150,500,404,1474
2003,3,"532","532 - Oshawa",4055,3301,312,442,3301,476,278,310,2797,948,1985,2068,1009,722,2324
2003,3,"535","535 - Toronto",62137,49249,3919,8969,49249,8576,4312,3356,35582,23199,32281,29854,14926,11079,36132
2003,3,"537","537 - Hamilton",13244,10278,1034,1932,10278,1779,1187,794,9050,3400,6960,6284,2605,1696,8943
2003,3,"539","539 - St. Catharines--Niagara",8202,6203,679,1320,6203,1183,816,484,5611,2107,4245,3957,1704,1027,5471
2003,3,"541","541 - Kitchener--Cambridge--Waterloo",5432,4281,371,780,4281,729,422,461,3615,1356,2781,2651,1328,789,3315
2003,3,"543","543 - Brantford",3186,2337,309,540,2337,489,360,235,2166,785,1640,1546,682,459,2045
2003,3,"550","550 - Guelph",1639,1291,132,216,1291,232,116,140,1130,369,810,829,341,219,1079
2003,3,"555","555 - London",8646,6662,657,1327,6662,1228,756,558,5950,2138,4466,4179,1953,1179,5514
2003,3,"559","559 - Windsor",5541,4358,382,801,4358,738,445,329,3616,1596,2771,2770,1120,795,3626
2003,3,"568","568 - Barrie",2044,1598,197,249,1598,269,177,180,1400,464,1033,1011,503,340,1201
2003,3,"580","580 - Greater Sudbury",4240,3280,343,617,3280,611,349,271,3073,896,2205,2034,878,634,2728
2003,3,"595","595 - Thunder Bay",3214,2571,299,344,2571,391,252,208,2365,641,1679,1535,657,416,2141
2003,6,"505","505 - Ottawa--Gatineau",15123,11740,1257,2126,11740,1991,1392,877,9905,4341,7880,7243,3185,2106,9832
2003,6,"521","521 - Kingston",3832,2857,321,654,2857,573,402,252,2770,810,2011,1821,687,484,2661
2003,6,"529","529 - Peterborough",2403,1849,164,390,1849,350,204,187,1676,540,1233,1170,506,375,1522
2003,6,"532","532 - Oshawa",4122,3356,325,441,3356,495,271,327,2838,957,2025,2095,1024,701,2397
2003,6,"535","535 - Toronto",62414,49528,3972,8914,49528,8534,4352,3507,35898,23009,32427,29985,15164,10946,36304
2003,6,"537","537 - Hamilton",13338,10334,1050,1954,10334,1802,1202,806,9130,3402,6997,6341,2652,1604,9082
2003,6,"539","539 - St. Catharines--Niagara",8232,6232,704,1296,6232,1189,811,504,5652,2076,4254,3978,1721,1052,5459
2003,6,"541","541 - Kitchener--Cambridge--Waterloo",5520,4350,379,791,4350,736,434,491,3664,1365,2826,2694,1379,788,3353
2003,6,"543","543 - Brantford",3208,2348,318,542,2348,499,361,244,2184,780,1647,1561,681,465,2062
2003,6,"550","550 - Guelph",1666,1317,137,212,1317,232,117,144,1153,369,839,827,352,215,1099
2003,6,"555","555 - London",8673,6695,673,1305,6695,1224,754,571,5966,2136,4468,4204,1968,1194,5511
2003,6,"559","559 - Windsor",5559,4381,393,785,4381,737,441,339,3617,1603,2779,2780,1121,779,3659
2003,6,"568","568 - Barrie",2059,1614,193,252,1614,272,173,190,1405,464,1035,1024,504,318,1237
2003,6,"580","580 - Greater Sudbury",4253,3301,355,597,3301,603,349,282,3084,887,2212,2040,861,635,2757
2003,6,"595","595 - Thunder Bay",3255,2602,306,347,2602,405,248,215,2410,630,1696,1559,666,418,2171
2003,9,"505","505 - Ottawa--Gatineau",15144,11757,1251,2136,11757,2000,1387,884,9910,4350,7852,7292,3184,2083,9877
2003,9,"521","521 - Kingston",3884,2911,329,644,2911,572,401,266,2800,818,2040,1844,699,501,2684
2003,9,"529","529 - Peterborough",2400,1875,157,368,1875,332,193,193,1673,534,1234,1166,518,359,1523
2003,9,"532","532 - Oshawa",4121,3336,337,448,3336,514,271,347,2843,931,2044,2075,1019,675,2427
2003,9,"535","535 - Toronto",62744,49826,4015,8903,49826,8534,4384,3590,36063,23091,32572,30171,15459,10549,36736
2003,9,"537","537 - Hamilton",13435,10424,1072,1939,10424,1819,1192,826,9172,3437,7066,6369,2752,1606,9077
2003,9,"539","539 - St. Catharines--Niagara",8307,6317,700,1290,6317,1192,798,514,5702,2091,4273,4034,1705,1117,5485
2003,9,"541","541 - Kitchener--Cambridge--Waterloo",5539,4374,386,779,4374,738,427,510,3661,1368,2821,2718,1389,814,3336
2003,9,"543","543 - Brantford",3239,2378,320,541,2378,506,355,243,2211,785,1665,1574,695,437,2107
2003,9,"550","550 - Guelph",1666,1316,138,212,1316,236,114,147,1147,372,833,833,361,209,1096
2003,9,"555","555 - London",8682,6715,658,1309,6715,1212,755,572,5974,2136,4468,4214,1923,1232,5527
2003,9,"559","559 - Windsor",5565,4393,396,776,4393,733,439,332,3620,1613,2777,2788,1106,815,3644
2003,9,"568","568 - Barrie",2087,1639,198,250,1639,276,172,195,1421,471,1044,1043,500,326,1261
2003,9,"580","580 - Greater Sudbury",4242,3268,355,619,3268,625,349,294,3059,889,2202,2039,823,674,2745
2003,9,"595","595 - Thunder Bay",3281,2612,317,352,2612,420,249,209,2431,641,1703,1578,678,454,2149
2003,12,"505","505 - Ottawa--Gatineau",15206,11859,1263,2084,11859,1970,1377,922,9964,4320,7906,7300,3242,2073,9891
2003,12,"521","521 - Kingston",3926,2945,341,640,2945,583,398,277,2823,826,2058,1868,727,509,2690
2003,12,"529","529 - Peterborough",2442,1917,158,367,1917,333,192,202,1707,533,1262,1180,527,362,1553
2003,12,"532","532 - Oshawa",4157,3363,348,446,3363,507,287,351,2862,944,2057,2098,1005,676,2476
2003,12,"535","535 - Toronto",63037,50171,4042,8824,50171,8471,4395,3695,36396,22946,32796,30241,15808,10093,37136
2003,12,"537","537 - Hamilton",13506,10458,1086,1962,10458,1835,1213,850,9230,3426,7101,6405,2789,1667,9050
2003,12,"539","539 - St. Catharines--Niagara",8373,6354,721,1298,6354,1217,802,512,5757,2104,4294,4079,1727,1138,5508
2003,12,"541","541 - Kitchener--Cambridge--Waterloo",5609,4434,400,775,4434,755,420,511,3720,1378,2845,2764,1415,840,3354
2003,12,"543","543 - Brantford",3270,2406,331,533,2406,503,361,254,2214,802,1682,1588,706,463,2101
2003,12,"550","550 - Guelph",1694,1356,135,203,1356,223,115,161,1160,373,852,842,387,202,1105
2003,12,"555","555 - London",8808,6822,655,1331,6822,1223,763,566,6097,2145,4532,4276,1980,1289,5539
2003,12,"559","559 - Windsor",5611,4430,397,784,4430,739,442,332,3655,1624,2809,2802,1164,786,3661
2003,12,"568","568 - Barrie",2111,1661,202,248,1661,284,166,200,1440,471,1064,1047,494,338,1279
2003,12,"580","580 - Greater Sudbury",4292,3308,355,629,3308,620,364,311,3093,888,2226,2065,854,677,2761
2003,12,"595","595 - Thunder Bay",3327,2648,319,360,2648,426,253,216,2463,648,1721,1606,703,467,2157
2004,3,"505","505 - Ottawa--Gatineau",15191,11864,1257,2070,11864,1938,1389,915,9988,4288,7895,7296,3235,2083,9873
2004,3,"521","521 - Kingston",3949,2960,345,644,2960,591,398,273,2849,827,2060,1889,739,504,2706
2004,3,"529","529 - Peterborough",2457,1927,162,368,1927,337,193,212,1703,542,1270,1187,524,349,1584
2004,3,"532","532 - Oshawa",4209,3417,339,453,3417,512,280,371,2880,958,2092,2115,1019,673,2517
2004,3,"535","535 - Toronto",63330,50455,4126,8749,50455,8448,4427,3811,36686,22833,32900,30430,16192,9949,37189
2004,3,"537","537 - Hamilton",13550,10472,1114,1964,10472,1878,1200,868,9250,3432,7111,6439,2842,1672,9036
2004,3,"539","539 - St. Catharines--Niagara",8444,6424,734,1286,6424,1226,794,536,5793,2115,4345,4099,1758,1185,5501
2004,3,"541","541 - Kitchener--Cambridge--Waterloo",5687,4507,409,771,4507,758,422,530,3760,1397,2879,2808,1450,851,3386
2004,3,"543","543 - Brantford",3306,2428,344,534,2428,511,367,259,2245,802,1692,1614,737,443,2126
2004,3,"550","550 - Guelph",1701,1364,132,205,1364,218,119,161,1176,364,858,843,384,219,1098
2004,3,"555","555 - London",8828,6854,655,1319,6854,1201,773,571,6127,2130,4527,4301,1973,1293,5562
2004,3,"559","559 - Windsor",5726,4500,408,818,4500,764,462,357,3698,1671,2867,2859,1270,775,3681
2004,3,"568","568 - Barrie",2129,1669,199,261,1669,294,166,207,1440,482,1073,1056,499,322,1308
2004,3,"580","580 - Greater Sudbury",4300,3316,358,626,3316,615,369,308,3097,895,2220,2079,841,675,2784
2004,3,"595","595 - Thunder Bay",3371,2680,325,366,2680,436,255,229,2492,650,1742,1629,726,479,2166
2004,6,"505","505 - Ottawa--Gatineau",15311,11966,1288,2057,11966,1929,1416,941,10085,4285,7950,7361,3315,2081,9915
2004,6,"521","521 - Kingston",3993,3001,344,648,3001,605,387,283,2876,834,2090,1903,783,488,2722
2004,6,"529","529 - Peterborough",2513,1968,169,376,1968,356,189,220,1724,569,1295,1218,544,340,1629
2004,6,"532","532 - Oshawa",4314,3500,351,463,3500,526,288,371,2969,974,2147,2165,1058,693,2563
2004,6,"535","535 - Toronto",63832,50909,4230,8693,50909,8447,4476,3887,37263,22682,33225,30607,16617,9804,37411
2004,6,"537","537 - Hamilton",13719,10612,1137,1970,10612,1888,1219,869,9336,3514,7204,6515,2884,1700,9135
2004,6,"539","539 - St. Catharines--Niagara",8589,6511,760,1318,6511,1251,827,552,5880,2157,4433,4156,1811,1194,5584
2004,6,"541","541 - Kitchener--Cambridge--Waterloo",5795,4593,423,779,4593,768,434,553,3814,1428,2949,2846,1504,863,3428
2004,6,"543","543 - Brantford",3356,2462,360,534,2462,531,363,257,2280,819,1700,1656,757,441,2158
2004,6,"550","550 - Guelph",1748,1398,136,214,1398,224,126,166,1208,374,876,872,415,213,1120
2004,6,"555","555 - London",8907,6886,670,1351,6886,1243,778,575,6152,2180,4561,4346,2041,1257,5609
2004,6,"559","559 - Windsor",5847,4571,438,838,4571,789,487,368,3761,1718,2933,2914,1340,777,3730
2004,6,"568","568 - Barrie",2138,1685,203,250,1685,282,171,212,1450,476,1075,1063,486,322,1330
2004,6,"580","580 - Greater Sudbury",4331,3351,364,616,3351,625,355,317,3108,906,2250,2080,846,673,2812
2004,6,"595","595 - Thunder Bay",3415,2707,333,375,2707,451,257,228,2522,665,1767,1648,738,488,2189
2004,9,"505","505 - Ottawa--Gatineau",15459,12118,1299,2042,12118,1941,1400,960,10168,4331,8041,7418,3447,2037,9975
2004,9,"521","521 - Kingston",4007,3028,346,633,3028,591,388,286,2879,842,2101,1906,772,504,2731
2004,9,"529","529 - Peterborough",2532,1992,167,373,1992,347,193,231,1722,579,1302,1230,552,335,1645
2004,9,"532","532 - Oshawa",4377,3573,357,447,3573,513,291,390,3011,976,2174,2201,1095,653,2629
2004,9,"535","535 - Toronto",64251,51330,4275,8646,51330,8416,4505,4001,37615,22635,33454,30797,17137,9350,37764
2004,9,"537","537 - Hamilton",13847,10716,1163,1968,10716,1909,1222,905,9392,3550,7265,6582,2979,1686,9182
2004,9,"539","539 - St. Catharines--Niagara",8662,6594,743,1325,6594,1240,828,572,5912,2178,4475,4187,1826,1166,5670
2004,9,"541","541 - Kitchener--Cambridge--Waterloo",5855,4646,422,787,4646,775,434,562,3860,1433,2990,2865,1500,851,3504
2004,9,"543","543 - Brantford",3362,2470,358,534,2470,531,361,265,2281,816,1700,1662,746,452,2164
2004,9,"550","550 - Guelph",1759,1408,147,204,1408,218,133,167,1215,377,887,872,432,202,1125
2004,9,"555","555 - London",8966,6947,684,1335,6947,1245,774,562,6210,2194,4595,4371,2019,1242,5705
2004,9,"559","559 - Windsor",5902,4619,448,835,4619,789,494,384,3797,1721,2971,2931,1355,777,3770
2004,9,"568","568 - Barrie",2175,1715,204,256,1715,277,183,220,1474,481,1087,1088,499,314,1362
2004,9,"580","580 - Greater Sudbury",4401,3396,381,624,3396,642,363,323,3173,905,2284,2116,864,657,2880
2004,9,"595","595 - Thunder Bay",3437,2737,324,376,2737,447,253,230,2518,689,1785,1652,730,469,2238
2004,12,"505","505 - Ottawa--Gatineau",15540,12150,1344,2046,12150,1970,1420,958,10227,4355,8075,7465,3551,2015,9974
2004,12,"521","521 - Kingston",4061,3072,362,627,3072,598,391,291,2916,854,2123,1938,817,500,2744
2004,12,"529","529 - Peterborough",2541,2004,169,368,2004,333,204,232,1736,573,1319,1222,565,327,1649
2004,12,"532","532 - Oshawa",4418,3590,373,455,3590,532,296,397,3032,989,2194,2222,1120,633,2665
2004,12,"535","535 - Toronto",64278,51433,4280,8565,51433,8307,4538,4029,37863,22386,33495,30783,17521,8983,37774
2004,12,"537","537 - Hamilton",13922,10783,1176,1963,10783,1907,1232,911,9454,3557,7305,6617,3070,1667,9185
2004,12,"539","539 - St. Catharines--Niagara",8715,6639,750,1326,6639,1250,826,578,5928,2209,4494,4221,1851,1134,5730
2004,12,"541","541 - Kitchener--Cambridge--Waterloo",5915,4712,407,796,4712,771,432,575,3867,1473,3035,2880,1537,836,3542
2004,12,"543","543 - Brantford",3376,2466,364,546,2466,544,366,267,2286,823,1708,1668,743,453,2180
2004,12,"550","550 - Guelph",1775,1425,151,199,1425,219,131,165,1225,385,898,877,442,207,1126
2004,12,"555","555 - London",8991,6958,689,1344,6958,1253,780,576,6221,2194,4609,4382,2037,1197,5757
2004,12,"559","559 - Windsor",5952,4641,456,855,4641,803,508,386,3826,1740,2999,2953,1372,764,3816
2004,12,"568","568 - Barrie",2221,1763,204,254,1763,280,178,231,1501,489,1109,1112,516,320,1385
2004,12,"580","580 - Greater Sudbury",4428,3404,383,641,3404,645,379,318,3206,904,2287,2140,855,659,2914
2004,12,"595","595 - Thunder Bay",3481,2774,330,377,2774,456,251,233,2551,697,1812,1669,734,463,2284
2005,3,"505","505 - Ottawa--Gatineau",15663,12273,1366,2024,12273,1993,1397,1008,10303,4352,8150,7513,3672,1983,10008
2005,3,"521","521 - Kingston",4075,3074,369,632,3074,605,396,292,2908,875,2110,1965,813,494,2768
2005,3,"529","529 - Peterborough",2540,2000,177,363,2000,329,211,223,1732,585,1315,1225,562,312,1666
2005,3,"532","532 - Oshawa",4500,3644,392,464,3644,546,310,409,3089,1002,2235,2263,1178,630,2692
2005,3,"535","535 - Toronto",64394,51608,4316,8470,51608,8221,4565,4083,38124,22187,33575,30819,17763,8821,37810
2005,3,"537","537 - Hamilton",13986,10836,1198,1952,10836,1912,1238,912,9478,3596,7349,6637,3054,1689,9243
2005,3,"539","539 - St. Catharines--Niagara",8774,6696,753,1325,6696,1241,837,595,5968,2211,4526,4248,1881,1117,5776
2005,3,"541","541 - Kitchener--Cambridge--Waterloo",6003,4788,430,785,4788,793,422,596,3905,1502,3073,2930,1604,822,3577
2005,3,"543","543 - Brantford",3398,2485,364,549,2485,546,367,280,2286,832,1728,1670,752,461,2185
2005,3,"550","550 - Guelph",1805,1456,149,200,1456,215,134,172,1237,396,912,893,456,199,1150
2005,3,"555","555 - London",9057,6989,723,1345,6989,1297,771,589,6279,2189,4640,4417,2121,1149,5787
2005,3,"559","559 - Windsor",5990,4654,464,872,4654,815,521,395,3849,1746,3034,2956,1419,729,3842
2005,3,"568","568 - Barrie",2232,1762,211,259,1762,292,178,243,1508,481,1101,1131,545,312,1375
2005,3,"580","580 - Greater Sudbury",4443,3441,376,626,3441,632,370,315,3231,897,2312,2130,866,633,2944
2005,3,"595","595 - Thunder Bay",3520,2817,328,375,2817,449,254,239,2574,707,1820,1700,760,450,2310
2005,6,"505","505 - Ottawa--Gatineau",15769,12374,1393,2002,12374,1989,1406,1043,10382,4344,8203,7566,3664,2026,10079
2005,6,"521","521 - Kingston",4106,3102,370,634,3102,592,412,303,2924,879,2136,1970,840,466,2800
2005,6,"529","529 - Peterborough",2565,2025,173,367,2025,330,210,232,1749,584,1327,1238,564,323,1678
2005,6,"532","532 - Oshawa",4540,3669,401,470,3669,555,316,420,3117,1003,2250,2290,1163,638,2739
2005,6,"535","535 - Toronto",65009,52145,4354,8510,52145,8270,4594,4229,38511,22269,33879,31130,18238,8894,37877
2005,6,"537","537 - Hamilton",14111,10950,1211,1950,10950,1905,1256,933,9578,3600,7425,6686,3108,1715,9288
2005,6,"539","539 - St. Catharines--Niagara",8889,6795,767,1327,6795,1255,839,610,6053,2226,4595,4294,1945,1140,5804
2005,6,"541","541 - Kitchener--Cambridge--Waterloo",6078,4849,439,790,4849,802,427,607,3964,1507,3122,2956,1616,836,3626
2005,6,"543","543 - Brantford",3436,2548,355,533,2548,526,362,298,2306,832,1759,1677,755,465,2216
2005,6,"550","550 - Guelph",1811,1461,151,199,1461,220,130,172,1238,401,906,905,464,198,1149
2005,6,"555","555 - London",9195,7099,736,1360,7099,1311,785,591,6368,2236,4720,4475,2223,1144,5828
2005,6,"559","559 - Windsor",6067,4716,484,867,4716,824,527,417,3901,1749,3071,2996,1465,730,3872
2005,6,"568","568 - Barrie",2273,1793,215,265,1793,305,175,238,1536,499,1115,1158,568,307,1398
2005,6,"580","580 - Greater Sudbury",4545,3527,398,620,3527,640,378,341,3282,922,2359,2185,935,630,2980
2005,6,"595","595 - Thunder Bay",3514,2796,346,372,2796,466,252,240,2569,705,1805,1709,770,440,2304
2005,9,"505","505 - Ottawa--Gatineau",15896,12544,1356,1996,12544,1967,1385,1085,10441,4370,8285,7611,3753,2014,10129
2005,9,"521","521 - Kingston",4162,3143,382,637,3143,615,404,315,2957,890,2167,1995,866,458,2838
2005,9,"529","529 - Peterborough",2595,2038,188,369,2038,343,214,226,1780,589,1347,1248,563,351,1681
2005,9,"532","532 - Oshawa",4577,3710,401,466,3710,554,313,432,3122,1023,2258,2319,1170,646,2761
2005,9,"535","535 - Toronto",65560,52640,4378,8542,52640,8256,4664,4309,38947,22304,34170,31390,18591,9058,37911
2005,9,"537","537 - Hamilton",14179,10990,1221,1968,10990,1911,1278,937,9585,3657,7458,6721,3100,1795,9284
2005,9,"539","539 - St. Catharines--Niagara",8978,6870,770,1338,6870,1275,833,622,6103,2253,4662,4316,1991,1124,5863
2005,9,"541","541 - Kitchener--Cambridge--Waterloo",6166,4926,446,794,4926,804,436,629,4009,1528,3165,3001,1640,885,3641
2005,9,"543","543 - Brantford",3448,2560,362,526,2560,531,357,293,2315,840,1757,1691,739,484,2225
2005,9,"550","550 - Guelph",1817,1474,151,192,1474,218,125,170,1240,407,903,914,453,216,1148
2005,9,"555","555 - London",9236,7140,746,1350,7140,1295,801,633,6341,2262,4760,4476,2158,1206,5872
2005,9,"559","559 - Windsor",6134,4768,492,874,4768,825,541,430,3946,1758,3115,3019,1486,745,3903
2005,9,"568","568 - Barrie",2325,1840,211,274,1840,316,169,253,1567,505,1147,1178,571,321,1433
2005,9,"580","580 - Greater Sudbury",4617,3591,407,619,3591,654,372,342,3330,945,2402,2214,987,605,3025
2005,9,"595","595 - Thunder Bay",3570,2840,350,380,2840,479,251,256,2580,734,1839,1731,777,454,2339
2005,12,"505","505 - Ottawa--Gatineau",16103,12769,1356,1978,12769,1963,1371,1114,10578,4411,8439,7664,3793,2079,10231
2005,12,"521","521 - Kingston",4206,3197,379,630,3197,605,404,316,2974,916,2196,2010,871,457,2878
2005,12,"529","529 - Peterborough",2619,2053,188,378,2053,348,218,231,1787,601,1352,1267,545,369,1705
2005,12,"532","532 - Oshawa",4580,3725,394,461,3725,550,305,435,3127,1018,2262,2318,1145,661,2774
2005,12,"535","535 - Toronto",66065,53116,4449,8500,53116,8218,4731,4394,39500,22171,34460,31605,18615,9552,37898
2005,12,"537","537 - Hamilton",14360,11109,1256,1995,11109,1942,1309,964,9708,3688,7558,6802,3142,1881,9337
2005,12,"539","539 - St. Catharines--Niagara",9059,6926,804,1329,6926,1303,830,617,6160,2282,4672,4387,2031,1138,5890
2005,12,"541","541 - Kitchener--Cambridge--Waterloo",6217,4973,449,795,4973,809,435,624,4046,1547,3181,3036,1622,902,3693
2005,12,"543","543 - Brantford",3457,2560,368,529,2560,537,360,289,2324,844,1760,1697,735,473,2249
2005,12,"550","550 - Guelph",1857,1506,152,199,1506,227,124,176,1254,427,923,934,468,230,1159
2005,12,"555","555 - London",9419,7282,758,1379,7282,1318,819,664,6434,2321,4863,4556,2237,1262,5920
2005,12,"559","559 - Windsor",6206,4823,503,880,4823,834,549,437,4002,1767,3159,3047,1470,823,3913
2005,12,"568","568 - Barrie",2309,1822,210,277,1822,322,165,247,1564,498,1141,1168,544,325,1440
2005,12,"580","580 - Greater Sudbury",4644,3598,402,644,3598,660,386,350,3327,967,2399,2244,982,629,3033
2005,12,"595","595 - Thunder Bay",3575,2841,348,386,2841,480,254,252,2594,729,1839,1736,771,465,2339
2006,3,"505","505 - Ottawa--Gatineau",16251,12910,1368,1973,12910,1972,1369,1130,10681,4440,8520,7731,3869,2099,10283
2006,3,"521","521 - Kingston",4227,3221,382,624,3221,599,407,312,2986,929,2206,2021,881,452,2894
2006,3,"529","529 - Peterborough",2664,2098,196,370,2098,353,213,244,1802,618,1381,1283,575,373,1716
2006,3,"532","532 - Oshawa",4637,3774,403,460,3774,545,318,450,3153,1034,2291,2346,1158,695,2784
2006,3,"535","535 - Toronto",66583,53519,4558,8506,53519,8229,4835,4520,39938,22125,34763,31820,19000,9710,37873
2006,3,"537","537 - Hamilton",14481,11181,1290,2010,11181,1982,1318,990,9755,3736,7607,6874,3198,1932,9351
2006,3,"539","539 - St. Catharines--Niagara",9135,6975,828,1332,6975,1320,840,638,6222,2275,4732,4403,2067,1118,5950
2006,3,"541","541 - Kitchener--Cambridge--Waterloo",6328,5063,463,802,5063,807,458,670,4108,1550,3229,3099,1648,944,3736
2006,3,"543","543 - Brantford",3508,2602,377,529,2602,534,372,304,2352,852,1798,1710,773,479,2256
2006,3,"550","550 - Guelph",1871,1515,152,204,1515,228,128,171,1259,441,918,953,463,229,1179
2006,3,"555","555 - London",9482,7340,756,1386,7340,1325,817,672,6472,2338,4896,4586,2267,1286,5929
2006,3,"559","559 - Windsor",6262,4877,493,892,4877,832,553,452,4021,1789,3180,3082,1495,859,3908
2006,3,"568","568 - Barrie",2362,1865,205,292,1865,323,174,252,1605,505,1177,1185,566,340,1456
2006,3,"580","580 - Greater Sudbury",4704,3647,412,645,3647,671,386,355,3366,983,2433,2270,1017,634,3053
2006,3,"595","595 - Thunder Bay",3613,2886,341,386,2886,479,248,252,2619,742,1857,1756,779,472,2362
2006,6,"505","505 - Ottawa--Gatineau",16425,13058,1407,1960,13058,1991,1376,1137,10822,4466,8613,7812,3934,2147,10344
2006,6,"521","521 - Kingston",4296,3283,390,623,3283,611,402,342,3029,925,2261,2035,923,476,2897
2006,6,"529","529 - Peterborough",2687,2115,195,377,2115,358,214,245,1818,624,1401,1286,577,358,1752
2006,6,"532","532 - Oshawa",4713,3814,419,480,3814,570,329,468,3197,1048,2330,2383,1178,687,2848
2006,6,"535","535 - Toronto",67154,54012,4672,8470,54012,8240,4902,4657,40406,22091,35000,32154,19084,10122,37948
2006,6,"537","537 - Hamilton",14707,11368,1320,2019,11368,2003,1336,1027,9881,3799,7725,6982,3309,1942,9456
2006,6,"539","539 - St. Catharines--Niagara",9233,7072,825,1336,7072,1331,830,656,6272,2305,4769,4464,2097,1138,5998
2006,6,"541","541 - Kitchener--Cambridge--Waterloo",6431,5136,468,827,5136,819,476,670,4164,1597,3285,3146,1689,948,3794
2006,6,"543","543 - Brantford",3550,2635,383,532,2635,541,374,314,2363,873,1826,1724,792,484,2274
2006,6,"550","550 - Guelph",1900,1525,168,207,1525,235,140,175,1271,454,942,958,474,246,1180
2006,6,"555","555 - London",9546,7418,766,1362,7418,1316,812,701,6497,2348,4936,4610,2289,1337,5920
2006,6,"559","559 - Windsor",6350,4937,507,906,4937,853,560,458,4086,1806,3235,3115,1494,917,3939
2006,6,"568","568 - Barrie",2395,1892,214,289,1892,333,170,257,1623,515,1198,1197,576,341,1478
2006,6,"580","580 - Greater Sudbury",4727,3658,428,641,3658,679,390,350,3390,987,2446,2280,1002,670,3055
2006,6,"595","595 - Thunder Bay",3662,2922,353,387,2922,482,258,262,2634,766,1885,1777,807,468,2387
2006,9,"505","505 - Ottawa--Gatineau",16625,13285,1392,1948,13285,1957,1383,1228,10901,4496,8750,7875,4045,2202,10378
2006,9,"521","521 - Kingston",4348,3323,398,627,3323,618,407,352,3055,941,2276,2072,953,502,2893
2006,9,"529","529 - Peterborough",2754,2172,201,381,2172,366,216,251,1874,629,1436,1318,607,356,1791
2006,9,"532","532 - Oshawa",4812,3896,423,493,3896,581,335,487,3261,1064,2387,2425,1230,695,2887
2006,9,"535","535 - Toronto",68171,54813,4859,8499,54813,8367,4991,4794,41097,22280,35511,32660,19613,10616,37942
2006,9,"537","537 - Hamilton",14898,11553,1315,2030,11553,1990,1355,1058,9972,3868,7843,7055,3386,2033,9479
2006,9,"539","539 - St. Catharines--Niagara",9318,7146,838,1334,7146,1337,835,685,6305,2328,4837,4481,2126,1160,6032
2006,9,"541","541 - Kitchener--Cambridge--Waterloo",6561,5230,475,856,5230,847,484,691,4238,1632,3358,3203,1742,979,3840
2006,9,"543","543 - Brantford",3607,2674,389,544,2674,552,381,314,2389,904,1842,1765,830,480,2297
2006,9,"550","550 - Guelph",1914,1546,158,210,1546,230,138,180,1282,452,947,967,475,272,1167
2006,9,"555","555 - London",9669,7511,813,1345,7511,1321,837,727,6569,2373,4990,4679,2366,1364,5939
2006,9,"559","559 - Windsor",6458,5039,496,923,5039,842,577,477,4143,1838,3284,3174,1527,951,3980
2006,9,"568","568 - Barrie",2412,1922,202,288,1922,323,167,251,1632,529,1211,1201,595,333,1484
2006,9,"580","580 - Greater Sudbury",4774,3701,432,641,3701,688,385,366,3390,1018,2468,2306,1009,699,3066
2006,9,"595","595 - Thunder Bay",3752,3005,359,388,3005,479,268,270,2685,797,1925,1827,828,494,2430
2006,12,"505","505 - Ottawa--Gatineau",16848,13465,1426,1957,13465,1994,1389,1245,11044,4559,8861,7987,4206,2230,10412
2006,12,"521","521 - Kingston",4441,3410,403,628,3410,614,417,365,3130,946,2317,2124,1040,503,2898
2006,12,"529","529 - Peterborough",2812,2220,217,375,2220,370,222,252,1907,653,1462,1350,634,380,1798
2006,12,"532","532 - Oshawa",4928,3976,447,505,3976,607,345,506,3342,1080,2448,2480,1308,723,2897
2006,12,"535","535 - Toronto",69655,55957,5032,8666,55957,8523,5175,4908,42077,22670,36215,33440,20564,11089,38002
2006,12,"537","537 - Hamilton",15019,11605,1351,2063,11605,2022,1392,1065,10068,3886,7890,7129,3425,2121,9473
2006,12,"539","539 - St. Catharines--Niagara",9451,7241,835,1375,7241,1364,846,715,6375,2361,4912,4539,2201,1177,6073
2006,12,"541","541 - Kitchener--Cambridge--Waterloo",6754,5384,488,882,5384,862,508,716,4349,1689,3465,3289,1836,1027,3891
2006,12,"543","543 - Brantford",3659,2699,411,549,2699,572,388,321,2430,908,1859,1800,862,487,2310
2006,12,"550","550 - Guelph",1940,1563,157,220,1563,230,147,183,1292,465,954,986,492,278,1170
2006,12,"555","555 - London",9835,7637,818,1380,7637,1357,841,763,6662,2410,5046,4789,2480,1401,5954
2006,12,"559","559 - Windsor",6586,5120,523,943,5120,876,590,471,4246,1869,3338,3248,1582,989,4015
2006,12,"568","568 - Barrie",2493,1994,207,292,1994,321,178,264,1680,549,1261,1232,636,347,1510
2006,12,"580","580 - Greater Sudbury",4861,3764,444,653,3764,692,405,374,3448,1039,2513,2348,1054,682,3125
2006,12,"595","595 - Thunder Bay",3822,3045,382,395,3045,503,274,287,2733,802,1964,1858,874,511,2437
2007,3,"505","505 - Ottawa--Gatineau",17156,13714,1456,1986,13714,2025,1417,1275,11247,4634,9031,8125,4357,2358,10441
2007,3,"521","521 - Kingston",4520,3463,412,645,3463,634,423,361,3185,974,2355,2165,1084,523,2913
2007,3,"529","529 - Peterborough",2837,2242,219,376,2242,374,221,257,1908,672,1481,1356,637,403,1797
2007,3,"532","532 - Oshawa",5006,4017,456,533,4017,637,352,517,3386,1103,2468,2538,1364,743,2899
2007,3,"535","535 - Toronto",71327,57144,5303,8880,57144,8763,5420,5033,43176,23118,37059,34268,21716,11444,38167
2007,3,"537","537 - Hamilton",15329,11815,1399,2115,11815,2064,1450,1087,10240,4002,8022,7307,3563,2185,9581
2007,3,"539","539 - St. Catharines--Niagara",9635,7361,849,1425,7361,1382,892,755,6476,2404,5002,4633,2308,1226,6101
2007,3,"541","541 - Kitchener--Cambridge--Waterloo",6921,5489,511,921,5489,908,524,734,4474,1713,3529,3392,1923,1071,3927
2007,3,"543","543 - Brantford",3719,2737,429,553,2737,590,392,337,2467,915,1893,1826,896,492,2331
2007,3,"550","550 - Guelph",1995,1608,167,220,1608,237,150,195,1323,477,980,1015,525,283,1187
2007,3,"555","555 - London",9954,7700,833,1421,7700,1370,884,780,6716,2458,5130,4824,2546,1461,5947
2007,3,"559","559 - Windsor",6674,5200,533,941,5200,866,608,481,4293,1900,3387,3287,1647,1009,4018
2007,3,"568","568 - Barrie",2561,2046,214,301,2046,338,177,271,1730,560,1306,1255,678,363,1520
2007,3,"580","580 - Greater Sudbury",4936,3814,462,660,3814,719,403,381,3487,1068,2546,2390,1093,711,3132
2007,3,"595","595 - Thunder Bay",3918,3117,393,408,3117,514,287,297,2798,823,2020,1898,952,524,2442
2007,6,"505","505 - Ottawa--Gatineau",17367,13858,1513,1996,13858,2047,1462,1262,11409,4696,9140,8227,4430,2422,10515
2007,6,"521","521 - Kingston",4589,3500,424,665,3500,657,432,366,3228,995,2408,2181,1115,557,2917
2007,6,"529","529 - Peterborough",2873,2268,221,384,2268,384,221,268,1918,687,1493,1380,641,421,1811
2007,6,"532","532 - Oshawa",5108,4103,463,542,4103,642,363,541,3415,1152,2521,2587,1376,769,2963
2007,6,"535","535 - Toronto",72874,58283,5527,9064,58283,8971,5620,5124,44193,23557,37905,34969,22413,11776,38685
2007,6,"537","537 - Hamilton",15628,12038,1441,2149,12038,2100,1490,1122,10425,4081,8174,7454,3694,2260,9674
2007,6,"539","539 - St. Catharines--Niagara",9735,7457,854,1424,7457,1386,892,778,6502,2455,5061,4674,2338,1256,6141
2007,6,"541","541 - Kitchener--Cambridge--Waterloo",7016,5564,524,928,5564,915,537,743,4527,1746,3598,3418,1969,1070,3977
2007,6,"543","543 - Brantford",3728,2737,434,557,2737,588,403,321,2480,927,1890,1838,896,498,2334
2007,6,"550","550 - Guelph",2020,1625,166,229,1625,245,150,197,1347,476,999,1021,533,305,1182
2007,6,"555","555 - London",10166,7866,849,1451,7866,1391,909,810,6843,2513,5235,4931,2617,1554,5995
2007,6,"559","559 - Windsor",6785,5267,564,954,5267,898,620,482,4378,1925,3450,3335,1678,1051,4056
2007,6,"568","568 - Barrie",2614,2087,215,312,2087,339,188,273,1773,568,1342,1272,703,382,1529
2007,6,"580","580 - Greater Sudbury",4946,3831,458,657,3831,724,391,376,3493,1077,2566,2380,1074,727,3145
2007,6,"595","595 - Thunder Bay",3997,3167,404,426,3167,538,292,304,2844,849,2061,1936,979,543,2475
2007,9,"505","505 - Ottawa--Gatineau",17565,14024,1519,2022,14024,2077,1464,1279,11498,4788,9248,8317,4467,2522,10576
2007,9,"521","521 - Kingston",4660,3549,434,677,3549,671,440,368,3277,1015,2443,2217,1134,589,2937
2007,9,"529","529 - Peterborough",2920,2301,226,393,2301,389,230,279,1936,705,1508,1412,688,393,1839
2007,9,"532","532 - Oshawa",5216,4189,484,543,4189,660,367,546,3486,1184,2581,2635,1408,788,3020
2007,9,"535","535 - Toronto",73754,58954,5635,9165,58954,9062,5738,5233,44738,23783,38353,35401,22667,11990,39097
2007,9,"537","537 - Hamilton",15847,12166,1465,2216,12166,2135,1546,1135,10575,4137,8310,7537,3836,2245,9766
2007,9,"539","539 - St. Catharines--Niagara",9814,7512,874,1428,7512,1410,892,782,6562,2470,5083,4731,2329,1296,6189
2007,9,"541","541 - Kitchener--Cambridge--Waterloo",7114,5613,547,954,5613,943,558,750,4565,1799,3658,3456,1987,1077,4050
2007,9,"543","543 - Brantford",3789,2797,428,564,2797,581,411,328,2521,940,1924,1865,935,489,2365
2007,9,"550","550 - Guelph",2042,1644,164,234,1644,244,154,195,1363,484,1015,1027,531,316,1195
2007,9,"555","555 - London",10252,7953,853,1446,7953,1393,906,817,6899,2536,5265,4987,2625,1524,6103
2007,9,"559","559 - Windsor",6864,5312,573,979,5312,915,637,499,4407,1958,3486,3378,1715,1038,4111
2007,9,"568","568 - Barrie",2653,2129,217,307,2129,334,190,271,1798,584,1378,1275,719,388,1546
2007,9,"580","580 - Greater Sudbury",5019,3891,450,678,3891,735,393,388,3526,1105,2587,2432,1102,729,3188
2007,9,"595","595 - Thunder Bay",4051,3198,418,435,3198,555,298,318,2870,863,2087,1964,989,547,2515
2007,12,"505","505 - Ottawa--Gatineau",17681,14137,1508,2036,14137,2079,1465,1307,11527,4847,9320,8361,4424,2556,10701
2007,12,"521","521 - Kingston",4699,3578,438,683,3578,669,452,367,3313,1019,2468,2231,1143,601,2955
2007,12,"529","529 - Peterborough",2968,2340,235,393,2340,398,230,288,1963,717,1522,1446,723,386,1859
2007,12,"532","532 - Oshawa",5325,4286,480,559,4286,654,385,557,3548,1220,2624,2701,1428,810,3087
2007,12,"535","535 - Toronto",74765,59771,5762,9232,59771,9136,5858,5331,45260,24174,38863,35902,22854,12097,39814
2007,12,"537","537 - Hamilton",16012,12288,1488,2236,12288,2144,1580,1156,10627,4229,8378,7634,3873,2234,9905
2007,12,"539","539 - St. Catharines--Niagara",9917,7594,892,1431,7594,1425,898,778,6643,2496,5153,4764,2327,1354,6236
2007,12,"541","541 - Kitchener--Cambridge--Waterloo",7243,5702,567,974,5702,970,571,757,4638,1848,3729,3514,2031,1118,4094
2007,12,"543","543 - Brantford",3828,2816,429,583,2816,585,427,327,2543,958,1946,1882,943,503,2382
2007,12,"550","550 - Guelph",2045,1646,166,233,1646,247,152,195,1363,487,1009,1036,535,307,1203
2007,12,"555","555 - London",10395,8070,872,1453,8070,1416,909,843,6979,2573,5331,5064,2645,1541,6209
2007,12,"559","559 - Windsor",6928,5365,573,990,5365,916,647,515,4430,1983,3534,3394,1723,1029,4176
2007,12,"568","568 - Barrie",2668,2131,223,314,2131,337,200,265,1820,583,1388,1280,721,384,1563
2007,12,"580","580 - Greater Sudbury",5024,3910,452,662,3910,719,395,383,3527,1114,2602,2422,1090,723,3211
2007,12,"595","595 - Thunder Bay",4118,3246,422,450,3246,560,312,317,2912,889,2110,2008,1024,548,2546
2008,3,"505","505 - Ottawa--Gatineau",17735,14207,1526,2002,14207,2055,1473,1311,11583,4841,9344,8391,4341,2629,10765
2008,3,"521","521 - Kingston",4742,3623,443,676,3623,668,451,378,3330,1034,2478,2264,1175,593,2974
2008,3,"529","529 - Peterborough",3036,2397,250,389,2397,412,227,308,1988,740,1566,1470,753,410,1873
2008,3,"532","532 - Oshawa",5423,4351,493,579,4351,671,401,578,3585,1260,2680,2743,1491,797,3135
2008,3,"535","535 - Toronto",75757,60491,5894,9372,60491,9231,6035,5454,45875,24428,39368,36389,23210,12303,40244
2008,3,"537","537 - Hamilton",16188,12415,1523,2250,12415,2172,1601,1161,10711,4316,8477,7711,3914,2265,10009
2008,3,"539","539 - St. Catharines--Niagara",10114,7725,919,1470,7725,1480,909,802,6770,2542,5262,4852,2430,1397,6287
2008,3,"541","541 - Kitchener--Cambridge--Waterloo",7369,5808,580,981,5808,982,579,774,4712,1883,3798,3571,2054,1129,4186
2008,3,"543","543 - Brantford",3849,2824,443,582,2824,595,430,328,2557,964,1964,1885,937,511,2401
2008,3,"550","550 - Guelph",2080,1684,174,222,1684,240,156,198,1391,491,1024,1056,562,302,1216
2008,3,"555","555 - London",10459,8118,888,1453,8118,1430,911,854,6991,2614,5358,5101,2648,1530,6281
2008,3,"559","559 - Windsor",7023,5437,586,1000,5437,938,648,532,4477,2014,3599,3424,1755,1041,4227
2008,3,"568","568 - Barrie",2732,2183,232,317,2183,350,199,281,1842,609,1436,1296,735,389,1608
2008,3,"580","580 - Greater Sudbury",5068,3957,450,661,3957,719,392,391,3538,1139,2607,2461,1088,739,3241
2008,3,"595","595 - Thunder Bay",4149,3269,420,460,3269,573,307,327,2925,897,2125,2024,1050,544,2555
2008,6,"505","505 - Ottawa--Gatineau",18012,14400,1562,2050,14400,2101,1511,1333,11732,4947,9483,8529,4452,2626,10934
2008,6,"521","521 - Kingston",4792,3653,463,676,3653,688,451,391,3340,1061,2505,2287,1174,610,3008
2008,6,"529","529 - Peterborough",3103,2454,245,404,2454,411,238,314,2023,766,1605,1498,780,421,1902
2008,6,"532","532 - Oshawa",5510,4416,519,575,4416,691,403,591,3653,1266,2717,2793,1517,801,3192
2008,6,"535","535 - Toronto",76907,61318,6061,9528,61318,9379,6210,5501,46620,24786,39966,36941,23525,12444,40938
2008,6,"537","537 - Hamilton",16392,12585,1546,2261,12585,2176,1631,1176,10810,4406,8580,7812,3954,2305,10133
2008,6,"539","539 - St. Catharines--Niagara",10300,7871,934,1495,7871,1503,926,837,6885,2578,5345,4955,2549,1388,6363
2008,6,"541","541 - Kitchener--Cambridge--Waterloo",7471,5879,599,993,5879,987,605,770,4794,1907,3824,3647,2096,1134,4241
2008,6,"543","543 - Brantford",3875,2860,452,563,2860,577,438,328,2594,953,1967,1908,954,509,2412
2008,6,"550","550 - Guelph",2113,1711,177,225,1711,243,159,217,1400,496,1062,1051,576,295,1242
2008,6,"555","555 - London",10570,8213,903,1454,8213,1436,921,868,7034,2668,5419,5151,2656,1526,6388
2008,6,"559","559 - Windsor",7128,5517,601,1010,5517,944,667,534,4562,2032,3663,3465,1789,1041,4298
2008,6,"568","568 - Barrie",2794,2219,252,323,2219,371,204,285,1898,611,1468,1326,761,394,1639
2008,6,"580","580 - Greater Sudbury",5032,3936,454,642,3936,720,376,386,3501,1145,2600,2432,1059,707,3266
2008,6,"595","595 - Thunder Bay",4183,3294,428,461,3294,572,317,323,2964,896,2152,2031,1084,541,2558
2008,9,"505","505 - Ottawa--Gatineau",18232,14591,1579,2062,14591,2128,1513,1378,11838,5016,9563,8669,4438,2725,11069
2008,9,"521","521 - Kingston",4866,3706,454,706,3706,695,465,411,3377,1078,2554,2312,1195,617,3054
2008,9,"529","529 - Peterborough",3140,2489,253,398,2489,411,240,310,2050,780,1620,1520,776,441,1923
2008,9,"532","532 - Oshawa",5639,4508,549,582,4508,714,417,628,3698,1313,2792,2847,1553,843,3243
2008,9,"535","535 - Toronto",77947,62165,6198,9584,62165,9479,6303,5585,47107,25255,40513,37434,23537,12790,41620
2008,9,"537","537 - Hamilton",16603,12712,1576,2315,12712,2236,1655,1165,10953,4485,8676,7927,3977,2335,10291
2008,9,"539","539 - St. Catharines--Niagara",10372,7935,927,1510,7935,1492,945,854,6910,2608,5403,4969,2569,1405,6398
2008,9,"541","541 - Kitchener--Cambridge--Waterloo",7641,6003,611,1027,6003,1024,614,796,4888,1957,3935,3706,2187,1126,4328
2008,9,"543","543 - Brantford",3922,2879,469,574,2879,602,441,342,2613,967,1987,1935,970,527,2425
2008,9,"550","550 - Guelph",2156,1727,198,231,1727,261,168,219,1423,514,1083,1073,580,299,1277
2008,9,"555","555 - London",10710,8341,905,1464,8341,1442,927,893,7125,2692,5466,5244,2688,1556,6466
2008,9,"559","559 - Windsor",7192,5591,599,1002,5591,949,652,527,4602,2063,3703,3489,1759,1053,4380
2008,9,"568","568 - Barrie",2889,2275,277,337,2275,392,222,296,1967,626,1508,1381,834,411,1644
2008,9,"580","580 - Greater Sudbury",5018,3944,441,633,3944,720,354,401,3468,1149,2583,2435,1025,715,3278
2008,9,"595","595 - Thunder Bay",4282,3369,444,469,3369,589,324,330,3020,932,2212,2070,1141,547,2594
2008,12,"505","505 - Ottawa--Gatineau",18466,14763,1618,2085,14763,2160,1543,1425,11938,5103,9698,8768,4396,2928,11142
2008,12,"521","521 - Kingston",4903,3726,469,708,3726,715,462,407,3414,1082,2573,2330,1166,667,3070
2008,12,"529","529 - Peterborough",3204,2541,250,413,2541,420,243,320,2067,817,1660,1544,805,437,1962
2008,12,"532","532 - Oshawa",5715,4576,552,587,4576,729,410,632,3764,1319,2816,2899,1534,892,3289
2008,12,"535","535 - Toronto",79144,63053,6311,9780,63053,9621,6470,5680,47731,25733,41157,37987,23722,13253,42169
2008,12,"537","537 - Hamilton",16781,12844,1572,2365,12844,2270,1667,1204,11045,4532,8785,7996,3922,2438,10421
2008,12,"539","539 - St. Catharines--Niagara",10553,8069,945,1539,8069,1514,970,878,7030,2645,5472,5081,2626,1474,6453
2008,12,"541","541 - Kitchener--Cambridge--Waterloo",7770,6118,617,1035,6118,1033,619,817,4955,1998,4010,3760,2236,1138,4396
2008,12,"543","543 - Brantford",3985,2936,474,575,2936,610,439,352,2655,978,2014,1971,962,571,2452
2008,12,"550","550 - Guelph",2182,1738,208,236,1738,276,168,220,1443,519,1092,1090,593,308,1281
2008,12,"555","555 - London",10837,8445,919,1473,8445,1438,954,915,7193,2729,5541,5296,2731,1604,6502
2008,12,"559","559 - Windsor",7322,5675,632,1015,5675,958,689,540,4667,2115,3764,3558,1829,1061,4432
2008,12,"568","568 - Barrie",2906,2287,286,333,2287,400,219,281,1974,651,1511,1395,820,431,1655
2008,12,"580","580 - Greater Sudbury",5006,3921,440,645,3921,708,377,397,3430,1179,2565,2441,986,721,3299
2008,12,"595","595 - Thunder Bay",4294,3376,450,468,3376,583,335,326,3023,945,2203,2091,1110,565,2619
2009,3,"505","505 - Ottawa--Gatineau",18733,14985,1640,2108,14985,2176,1572,1468,12026,5239,9861,8872,4482,2945,11306
2009,3,"521","521 - Kingston",4992,3798,479,715,3798,720,474,412,3473,1107,2615,2377,1189,697,3106
2009,3,"529","529 - Peterborough",3234,2565,254,415,2565,421,248,319,2090,825,1684,1550,825,427,1982
2009,3,"532","532 - Oshawa",5797,4644,553,600,4644,734,419,635,3832,1330,2876,2921,1567,884,3346
2009,3,"535","535 - Toronto",80469,64000,6489,9980,64000,9825,6644,5832,48403,26234,41856,38613,24064,13615,42790
2009,3,"537","537 - Hamilton",16947,12942,1597,2408,12942,2299,1706,1238,11126,4583,8877,8070,3908,2486,10553
2009,3,"539","539 - St. Catharines--Niagara",10634,8121,943,1570,8121,1530,983,889,7040,2705,5539,5095,2633,1478,6523
2009,3,"541","541 - Kitchener--Cambridge--Waterloo",7891,6195,628,1068,6195,1059,637,832,5015,2044,4057,3834,2259,1179,4453
2009,3,"543","543 - Brantford",4031,2968,475,588,2968,621,442,363,2668,1000,2049,1982,966,581,2484
2009,3,"550","550 - Guelph",2226,1771,212,243,1771,286,169,214,1478,534,1104,1122,593,314,1319
2009,3,"555","555 - London",11018,8589,943,1486,8589,1463,966,952,7305,2761,5623,5395,2833,1574,6611
2009,3,"559","559 - Windsor",7422,5748,645,1029,5748,987,687,562,4718,2142,3823,3599,1881,1060,4481
2009,3,"568","568 - Barrie",2971,2340,290,341,2340,406,225,298,2006,667,1553,1418,842,445,1684
2009,3,"580","580 - Greater Sudbury",5060,3969,449,642,3969,716,375,395,3464,1201,2599,2461,997,724,3339
2009,3,"595","595 - Thunder Bay",4327,3424,436,467,3424,561,342,340,3039,948,2218,2109,1121,579,2627
2009,6,"505","505 - Ottawa--Gatineau",18838,15088,1644,2106,15088,2166,1584,1489,12065,5284,9939,8899,4447,2936,11455
2009,6,"521","521 - Kingston",5058,3840,489,729,3840,721,497,423,3504,1131,2645,2413,1211,715,3132
2009,6,"529","529 - Peterborough",3282,2597,258,427,2597,438,247,324,2115,843,1704,1578,847,419,2016
2009,6,"532","532 - Oshawa",5901,4724,560,617,4724,743,434,636,3927,1338,2921,2980,1583,903,3415
2009,6,"535","535 - Toronto",82027,65169,6686,10172,65169,10001,6857,5995,49320,26712,42705,39322,24600,13860,43567
2009,6,"537","537 - Hamilton",17209,13132,1638,2439,13132,2331,1746,1233,11289,4687,9003,8206,3967,2519,10723
2009,6,"539","539 - St. Catharines--Niagara",10824,8273,970,1581,8273,1568,983,924,7149,2751,5666,5158,2717,1523,6584
2009,6,"541","541 - Kitchener--Cambridge--Waterloo",8042,6315,659,1068,6315,1076,651,867,5077,2098,4157,3885,2290,1231,4521
2009,6,"543","543 - Brantford",4062,2999,471,592,2999,621,442,370,2665,1027,2067,1995,968,602,2492
2009,6,"550","550 - Guelph",2260,1795,212,253,1795,283,182,215,1495,550,1132,1128,597,335,1328
2009,6,"555","555 - London",11199,8693,975,1531,8693,1524,982,973,7379,2847,5732,5467,2878,1566,6755
2009,6,"559","559 - Windsor",7495,5763,662,1070,5763,1026,706,573,4756,2166,3850,3645,1887,1048,4560
2009,6,"568","568 - Barrie",2991,2354,296,341,2354,413,224,311,2026,654,1561,1430,853,437,1701
2009,6,"580","580 - Greater Sudbury",5094,3974,458,662,3974,732,388,392,3484,1218,2614,2480,979,718,3397
2009,6,"595","595 - Thunder Bay",4373,3455,445,473,3455,564,354,350,3058,965,2244,2129,1120,590,2663
2009,9,"505","505 - Ottawa--Gatineau",18946,15165,1666,2115,15165,2180,1601,1512,12143,5291,10001,8945,4399,2981,11566
2009,9,"521","521 - Kingston",5140,3908,487,745,3908,736,496,436,3528,1176,2690,2450,1250,730,3160
2009,9,"529","529 - Peterborough",3348,2655,263,430,2655,444,249,334,2145,869,1749,1599,860,452,2036
2009,9,"532","532 - Oshawa",6047,4851,555,641,4851,741,455,645,4027,1375,3021,3026,1625,934,3488
2009,9,"535","535 - Toronto",83316,66141,6876,10299,66141,10146,7029,6117,50078,27121,43437,39879,24972,14107,44237
2009,9,"537","537 - Hamilton",17423,13262,1665,2496,13262,2375,1786,1272,11401,4750,9130,8293,4083,2541,10799
2009,9,"539","539 - St. Catharines--Niagara",11050,8462,1004,1584,8462,1590,998,959,7262,2829,5784,5266,2822,1529,6699
2009,9,"541","541 - Kitchener--Cambridge--Waterloo",8198,6422,663,1113,6422,1113,663,895,5167,2136,4244,3954,2366,1249,4583
2009,9,"543","543 - Brantford",4175,3076,488,611,3076,635,464,369,2765,1041,2131,2044,1029,609,2537
2009,9,"550","550 - Guelph",2297,1817,219,261,1817,295,185,228,1513,556,1135,1162,609,339,1349
2009,9,"555","555 - London",11304,8794,969,1541,8794,1518,992,990,7416,2898,5798,5506,2876,1599,6829
2009,9,"559","559 - Windsor",7539,5801,664,1074,5801,1027,711,571,4782,2186,3882,3657,1847,1086,4606
2009,9,"568","568 - Barrie",3064,2414,296,354,2414,414,236,320,2082,662,1585,1479,901,441,1722
2009,9,"580","580 - Greater Sudbury",5139,4021,455,663,4021,722,396,407,3498,1234,2633,2506,1010,710,3419
2009,9,"595","595 - Thunder Bay",4406,3483,444,479,3483,565,358,338,3110,958,2260,2146,1117,616,2673
2009,12,"505","505 - Ottawa--Gatineau",19094,15316,1667,2111,15316,2175,1603,1533,12188,5373,10085,9009,4398,2963,11733
2009,12,"521","521 - Kingston",5170,3936,487,747,3936,730,504,444,3539,1187,2710,2460,1254,711,3205
2009,12,"529","529 - Peterborough",3427,2714,262,451,2714,460,253,356,2192,879,1775,1652,905,455,2067
2009,12,"532","532 - Oshawa",6150,4912,567,671,4912,781,457,654,4099,1397,3094,3056,1638,940,3572
2009,12,"535","535 - Toronto",84688,67105,7049,10534,67105,10339,7244,6249,50804,27635,44089,40599,25373,14443,44872
2009,12,"537","537 - Hamilton",17748,13475,1685,2588,13475,2439,1834,1324,11566,4858,9309,8439,4249,2585,10914
2009,12,"539","539 - St. Catharines--Niagara",11266,8603,1021,1642,8603,1625,1038,973,7386,2907,5906,5360,2911,1518,6837
2009,12,"541","541 - Kitchener--Cambridge--Waterloo",8412,6566,702,1144,6566,1156,690,906,5297,2209,4368,4044,2476,1249,4687
2009,12,"543","543 - Brantford",4310,3151,514,645,3151,672,487,387,2848,1075,2202,2108,1086,624,2600
2009,12,"550","550 - Guelph",2347,1861,214,272,1861,303,183,232,1547,568,1172,1175,626,351,1370
2009,12,"555","555 - London",11468,8903,968,1597,8903,1536,1029,1016,7510,2942,5880,5588,2886,1655,6927
2009,12,"559","559 - Windsor",7681,5907,679,1095,5907,1050,724,586,4884,2211,3967,3714,1858,1152,4671
2009,12,"568","568 - Barrie",3172,2499,304,369,2499,428,245,349,2120,703,1643,1529,946,462,1764
2009,12,"580","580 - Greater Sudbury",5182,4057,462,663,4057,725,400,416,3494,1272,2662,2520,1010,717,3455
2009,12,"595","595 - Thunder Bay",4453,3505,454,494,3505,581,367,338,3142,973,2289,2164,1126,635,2692
2010,3,"505","505 - Ottawa--Gatineau",19282,15497,1670,2115,15497,2180,1605,1574,12316,5392,10199,9083,4444,2960,11878
2010,3,"521","521 - Kingston",5265,4009,497,759,4009,747,509,456,3598,1211,2746,2519,1285,744,3236
2010,3,"529","529 - Peterborough",3476,2754,266,456,2754,463,259,361,2220,895,1822,1654,903,484,2089
2010,3,"532","532 - Oshawa",6286,5048,571,667,5048,781,457,668,4202,1416,3196,3090,1687,993,3606
2010,3,"535","535 - Toronto",86294,68317,7239,10738,68317,10530,7447,6436,51747,28111,45068,41226,26115,14652,45527
2010,3,"537","537 - Hamilton",17982,13657,1701,2624,13657,2465,1860,1346,11728,4908,9464,8518,4327,2599,11056
2010,3,"539","539 - St. Catharines--Niagara",11448,8736,1040,1672,8736,1652,1060,1006,7474,2968,6030,5418,3001,1530,6917
2010,3,"541","541 - Kitchener--Cambridge--Waterloo",8621,6747,711,1163,6747,1155,719,942,5427,2252,4484,4137,2571,1288,4762
2010,3,"543","543 - Brantford",4362,3186,505,671,3186,682,494,397,2874,1091,2239,2123,1100,645,2617
2010,3,"550","550 - Guelph",2392,1891,231,270,1891,311,190,247,1576,569,1203,1189,660,356,1376
2010,3,"555","555 - London",11630,9032,985,1613,9032,1553,1045,1062,7608,2960,5986,5644,2920,1720,6990
2010,3,"559","559 - Windsor",7879,6033,728,1118,6033,1087,759,615,4994,2270,4078,3801,1998,1161,4720
2010,3,"568","568 - Barrie",3225,2534,310,381,2534,439,252,353,2157,715,1665,1560,947,479,1799
2010,3,"580","580 - Greater Sudbury",5251,4113,470,668,4113,728,410,410,3539,1302,2703,2548,1030,707,3514
2010,3,"595","595 - Thunder Bay",4494,3519,459,516,3519,617,358,334,3170,990,2310,2184,1123,682,2689
2010,6,"505","505 - Ottawa--Gatineau",19360,15552,1695,2113,15552,2168,1640,1551,12361,5448,10239,9121,4364,3018,11978
2010,6,"521","521 - Kingston",5342,4077,499,766,4077,755,510,461,3664,1217,2776,2566,1310,752,3280
2010,6,"529","529 - Peterborough",3524,2780,274,470,2780,481,263,372,2243,909,1827,1697,906,501,2117
2010,6,"532","532 - Oshawa",6432,5133,607,692,5133,827,472,691,4291,1450,3261,3171,1681,1051,3700
2010,6,"535","535 - Toronto",87998,69589,7437,10972,69589,10733,7676,6599,52651,28748,46046,41952,26670,14982,46346
2010,6,"537","537 - Hamilton",18162,13783,1734,2645,13783,2499,1880,1386,11790,4986,9570,8592,4338,2659,11165
2010,6,"539","539 - St. Catharines--Niagara",11606,8850,1071,1685,8850,1703,1053,1023,7568,3015,6113,5493,3026,1599,6981
2010,6,"541","541 - Kitchener--Cambridge--Waterloo",8751,6871,724,1156,6871,1154,726,945,5521,2285,4568,4183,2580,1331,4840
2010,6,"543","543 - Brantford",4400,3204,511,685,3204,699,497,387,2883,1130,2267,2133,1088,653,2659
2010,6,"550","550 - Guelph",2445,1927,229,289,1927,315,203,253,1596,596,1223,1222,659,388,1398
2010,6,"555","555 - London",11763,9148,1009,1606,9148,1565,1050,1084,7696,2983,6041,5722,2905,1771,7087
2010,6,"559","559 - Windsor",8108,6217,761,1130,6217,1123,768,649,5130,2329,4211,3897,2107,1196,4805
2010,6,"568","568 - Barrie",3287,2590,315,382,2590,442,255,368,2167,752,1691,1596,978,494,1815
2010,6,"580","580 - Greater Sudbury",5280,4156,477,647,4156,726,398,416,3542,1322,2699,2581,1011,715,3554
2010,6,"595","595 - Thunder Bay",4538,3550,466,522,3550,627,361,339,3184,1015,2335,2203,1126,713,2699
2010,9,"505","505 - Ottawa--Gatineau",19779,15901,1760,2118,15901,2201,1677,1613,12594,5572,10445,9334,4581,3017,12181
2010,9,"521","521 - Kingston",5426,4136,512,778,4136,760,530,464,3709,1253,2821,2605,1337,765,3324
2010,9,"529","529 - Peterborough",3586,2821,283,482,2821,499,266,376,2290,920,1854,1732,905,520,2161
2010,9,"532","532 - Oshawa",6565,5240,632,693,5240,837,488,724,4359,1482,3331,3234,1751,1030,3784
2010,9,"535","535 - Toronto",89134,70459,7574,11101,70459,10884,7791,6769,53231,29134,46701,42433,26929,14926,47279
2010,9,"537","537 - Hamilton",18291,13921,1727,2643,13921,2463,1907,1409,11799,5083,9661,8630,4303,2660,11328
2010,9,"539","539 - St. Catharines--Niagara",11795,8992,1089,1714,8992,1752,1051,1056,7676,3063,6171,5624,3060,1647,7088
2010,9,"541","541 - Kitchener--Cambridge--Waterloo",8903,6977,742,1184,6977,1178,748,960,5620,2323,4627,4276,2606,1366,4931
2010,9,"543","543 - Brantford",4421,3208,515,698,3208,714,499,397,2879,1145,2283,2138,1086,643,2692
2010,9,"550","550 - Guelph",2468,1957,227,284,1957,308,203,273,1587,608,1226,1242,650,399,1419
2010,9,"555","555 - London",11981,9316,1016,1649,9316,1608,1057,1093,7848,3040,6164,5817,2997,1789,7195
2010,9,"559","559 - Windsor",8179,6283,765,1131,6283,1124,772,660,5142,2377,4251,3928,2132,1171,4876
2010,9,"568","568 - Barrie",3326,2617,322,387,2617,442,267,369,2200,757,1696,1630,970,524,1832
2010,9,"580","580 - Greater Sudbury",5326,4191,480,655,4191,731,404,425,3548,1353,2720,2606,1035,685,3606
2010,9,"595","595 - Thunder Bay",4565,3561,463,541,3561,628,376,342,3206,1017,2346,2219,1110,722,2733
2010,12,"505","505 - Ottawa--Gatineau",19991,16070,1775,2146,16070,2232,1689,1629,12683,5679,10538,9453,4588,2966,12437
2010,12,"521","521 - Kingston",5503,4193,536,774,4193,780,530,486,3740,1277,2859,2644,1347,768,3388
2010,12,"529","529 - Peterborough",3632,2858,279,495,2858,496,278,374,2326,932,1875,1757,903,545,2184
2010,12,"532","532 - Oshawa",6695,5331,657,707,5331,863,501,732,4428,1535,3385,3310,1756,1040,3899
2010,12,"535","535 - Toronto",90157,71234,7688,11235,71234,10999,7924,6828,53805,29524,47286,42871,26968,15005,48184
2010,12,"537","537 - Hamilton",18406,13987,1735,2684,13987,2507,1912,1418,11829,5159,9732,8674,4264,2611,11531
2010,12,"539","539 - St. Catharines--Niagara",11966,9128,1103,1735,9128,1795,1043,1083,7737,3146,6263,5703,3075,1681,7210
2010,12,"541","541 - Kitchener--Cambridge--Waterloo",9011,7072,747,1192,7072,1182,757,983,5667,2361,4686,4325,2629,1379,5003
2010,12,"543","543 - Brantford",4478,3253,520,705,3253,725,500,403,2921,1154,2301,2177,1098,629,2751
2010,12,"550","550 - Guelph",2503,1984,230,289,1984,314,205,280,1603,620,1237,1266,658,403,1442
2010,12,"555","555 - London",12074,9391,1038,1645,9391,1630,1053,1087,7898,3089,6200,5874,2998,1794,7282
2010,12,"559","559 - Windsor",8343,6409,781,1153,6409,1139,795,683,5228,2432,4340,4003,2208,1211,4924
2010,12,"568","568 - Barrie",3355,2650,323,382,2650,444,261,363,2229,763,1720,1635,958,520,1877
2010,12,"580","580 - Greater Sudbury",5387,4212,508,667,4212,762,413,433,3571,1383,2741,2646,1061,666,3660
2010,12,"595","595 - Thunder Bay",4592,3596,462,534,3596,615,381,351,3222,1019,2367,2225,1100,717,2775
2011,3,"505","505 - Ottawa--Gatineau",20123,16192,1791,2140,16192,2231,1700,1645,12755,5723,10627,9496,4562,2955,12606
2011,3,"521","521 - Kingston",5556,4241,538,777,4241,784,531,496,3757,1303,2870,2686,1331,769,3456
2011,3,"529","529 - Peterborough",3651,2874,277,500,2874,493,284,377,2317,957,1886,1765,898,552,2201
2011,3,"532","532 - Oshawa",6828,5452,657,719,5452,859,517,763,4503,1562,3448,3380,1832,1059,3937
2011,3,"535","535 - Toronto",91267,72093,7818,11356,72093,11103,8071,6941,54338,29988,47890,43377,27036,15140,49091
2011,3,"537","537 - Hamilton",18527,14095,1739,2693,14095,2517,1915,1421,11844,5262,9778,8749,4242,2573,11712
2011,3,"539","539 - St. Catharines--Niagara",12097,9208,1111,1778,9208,1814,1075,1105,7773,3219,6338,5759,3056,1750,7291
2011,3,"541","541 - Kitchener--Cambridge--Waterloo",9149,7182,761,1206,7182,1200,767,1017,5727,2405,4755,4394,2644,1377,5128
2011,3,"543","543 - Brantford",4540,3305,524,711,3305,738,497,412,2951,1177,2336,2204,1119,619,2802
2011,3,"550","550 - Guelph",2550,2026,234,290,2026,313,211,301,1619,630,1253,1297,675,403,1472
2011,3,"555","555 - London",12197,9473,1054,1670,9473,1655,1069,1089,7950,3158,6273,5924,3008,1848,7341
2011,3,"559","559 - Windsor",8480,6506,800,1174,6506,1155,819,727,5312,2441,4427,4053,2284,1235,4961
2011,3,"568","568 - Barrie",3381,2653,335,393,2653,459,269,356,2249,776,1723,1658,939,545,1897
2011,3,"580","580 - Greater Sudbury",5399,4216,513,670,4216,772,411,427,3590,1382,2752,2647,1066,647,3686
2011,3,"595","595 - Thunder Bay",4651,3632,475,544,3632,630,389,365,3228,1058,2397,2254,1119,732,2800
2011,6,"505","505 - Ottawa--Gatineau",20420,16448,1813,2159,16448,2234,1738,1689,12883,5848,10781,9639,4716,2943,12761
2011,6,"521","521 - Kingston",5621,4308,535,778,4308,773,540,497,3793,1331,2872,2749,1301,800,3520
2011,6,"529","529 - Peterborough",3743,2945,282,516,2945,519,279,403,2370,970,1961,1782,925,579,2239
2011,6,"532","532 - Oshawa",6918,5517,668,733,5517,857,544,788,4564,1566,3506,3412,1850,1085,3983
2011,6,"535","535 - Toronto",92635,73160,7975,11500,73160,11205,8270,7066,55023,30546,48643,43992,27198,15357,50080
2011,6,"537","537 - Hamilton",18669,14205,1781,2683,14205,2534,1930,1444,11868,5357,9881,8788,4186,2595,11888
2011,6,"539","539 - St. Catharines--Niagara",12274,9348,1133,1793,9348,1823,1103,1118,7864,3292,6429,5845,3089,1795,7390
2011,6,"541","541 - Kitchener--Cambridge--Waterloo",9253,7263,769,1221,7263,1217,773,1027,5779,2447,4815,4438,2649,1395,5209
2011,6,"543","543 - Brantford",4595,3338,529,728,3338,742,515,413,2981,1201,2366,2229,1100,646,2849
2011,6,"550","550 - Guelph",2589,2055,238,296,2055,324,210,308,1635,646,1277,1312,688,399,1502
2011,6,"555","555 - London",12355,9589,1063,1703,9589,1688,1078,1088,8060,3207,6346,6009,3034,1860,7461
2011,6,"559","559 - Windsor",8597,6579,808,1210,6579,1173,845,727,5388,2482,4503,4094,2308,1262,5027
2011,6,"568","568 - Barrie",3497,2743,344,410,2743,482,272,381,2320,796,1795,1702,991,570,1936
2011,6,"580","580 - Greater Sudbury",5467,4281,513,673,4281,768,418,447,3594,1426,2799,2668,1093,633,3741
2011,6,"595","595 - Thunder Bay",4729,3696,496,537,3696,639,394,369,3283,1077,2432,2297,1147,723,2859
2011,9,"505","505 - Ottawa--Gatineau",20709,16693,1846,2170,16693,2251,1765,1728,13021,5960,10958,9751,4843,2913,12953
2011,9,"521","521 - Kingston",5708,4382,536,790,4382,793,533,498,3844,1366,2933,2775,1356,819,3533
2011,9,"529","529 - Peterborough",3800,2975,291,534,2975,534,291,406,2423,971,1995,1805,949,571,2280
2011,9,"532","532 - Oshawa",7071,5625,687,759,5625,891,555,815,4657,1599,3591,3480,1920,1105,4046
2011,9,"535","535 - Toronto",93992,74214,8120,11658,74214,11349,8429,7221,55732,31039,49399,44593,27657,15506,50829
2011,9,"537","537 - Hamilton",18860,14377,1766,2717,14377,2516,1967,1447,11966,5447,9989,8871,4246,2609,12005
2011,9,"539","539 - St. Catharines--Niagara",12398,9448,1143,1807,9448,1827,1123,1129,7904,3365,6497,5901,3078,1851,7469
2011,9,"541","541 - Kitchener--Cambridge--Waterloo",9450,7421,781,1248,7421,1244,785,1051,5900,2499,4914,4536,2703,1466,5281
2011,9,"543","543 - Brantford",4682,3403,542,737,3403,773,506,420,3029,1233,2401,2281,1105,678,2899
2011,9,"550","550 - Guelph",2608,2076,239,293,2076,329,203,296,1656,656,1289,1319,675,417,1516
2011,9,"555","555 - London",12552,9746,1070,1736,9746,1722,1084,1125,8148,3279,6482,6070,3097,1873,7582
2011,9,"559","559 - Windsor",8737,6678,823,1236,6678,1205,854,744,5460,2533,4591,4146,2346,1286,5105
2011,9,"568","568 - Barrie",3555,2776,359,420,2776,500,279,377,2367,811,1831,1724,1018,561,1976
2011,9,"580","580 - Greater Sudbury",5533,4342,516,675,4342,769,422,480,3606,1447,2842,2691,1121,632,3780
2011,9,"595","595 - Thunder Bay",4761,3741,498,522,3741,634,386,378,3296,1087,2441,2320,1189,696,2876
2011,12,"505","505 - Ottawa--Gatineau",20892,16866,1840,2186,16866,2239,1787,1773,13102,6017,11062,9830,4868,2949,13075
2011,12,"521","521 - Kingston",5746,4418,542,786,4418,792,536,509,3847,1390,2956,2790,1349,833,3564
2011,12,"529","529 - Peterborough",3844,3016,284,544,3016,531,297,409,2444,991,2035,1809,956,583,2305
2011,12,"532","532 - Oshawa",7178,5706,684,788,5706,904,568,853,4715,1610,3663,3515,1968,1120,4090
2011,12,"535","535 - Toronto",95066,75116,8212,11738,75116,11454,8496,7353,56314,31399,49979,45087,27831,15514,51721
2011,12,"537","537 - Hamilton",19120,14574,1812,2734,14574,2540,2006,1504,12086,5530,10130,8990,4384,2616,12120
2011,12,"539","539 - St. Catharines--Niagara",12585,9589,1142,1854,9589,1863,1133,1152,7993,3440,6622,5963,3121,1888,7576
2011,12,"541","541 - Kitchener--Cambridge--Waterloo",9555,7494,800,1261,7494,1249,812,1052,5975,2528,4979,4576,2699,1502,5354
2011,12,"543","543 - Brantford",4664,3396,538,730,3396,764,504,414,3026,1224,2410,2254,1080,683,2901
2011,12,"550","550 - Guelph",2629,2090,235,304,2090,327,212,309,1668,652,1300,1329,689,407,1533
2011,12,"555","555 - London",12738,9910,1073,1755,9910,1754,1074,1151,8214,3373,6602,6136,3168,1830,7740
2011,12,"559","559 - Windsor",8898,6801,842,1255,6801,1221,876,769,5542,2587,4692,4206,2356,1352,5190
2011,12,"568","568 - Barrie",3665,2868,357,440,2868,505,292,406,2413,846,1893,1772,1057,573,2035
2011,12,"580","580 - Greater Sudbury",5563,4383,507,673,4383,768,412,482,3629,1452,2864,2699,1123,648,3792
2011,12,"595","595 - Thunder Bay",4826,3789,497,540,3789,628,409,376,3339,1111,2464,2362,1182,697,2947
2012,3,"505","505 - Ottawa--Gatineau",21097,16996,1881,2220,16996,2286,1815,1837,13209,6051,11181,9916,4928,2964,13205
2012,3,"521","521 - Kingston",5781,4443,557,781,4443,805,533,518,3866,1397,2975,2806,1345,850,3586
2012,3,"529","529 - Peterborough",3895,3028,306,561,3028,562,305,426,2473,996,2064,1831,962,595,2338
2012,3,"532","532 - Oshawa",7324,5833,698,793,5833,908,583,886,4808,1630,3737,3587,2025,1116,4183
2012,3,"535","535 - Toronto",96200,76021,8316,11863,76021,11527,8652,7466,56947,31787,50617,45583,27921,15811,52468
2012,3,"537","537 - Hamilton",19302,14684,1845,2773,14684,2586,2032,1510,12201,5591,10246,9056,4407,2652,12243
2012,3,"539","539 - St. Catharines--Niagara",12749,9722,1164,1863,9722,1901,1126,1187,8083,3479,6680,6069,3150,1953,7646
2012,3,"541","541 - Kitchener--Cambridge--Waterloo",9673,7563,831,1279,7563,1286,824,1067,6067,2539,5013,4660,2706,1536,5431
2012,3,"543","543 - Brantford",4702,3412,546,744,3412,775,515,426,3048,1228,2439,2263,1081,686,2935
2012,3,"550","550 - Guelph",2673,2113,241,319,2113,336,224,324,1700,649,1319,1354,711,418,1544
2012,3,"555","555 - London",12937,10051,1099,1787,10051,1792,1094,1166,8329,3442,6717,6220,3214,1855,7868
2012,3,"559","559 - Windsor",9000,6880,843,1277,6880,1229,891,793,5609,2598,4756,4244,2381,1394,5225
2012,3,"568","568 - Barrie",3710,2883,375,452,2883,503,324,421,2432,857,1923,1787,1081,567,2062
2012,3,"580","580 - Greater Sudbury",5559,4380,508,671,4380,767,412,473,3631,1455,2850,2709,1095,657,3807
2012,3,"595","595 - Thunder Bay",4858,3812,496,550,3812,645,401,386,3364,1108,2485,2373,1178,685,2995
2012,6,"505","505 - Ottawa--Gatineau",21305,17164,1918,2223,17164,2313,1828,1852,13310,6143,11260,10045,4922,2998,13385
2012,6,"521","521 - Kingston",5837,4513,556,768,4513,794,530,520,3887,1430,3025,2812,1310,884,3643
2012,6,"529","529 - Peterborough",3912,3060,303,549,3060,544,308,424,2479,1009,2083,1829,938,613,2361
2012,6,"532","532 - Oshawa",7427,5921,716,790,5921,918,588,884,4873,1670,3797,3630,2018,1101,4308
2012,6,"535","535 - Toronto",97256,76831,8480,11945,76831,11630,8795,7585,57508,32163,51284,45972,27782,16123,53351
2012,6,"537","537 - Hamilton",19523,14911,1840,2772,14911,2563,2049,1548,12291,5684,10380,9143,4420,2713,12390
2012,6,"539","539 - St. Catharines--Niagara",12913,9858,1186,1869,9858,1902,1153,1175,8227,3511,6754,6159,3104,2009,7800
2012,6,"541","541 - Kitchener--Cambridge--Waterloo",9733,7606,836,1291,7606,1293,834,1079,6092,2562,5046,4687,2652,1567,5514
2012,6,"543","543 - Brantford",4751,3458,553,740,3458,775,518,439,3069,1243,2469,2282,1086,689,2976
2012,6,"550","550 - Guelph",2719,2149,247,323,2149,342,228,334,1734,651,1353,1366,718,414,1587
2012,6,"555","555 - London",13059,10144,1106,1809,10144,1789,1126,1199,8373,3487,6775,6284,3196,1849,8014
2012,6,"559","559 - Windsor",9181,6994,874,1313,6994,1263,924,821,5711,2649,4853,4328,2461,1393,5327
2012,6,"568","568 - Barrie",3798,2967,378,453,2967,507,324,447,2483,868,1960,1838,1090,618,2090
2012,6,"580","580 - Greater Sudbury",5602,4416,504,682,4416,769,417,483,3648,1471,2866,2736,1096,669,3837
2012,6,"595","595 - Thunder Bay",4873,3823,494,556,3823,648,402,385,3364,1124,2485,2388,1164,686,3023
2012,9,"505","505 - Ottawa--Gatineau",21536,17367,1924,2245,17367,2329,1840,1894,13432,6210,11404,10132,4949,3058,13529
2012,9,"521","521 - Kingston",5887,4558,558,771,4558,788,541,527,3907,1453,3041,2846,1331,876,3680
2012,9,"529","529 - Peterborough",3957,3097,312,548,3097,550,310,428,2494,1035,2104,1853,950,618,2389
2012,9,"532","532 - Oshawa",7580,6052,731,797,6052,946,582,917,4960,1703,3886,3694,2051,1168,4361
2012,9,"535","535 - Toronto",98704,78012,8617,12075,78012,11834,8858,7665,58255,32784,52062,46642,28366,16234,54104
2012,9,"537","537 - Hamilton",19792,15129,1849,2814,15129,2597,2066,1613,12407,5772,10540,9252,4500,2769,12523
2012,9,"539","539 - St. Catharines--Niagara",13032,9969,1196,1867,9969,1900,1163,1171,8317,3544,6809,6223,3102,2051,7879
2012,9,"541","541 - Kitchener--Cambridge--Waterloo",9813,7686,846,1281,7686,1273,854,1065,6187,2561,5099,4714,2608,1634,5571
2012,9,"543","543 - Brantford",4779,3487,550,742,3487,768,524,440,3084,1255,2459,2320,1074,706,2999
2012,9,"550","550 - Guelph",2769,2186,249,334,2186,359,224,355,1740,674,1383,1386,735,417,1617
2012,9,"555","555 - London",13220,10269,1110,1841,10269,1808,1143,1236,8426,3558,6853,6367,3237,1892,8091
2012,9,"559","559 - Windsor",9336,7103,902,1331,7103,1289,944,827,5802,2707,4945,4391,2529,1407,5400
2012,9,"568","568 - Barrie",3904,3043,391,470,3043,536,325,472,2543,889,2020,1884,1114,646,2144
2012,9,"580","580 - Greater Sudbury",5619,4449,494,676,4449,761,409,493,3643,1483,2891,2728,1091,684,3844
2012,9,"595","595 - Thunder Bay",4898,3822,510,566,3822,667,409,384,3374,1140,2495,2403,1138,700,3060
2012,12,"505","505 - Ottawa--Gatineau",21664,17451,1942,2271,17451,2369,1844,1905,13461,6298,11493,10171,4886,3108,13670
2012,12,"521","521 - Kingston",5953,4612,562,779,4612,790,551,538,3946,1469,3077,2876,1326,908,3719
2012,12,"529","529 - Peterborough",3977,3101,319,557,3101,559,317,427,2507,1043,2126,1851,943,624,2410
2012,12,"532","532 - Oshawa",7706,6161,737,808,6161,949,596,941,5023,1742,3959,3747,2068,1178,4460
2012,12,"535","535 - Toronto",99532,78765,8686,12081,78765,11877,8890,7835,58550,33147,52558,46974,28049,16640,54843
2012,12,"537","537 - Hamilton",19983,15279,1887,2817,15279,2606,2098,1642,12501,5840,10623,9360,4511,2828,12644
2012,12,"539","539 - St. Catharines--Niagara",13199,10083,1218,1898,10083,1944,1172,1190,8396,3613,6891,6308,3153,2046,8000
2012,12,"541","541 - Kitchener--Cambridge--Waterloo",9855,7709,864,1282,7709,1298,848,1060,6214,2581,5120,4735,2501,1706,5648
2012,12,"543","543 - Brantford",4817,3524,548,745,3524,772,521,452,3116,1249,2481,2336,1058,743,3016
2012,12,"550","550 - Guelph",2761,2192,247,322,2192,346,223,358,1735,668,1389,1372,705,430,1626
2012,12,"555","555 - London",13285,10329,1102,1854,10329,1809,1147,1220,8492,3573,6896,6389,3152,1962,8171
2012,12,"559","559 - Windsor",9466,7185,912,1369,7185,1310,971,839,5890,2737,5035,4431,2527,1466,5473
2012,12,"568","568 - Barrie",3941,3093,386,462,3093,523,325,476,2556,909,2040,1901,1120,670,2151
2012,12,"580","580 - Greater Sudbury",5632,4462,502,668,4462,763,407,493,3635,1504,2902,2730,1066,680,3886
2012,12,"595","595 - Thunder Bay",4913,3850,504,559,3850,659,404,387,3380,1146,2515,2398,1132,687,3094
2013,3,"505","505 - Ottawa--Gatineau",21870,17617,1963,2290,17617,2381,1872,1958,13535,6377,11600,10270,4911,3189,13770
2013,3,"521","521 - Kingston",6001,4636,575,790,4636,802,563,544,3973,1484,3112,2889,1306,926,3769
2013,3,"529","529 - Peterborough",4029,3149,321,559,3149,551,329,438,2541,1050,2160,1869,926,649,2454
2013,3,"532","532 - Oshawa",7810,6222,750,838,6222,976,612,964,5063,1783,4015,3795,2059,1239,4512
2013,3,"535","535 - Toronto",100651,79651,8795,12205,79651,11969,9031,8000,59151,33500,53213,47438,28000,16974,55677
2013,3,"537","537 - Hamilton",20135,15384,1908,2843,15384,2631,2120,1648,12570,5917,10696,9439,4480,2889,12766
2013,3,"539","539 - St. Catharines--Niagara",13314,10177,1225,1912,10177,1946,1191,1205,8452,3657,6951,6363,3086,2070,8158
2013,3,"541","541 - Kitchener--Cambridge--Waterloo",9932,7762,865,1305,7762,1316,854,1076,6266,2590,5174,4758,2461,1751,5720
2013,3,"543","543 - Brantford",4867,3560,558,749,3560,784,523,457,3161,1249,2514,2353,1061,762,3044
2013,3,"550","550 - Guelph",2784,2211,245,328,2211,356,217,359,1755,670,1407,1377,697,436,1651
2013,3,"555","555 - London",13427,10456,1098,1873,10456,1819,1152,1236,8544,3647,6986,6441,3120,2002,8305
2013,3,"559","559 - Windsor",9578,7256,912,1410,7256,1326,996,840,5958,2780,5088,4490,2512,1532,5534
2013,3,"568","568 - Barrie",3991,3134,396,461,3134,517,340,499,2577,915,2072,1919,1107,700,2184
2013,3,"580","580 - Greater Sudbury",5675,4505,488,682,4505,752,418,510,3659,1506,2924,2751,1073,699,3903
2013,3,"595","595 - Thunder Bay",4961,3895,498,568,3895,655,411,387,3410,1164,2556,2405,1128,706,3127
2013,6,"505","505 - Ottawa--Gatineau",22059,17820,1950,2289,17820,2328,1911,1981,13620,6458,11740,10319,4872,3280,13907
2013,6,"521","521 - Kingston",6065,4697,584,784,4697,809,559,548,4010,1507,3134,2931,1258,942,3865
2013,6,"529","529 - Peterborough",4047,3157,323,567,3157,558,332,438,2555,1054,2171,1876,919,634,2494
2013,6,"532","532 - Oshawa",7917,6311,763,843,6311,971,635,962,5141,1814,4074,3843,2036,1276,4605
2013,6,"535","535 - Toronto",101783,80534,8941,12308,80534,12081,9168,8225,59653,33905,53898,47885,27888,17420,56475
2013,6,"537","537 - Hamilton",20333,15579,1901,2853,15579,2642,2112,1685,12639,6009,10808,9525,4492,2906,12935
2013,6,"539","539 - St. Catharines--Niagara",13461,10275,1257,1929,10275,1985,1201,1228,8512,3721,7022,6439,3061,2120,8280
2013,6,"541","541 - Kitchener--Cambridge--Waterloo",9970,7788,870,1312,7788,1321,861,1094,6245,2631,5210,4760,2364,1818,5788
2013,6,"543","543 - Brantford",4934,3587,590,757,3587,810,537,453,3210,1271,2541,2393,1094,756,3084
2013,6,"550","550 - Guelph",2798,2224,250,324,2224,353,221,368,1756,674,1415,1383,699,424,1675
2013,6,"555","555 - London",13510,10511,1100,1899,10511,1834,1165,1264,8596,3650,7020,6490,3133,2004,8373
2013,6,"559","559 - Windsor",9650,7282,927,1441,7282,1342,1026,857,5988,2805,5117,4533,2437,1608,5605
2013,6,"568","568 - Barrie",4092,3209,409,474,3209,529,354,513,2619,960,2131,1961,1166,695,2231
2013,6,"580","580 - Greater Sudbury",5658,4490,502,666,4490,752,416,509,3644,1505,2925,2733,1070,722,3866
2013,6,"595","595 - Thunder Bay",4972,3908,487,577,3908,672,392,388,3388,1196,2552,2420,1076,749,3147
2013,9,"505","505 - Ottawa--Gatineau",22292,18027,1949,2316,18027,2316,1949,2024,13708,6560,11877,10415,4953,3308,14031
2013,9,"521","521 - Kingston",6108,4726,584,798,4726,819,563,540,4020,1548,3143,2965,1224,967,3917
2013,9,"529","529 - Peterborough",4130,3220,327,583,3220,556,354,459,2598,1073,2213,1917,953,653,2524
2013,9,"532","532 - Oshawa",8079,6434,778,867,6434,999,646,991,5229,1859,4175,3904,2075,1322,4682
2013,9,"535","535 - Toronto",102586,81223,8951,12412,81223,12190,9173,8335,59998,34253,54442,48144,27424,17861,57301
2013,9,"537","537 - Hamilton",20447,15695,1894,2858,15695,2651,2101,1692,12709,6046,10865,9582,4448,2965,13034
2013,9,"539","539 - St. Catharines--Niagara",13599,10385,1269,1945,10385,2017,1197,1229,8589,3781,7096,6503,3032,2151,8416
2013,9,"541","541 - Kitchener--Cambridge--Waterloo",10156,7953,868,1335,7953,1322,881,1131,6329,2696,5323,4833,2433,1806,5917
2013,9,"543","543 - Brantford",4960,3618,588,754,3618,811,531,469,3190,1301,2559,2401,1078,759,3123
2013,9,"550","550 - Guelph",2832,2271,249,312,2271,344,217,367,1783,682,1435,1397,696,435,1701
2013,9,"555","555 - London",13638,10649,1115,1874,10649,1816,1173,1264,8681,3693,7080,6558,3118,2023,8497
2013,9,"559","559 - Windsor",9760,7366,924,1470,7366,1363,1031,880,6043,2837,5202,4558,2441,1644,5675
2013,9,"568","568 - Barrie",4154,3238,422,494,3238,558,358,532,2640,982,2157,1997,1162,743,2249
2013,9,"580","580 - Greater Sudbury",5749,4560,513,676,4560,771,418,518,3658,1573,2977,2772,1078,750,3921
2013,9,"595","595 - Thunder Bay",5015,3938,494,583,3938,673,404,383,3397,1235,2573,2442,1044,778,3193
2013,12,"505","505 - Ottawa--Gatineau",22446,18171,1930,2345,18171,2338,1937,2044,13757,6645,11976,10470,4943,3314,14189
2013,12,"521","521 - Kingston",6116,4747,588,781,4747,819,550,543,4014,1559,3144,2972,1195,973,3948
2013,12,"529","529 - Peterborough",4170,3251,332,587,3251,564,355,465,2619,1086,2229,1941,956,649,2565
2013,12,"532","532 - Oshawa",8192,6529,775,888,6529,1014,649,995,5309,1888,4245,3947,2080,1354,4758
2013,12,"535","535 - Toronto",103438,81991,8983,12464,81991,12226,9221,8506,60283,34649,54978,48460,27272,18102,58064
2013,12,"537","537 - Hamilton",20588,15793,1935,2860,15793,2685,2110,1689,12746,6153,10938,9650,4392,3040,13156
2013,12,"539","539 - St. Catharines--Niagara",13834,10574,1269,1991,10574,2055,1205,1246,8735,3853,7214,6620,3066,2230,8538
2013,12,"541","541 - Kitchener--Cambridge--Waterloo",10275,8061,867,1347,8061,1329,885,1154,6366,2755,5381,4894,2486,1798,5991
2013,12,"543","543 - Brantford",5074,3730,578,766,3730,812,532,485,3239,1350,2635,2439,1107,778,3189
2013,12,"550","550 - Guelph",2863,2302,243,318,2302,349,212,373,1798,692,1443,1420,673,468,1722
2013,12,"555","555 - London",13766,10739,1122,1905,10739,1865,1162,1271,8746,3749,7147,6619,3105,2059,8602
2013,12,"559","559 - Windsor",9870,7474,923,1473,7474,1371,1025,896,6104,2870,5282,4588,2447,1635,5788
2013,12,"568","568 - Barrie",4208,3295,425,488,3295,551,362,546,2657,1005,2192,2016,1149,763,2296
2013,12,"580","580 - Greater Sudbury",5788,4608,508,672,4608,772,408,520,3675,1593,3022,2766,1065,768,3955
2013,12,"595","595 - Thunder Bay",5047,3969,491,587,3969,664,414,387,3409,1251,2613,2434,1039,775,3233
2014,3,"505","505 - Ottawa--Gatineau",22641,18371,1940,2330,18371,2327,1943,2044,13856,6741,12072,10569,4940,3330,14371
2014,3,"521","521 - Kingston",6160,4789,603,768,4789,817,554,545,4058,1557,3165,2995,1189,959,4012
2014,3,"529","529 - Peterborough",4213,3275,333,605,3275,571,367,466,2644,1103,2251,1962,926,673,2614
2014,3,"532","532 - Oshawa",8315,6647,769,899,6647,1003,665,1024,5361,1930,4331,3984,2090,1378,4847
2014,3,"535","535 - Toronto",104259,82614,9068,12577,82614,12291,9354,8619,60637,35003,55477,48782,27054,18213,58992
2014,3,"537","537 - Hamilton",20781,15934,1957,2890,15934,2708,2139,1697,12806,6278,11054,9727,4422,3059,13300
2014,3,"539","539 - St. Catharines--Niagara",13887,10646,1271,1970,10646,2032,1209,1271,8765,3851,7237,6650,3009,2245,8633
2014,3,"541","541 - Kitchener--Cambridge--Waterloo",10381,8151,882,1348,8151,1332,898,1168,6423,2790,5431,4950,2477,1786,6118
2014,3,"543","543 - Brantford",5094,3751,574,769,3751,811,532,477,3258,1359,2653,2441,1084,783,3227
2014,3,"550","550 - Guelph",2859,2303,244,312,2303,348,208,359,1803,697,1449,1410,653,470,1736
2014,3,"555","555 - London",13887,10848,1112,1927,10848,1877,1162,1291,8792,3804,7222,6665,3102,2053,8732
2014,3,"559","559 - Windsor",9947,7521,933,1493,7521,1391,1035,913,6136,2898,5328,4619,2387,1684,5876
2014,3,"568","568 - Barrie",4253,3352,415,486,3352,542,359,550,2670,1033,2211,2042,1159,753,2341
2014,3,"580","580 - Greater Sudbury",5805,4616,510,679,4616,787,402,532,3659,1614,3041,2764,1053,769,3983
2014,3,"595","595 - Thunder Bay",5040,3973,491,576,3973,654,413,395,3381,1264,2615,2425,1002,790,3248
2014,6,"505","505 - Ottawa--Gatineau",22798,18505,1948,2345,18505,2338,1955,2056,13923,6819,12195,10603,4894,3323,14581
2014,6,"521","521 - Kingston",6232,4850,613,769,4850,829,553,560,4087,1585,3205,3027,1205,947,4080
2014,6,"529","529 - Peterborough",4265,3325,335,605,3325,579,361,477,2672,1116,2274,1991,955,655,2655
2014,6,"532","532 - Oshawa",8424,6753,784,887,6753,1018,653,1041,5402,1981,4379,4045,2040,1430,4954
2014,6,"535","535 - Toronto",105280,83369,9207,12704,83369,12395,9516,8725,61132,35423,56077,49203,27038,18218,60024
2014,6,"537","537 - Hamilton",20844,16023,1968,2853,16023,2678,2143,1739,12770,6335,11117,9727,4353,3065,13426
2014,6,"539","539 - St. Catharines--Niagara",14016,10745,1295,1976,10745,2046,1225,1282,8797,3937,7283,6733,3019,2219,8778
2014,6,"541","541 - Kitchener--Cambridge--Waterloo",10465,8227,896,1342,8227,1323,915,1179,6481,2805,5459,5006,2489,1738,6238
2014,6,"543","543 - Brantford",5126,3769,579,778,3769,822,535,483,3275,1368,2679,2447,1055,792,3279
2014,6,"550","550 - Guelph",2898,2336,242,320,2336,350,212,361,1825,712,1487,1411,664,469,1765
2014,6,"555","555 - London",13988,10961,1108,1919,10961,1841,1186,1272,8859,3857,7275,6713,3046,2083,8859
2014,6,"559","559 - Windsor",10038,7576,933,1529,7576,1435,1027,929,6179,2930,5389,4649,2353,1716,5969
2014,6,"568","568 - Barrie",4287,3386,416,485,3386,529,372,542,2692,1053,2239,2048,1172,714,2401
2014,6,"580","580 - Greater Sudbury",5842,4639,502,701,4639,802,401,540,3664,1638,3062,2780,1058,769,4015
2014,6,"595","595 - Thunder Bay",5045,3996,479,570,3996,645,404,404,3353,1288,2628,2417,979,808,3258
2014,9,"505","505 - Ottawa--Gatineau",23017,18719,1960,2338,18719,2346,1952,2096,14000,6921,12354,10663,4884,3353,14780
2014,9,"521","521 - Kingston",6272,4884,610,778,4884,840,548,566,4098,1608,3245,3027,1227,940,4105
2014,9,"529","529 - Peterborough",4312,3370,338,604,3370,582,360,490,2686,1136,2294,2018,932,687,2693
2014,9,"532","532 - Oshawa",8516,6806,789,921,6806,1051,659,1055,5450,2011,4423,4093,2038,1435,5043
2014,9,"535","535 - Toronto",106408,84372,9228,12808,84372,12433,9603,8813,61630,35965,56729,49679,27049,18565,60794
2014,9,"537","537 - Hamilton",21060,16180,1983,2897,16180,2716,2164,1774,12858,6428,11242,9818,4363,3113,13584
2014,9,"539","539 - St. Catharines--Niagara",14168,10855,1287,2026,10855,2075,1238,1299,8859,4010,7391,6777,2996,2211,8961
2014,9,"541","541 - Kitchener--Cambridge--Waterloo",10589,8357,880,1352,8357,1312,920,1197,6535,2857,5522,5067,2486,1710,6393
2014,9,"543","543 - Brantford",5179,3819,573,787,3819,814,546,489,3298,1392,2707,2472,1057,800,3322
2014,9,"550","550 - Guelph",2905,2341,249,315,2341,353,211,361,1830,714,1491,1414,642,461,1802
2014,9,"555","555 - London",14170,11101,1127,1942,11101,1881,1188,1296,8925,3949,7361,6809,3041,2127,9002
2014,9,"559","559 - Windsor",10181,7710,934,1537,7710,1432,1039,933,6243,3005,5458,4723,2393,1747,6041
2014,9,"568","568 - Barrie",4368,3467,423,478,3467,537,364,559,2739,1070,2278,2090,1189,723,2456
2014,9,"580","580 - Greater Sudbury",5907,4702,512,693,4702,791,414,542,3704,1661,3089,2818,1066,769,4072
2014,9,"595","595 - Thunder Bay",5094,4053,468,573,4053,633,408,417,3376,1301,2678,2416,982,795,3317
2014,12,"505","505 - Ottawa--Gatineau",23183,18792,2029,2362,18792,2360,2031,2137,14155,6891,12381,10802,4924,3178,15081
2014,12,"521","521 - Kingston",6386,4975,625,786,4975,838,573,571,4176,1639,3303,3083,1249,887,4250
2014,12,"529","529 - Peterborough",4461,3468,366,627,3468,611,382,482,2815,1164,2379,2082,1008,675,2778
2014,12,"532","532 - Oshawa",8734,6971,846,917,6971,1080,683,1088,5613,2033,4525,4209,2089,1405,5240
2014,12,"535","535 - Toronto",108874,86016,9736,13122,86016,12791,10067,8948,63245,36681,57825,51049,26962,17536,64376
2014,12,"537","537 - Hamilton",21615,16593,2075,2947,16593,2752,2270,1823,13251,6541,11499,10116,4626,2974,14015
2014,12,"539","539 - St. Catharines--Niagara",14555,11198,1329,2028,11198,2083,1274,1307,9136,4112,7600,6955,3223,2131,9201
2014,12,"541","541 - Kitchener--Cambridge--Waterloo",10769,8503,905,1361,8503,1316,950,1215,6665,2889,5588,5181,2550,1595,6624
2014,12,"543","543 - Brantford",5309,3922,610,777,3922,839,548,498,3396,1415,2770,2539,1108,735,3466
2014,12,"550","550 - Guelph",2958,2404,250,304,2404,349,205,371,1865,722,1506,1452,639,447,1872
2014,12,"555","555 - London",14481,11345,1173,1963,11345,1910,1226,1337,9144,4000,7488,6993,3194,2012,9275
2014,12,"559","559 - Windsor",10455,7908,952,1595,7908,1471,1076,983,6397,3075,5616,4839,2426,1658,6371
2014,12,"568","568 - Barrie",4541,3613,453,475,3613,547,381,585,2845,1111,2370,2171,1269,733,2539
2014,12,"580","580 - Greater Sudbury",5973,4757,524,692,4757,799,417,549,3734,1690,3132,2841,1100,728,4145
2014,12,"595","595 - Thunder Bay",5152,4098,486,568,4098,631,423,439,3407,1306,2707,2445,881,688,3583
2015,3,"505","505 - Ottawa--Gatineau",23197,18826,2015,2356,18826,2354,2017,2136,14089,6972,12395,10802,4751,3166,15280
2015,3,"521","521 - Kingston",6395,4979,633,783,4979,843,573,563,4161,1671,3311,3084,1225,865,4305
2015,3,"529","529 - Peterborough",4435,3451,364,620,3451,606,378,472,2780,1183,2372,2063,957,654,2824
2015,3,"532","532 - Oshawa",8772,7017,841,914,7017,1068,687,1088,5588,2096,4566,4206,1999,1398,5375
2015,3,"535","535 - Toronto",109401,86550,9757,13094,86550,12763,10088,8907,63204,37290,58176,51225,26147,17488,65766
2015,3,"537","537 - Hamilton",21564,16586,2063,2915,16586,2736,2242,1812,13163,6589,11465,10099,4412,2997,14155
2015,3,"539","539 - St. Catharines--Niagara",14641,11305,1315,2021,11305,2048,1288,1309,9135,4197,7652,6989,3113,2133,9395
2015,3,"541","541 - Kitchener--Cambridge--Waterloo",10807,8529,927,1351,8529,1312,966,1214,6689,2904,5620,5187,2444,1576,6787
2015,3,"543","543 - Brantford",5328,3943,616,769,3943,838,547,501,3385,1442,2801,2527,1085,723,3520
2015,3,"550","550 - Guelph",2977,2416,246,315,2416,351,210,367,1871,739,1515,1462,618,451,1908
2015,3,"555","555 - London",14514,11370,1182,1962,11370,1898,1246,1312,9137,4065,7488,7026,3080,2011,9423
2015,3,"559","559 - Windsor",10513,7940,965,1608,7940,1494,1079,986,6383,3144,5653,4860,2331,1671,6511
2015,3,"568","568 - Barrie",4520,3603,452,465,3603,541,376,576,2826,1118,2365,2155,1196,734,2590
2015,3,"580","580 - Greater Sudbury",5963,4740,526,697,4740,806,417,538,3732,1693,3112,2851,1042,715,4206
2015,3,"595","595 - Thunder Bay",5149,4121,487,541,4121,614,414,436,3403,1310,2712,2437,854,670,3625
2015,6,"505","505 - Ottawa--Gatineau",23284,18930,2021,2333,18930,2355,1999,2137,14064,7083,12444,10840,4648,3125,15511
2015,6,"521","521 - Kingston",6409,5009,639,761,5009,829,571,555,4159,1695,3315,3094,1178,833,4398
2015,6,"529","529 - Peterborough",4445,3447,371,627,3447,608,390,456,2798,1191,2397,2048,892,665,2888
2015,6,"532","532 - Oshawa",8828,7051,864,913,7051,1089,688,1071,5615,2142,4590,4238,1908,1399,5521
2015,6,"535","535 - Toronto",109999,87101,9812,13086,87101,12824,10074,8924,63214,37861,58537,51462,25335,17469,67195
2015,6,"537","537 - Hamilton",21560,16595,2082,2883,16595,2747,2218,1792,13077,6691,11462,10098,4167,3052,14341
2015,6,"539","539 - St. Catharines--Niagara",14641,11312,1330,1999,11312,2035,1294,1282,9121,4238,7653,6988,2961,2116,9564
2015,6,"541","541 - Kitchener--Cambridge--Waterloo",10814,8558,916,1340,8558,1300,956,1209,6651,2954,5612,5202,2374,1552,6888
2015,6,"543","543 - Brantford",5344,3943,629,772,3943,847,554,499,3397,1448,2808,2536,1067,714,3563
2015,6,"550","550 - Guelph",2995,2435,250,310,2435,353,207,367,1868,760,1525,1470,602,460,1933
2015,6,"555","555 - London",14608,11471,1187,1950,11471,1905,1232,1327,9141,4140,7564,7044,3023,2049,9536
2015,6,"559","559 - Windsor",10529,7962,964,1603,7962,1487,1080,984,6349,3196,5683,4846,2248,1644,6637
2015,6,"568","568 - Barrie",4519,3619,440,460,3619,509,391,580,2812,1127,2366,2153,1117,753,2649
2015,6,"580","580 - Greater Sudbury",5994,4764,540,690,4764,817,413,535,3732,1727,3142,2852,1021,705,4268
2015,6,"595","595 - Thunder Bay",5127,4112,470,545,4112,603,412,439,3372,1316,2700,2427,826,635,3666
2015,9,"505","505 - Ottawa--Gatineau",23491,19092,2034,2365,19092,2385,2014,2142,14122,7227,12595,10896,4574,3180,15737
2015,9,"521","521 - Kingston",6476,5076,643,757,5076,836,564,566,4184,1726,3358,3118,1168,826,4482
2015,9,"529","529 - Peterborough",4511,3508,371,632,3508,615,388,472,2803,1236,2433,2078,867,689,2955
2015,9,"532","532 - Oshawa",8979,7192,875,912,7192,1096,691,1082,5705,2192,4676,4303,1929,1388,5662
2015,9,"535","535 - Toronto",110915,87978,9792,13145,87978,12902,10035,8944,63376,38595,59124,51791,24931,17248,68736
2015,9,"537","537 - Hamilton",21628,16670,2052,2906,16670,2743,2215,1789,13049,6790,11524,10104,4005,3056,14567
2015,9,"539","539 - St. Catharines--Niagara",14778,11431,1329,2018,11431,2050,1297,1285,9180,4313,7729,7049,2872,2123,9783
2015,9,"541","541 - Kitchener--Cambridge--Waterloo",10947,8666,903,1378,8666,1319,962,1245,6688,3014,5697,5250,2376,1552,7019
2015,9,"543","543 - Brantford",5367,3954,625,788,3954,851,562,472,3411,1484,2816,2551,1048,705,3614
2015,9,"550","550 - Guelph",3059,2499,254,306,2499,355,205,382,1909,768,1570,1489,614,451,1994
2015,9,"555","555 - London",14742,11582,1179,1981,11582,1919,1241,1330,9195,4217,7641,7101,2944,2123,9675
2015,9,"559","559 - Windsor",10644,8050,966,1628,8050,1495,1099,1009,6380,3255,5752,4892,2212,1652,6780
2015,9,"568","568 - Barrie",4554,3657,434,463,3657,515,382,583,2834,1137,2385,2169,1079,784,2691
2015,9,"580","580 - Greater Sudbury",6007,4802,526,679,4802,807,398,528,3731,1748,3166,2841,987,695,4325
2015,9,"595","595 - Thunder Bay",5125,4117,473,535,4117,601,407,433,3361,1331,2713,2412,790,615,3720
2015,12,"505","505 - Ottawa--Gatineau",23676,19277,2019,2380,19277,2392,2007,2178,14148,7350,12733,10943,4533,3195,15948
2015,12,"521","521 - Kingston",6543,5135,637,771,5135,845,563,582,4190,1771,3383,3160,1149,821,4573
2015,12,"529","529 - Peterborough",4563,3555,380,628,3555,621,387,447,2854,1262,2462,2101,848,705,3010
2015,12,"532","532 - Oshawa",9039,7247,870,922,7247,1090,702,1084,5710,2245,4711,4328,1894,1382,5763
2015,12,"535","535 - Toronto",111722,88751,9793,13178,88751,12993,9978,8995,63389,39338,59629,52093,24422,17171,70129
2015,12,"537","537 - Hamilton",21705,16773,2038,2894,16773,2748,2184,1776,13032,6897,11590,10115,3904,3008,14793
2015,12,"539","539 - St. Catharines--Niagara",14844,11501,1323,2020,11501,2015,1328,1290,9152,4402,7769,7075,2777,2112,9955
2015,12,"541","541 - Kitchener--Cambridge--Waterloo",11026,8739,884,1403,8739,1317,970,1262,6703,3061,5741,5285,2337,1570,7119
2015,12,"543","543 - Brantford",5400,3982,631,787,3982,865,553,469,3432,1499,2836,2564,1004,711,3685
2015,12,"550","550 - Guelph",3084,2512,260,312,2512,367,205,374,1926,784,1587,1497,623,426,2035
2015,12,"555","555 - London",14835,11679,1193,1963,11679,1908,1248,1344,9224,4267,7652,7183,2904,2115,9816
2015,12,"559","559 - Windsor",10704,8101,980,1623,8101,1500,1103,1012,6363,3329,5789,4915,2170,1634,6900
2015,12,"568","568 - Barrie",4577,3675,438,464,3675,526,376,578,2848,1151,2408,2169,1015,800,2762
2015,12,"580","580 - Greater Sudbury",5997,4794,528,675,4794,797,406,537,3713,1747,3161,2836,960,692,4345
2015,12,"595","595 - Thunder Bay",5111,4112,478,521,4112,601,398,419,3350,1342,2690,2421,766,602,3743
2016,3,"505","505 - Ottawa--Gatineau",23814,19400,2030,2384,19400,2412,2002,2181,14134,7499,12821,10993,4328,3251,16235
2016,3,"521","521 - Kingston",6588,5182,630,776,5182,841,565,577,4204,1807,3417,3171,1100,821,4667
2016,3,"529","529 - Peterborough",4558,3560,371,627,3560,612,386,441,2847,1270,2468,2090,825,663,3070
2016,3,"532","532 - Oshawa",9088,7271,871,946,7271,1102,715,1055,5758,2275,4745,4343,1806,1376,5906
2016,3,"535","535 - Toronto",112005,89109,9744,13152,89109,13023,9873,8857,63267,39881,59876,52129,23353,17070,71582
2016,3,"537","537 - Hamilton",21715,16814,2012,2889,16814,2746,2155,1773,12952,6990,11606,10109,3716,3001,14998
2016,3,"539","539 - St. Catharines--Niagara",14852,11525,1312,2015,11525,2003,1324,1285,9083,4484,7787,7065,2575,2123,10154
2016,3,"541","541 - Kitchener--Cambridge--Waterloo",11090,8816,885,1389,8816,1322,952,1263,6693,3134,5784,5306,2223,1575,7292
2016,3,"543","543 - Brantford",5396,3990,627,779,3990,859,547,462,3403,1531,2840,2556,937,724,3735
2016,3,"550","550 - Guelph",3064,2497,251,316,2497,361,206,372,1900,792,1573,1491,580,420,2064
2016,3,"555","555 - London",14904,11746,1187,1971,11746,1907,1251,1338,9222,4344,7724,7180,2817,2105,9982
2016,3,"559","559 - Windsor",10705,8105,979,1621,8105,1495,1105,998,6323,3384,5798,4907,2085,1583,7037
2016,3,"568","568 - Barrie",4582,3667,440,475,3667,539,376,561,2849,1172,2411,2171,950,795,2837
2016,3,"580","580 - Greater Sudbury",5994,4803,530,661,4803,796,395,528,3689,1777,3155,2839,903,701,4390
2016,3,"595","595 - Thunder Bay",5133,4129,477,527,4129,607,397,408,3355,1370,2709,2424,739,583,3811
2016,6,"505","505 - Ottawa--Gatineau",24009,19559,2044,2406,19559,2439,2011,2175,14239,7595,12910,11099,4301,3266,16442
2016,6,"521","521 - Kingston",6650,5236,628,786,5236,850,564,584,4222,1844,3465,3185,1115,816,4719
2016,6,"529","529 - Peterborough",4607,3603,374,630,3603,611,393,456,2859,1292,2497,2110,825,670,3112
2016,6,"532","532 - Oshawa",9175,7377,869,929,7377,1091,707,1085,5777,2313,4803,4372,1800,1355,6020
2016,6,"535","535 - Toronto",113129,90068,9838,13223,90068,13121,9940,8916,63697,40516,60532,52597,23721,16795,72613
2016,6,"537","537 - Hamilton",21839,16934,2018,2887,16934,2734,2171,1758,12980,7101,11661,10178,3728,2967,15144
2016,6,"539","539 - St. Catharines--Niagara",15017,11662,1320,2035,11662,2022,1333,1293,9137,4587,7855,7162,2586,2106,10325
2016,6,"541","541 - Kitchener--Cambridge--Waterloo",11179,8884,896,1399,8884,1327,968,1252,6760,3167,5812,5367,2208,1607,7364
2016,6,"543","543 - Brantford",5443,4051,624,768,4051,852,540,485,3413,1545,2861,2582,965,721,3757
2016,6,"550","550 - Guelph",3117,2538,256,323,2538,373,206,366,1940,811,1596,1521,604,414,2099
2016,6,"555","555 - London",15108,11910,1211,1987,11910,1930,1268,1334,9332,4442,7825,7283,2882,2066,10160
2016,6,"559","559 - Windsor",10799,8185,969,1645,8185,1500,1114,1012,6337,3450,5840,4959,2111,1552,7136
2016,6,"568","568 - Barrie",4647,3710,443,494,3710,548,389,566,2881,1200,2441,2206,948,813,2886
2016,6,"580","580 - Greater Sudbury",6028,4830,539,659,4830,784,414,533,3693,1802,3161,2867,900,731,4397
2016,6,"595","595 - Thunder Bay",5128,4131,472,525,4131,601,396,412,3328,1388,2700,2428,723,567,3838
2016,9,"505","505 - Ottawa--Gatineau",24105,19653,2051,2401,19653,2445,2007,2173,14242,7690,12983,11122,4405,3121,16579
2016,9,"521","521 - Kingston",6718,5290,634,794,5290,870,558,603,4252,1863,3501,3217,1170,793,4755
2016,9,"529","529 - Peterborough",4679,3672,381,626,3672,612,395,482,2885,1312,2531,2148,864,646,3169
2016,9,"532","532 - Oshawa",9258,7452,860,946,7452,1089,717,1080,5809,2369,4851,4407,1860,1309,6089
2016,9,"535","535 - Toronto",114490,91304,9868,13318,91304,13153,10033,9053,64113,41324,61342,53148,24546,16196,73748
2016,9,"537","537 - Hamilton",21999,17059,2018,2922,17059,2748,2192,1752,13035,7212,11744,10255,3832,2861,15306
2016,9,"539","539 - St. Catharines--Niagara",15101,11748,1327,2026,11748,2036,1317,1268,9187,4646,7898,7203,2634,2041,10426
2016,9,"541","541 - Kitchener--Cambridge--Waterloo",11276,8984,902,1390,8984,1334,958,1255,6790,3231,5852,5424,2273,1543,7460
2016,9,"543","543 - Brantford",5496,4080,631,785,4080,876,540,492,3443,1561,2881,2615,1016,689,3791
2016,9,"550","550 - Guelph",3162,2581,253,328,2581,374,207,360,1968,834,1620,1542,653,393,2116
2016,9,"555","555 - London",15372,12164,1214,1994,12164,1919,1289,1373,9446,4553,7972,7400,2985,2008,10379
2016,9,"559","559 - Windsor",10937,8302,963,1672,8302,1502,1133,1026,6397,3514,5928,5009,2202,1507,7228
2016,9,"568","568 - Barrie",4706,3752,459,495,3752,562,392,555,2910,1241,2455,2251,1003,781,2922
2016,9,"580","580 - Greater Sudbury",6085,4893,553,639,4893,777,415,543,3709,1833,3203,2882,964,690,4431
2016,9,"595","595 - Thunder Bay",5178,4174,481,523,4174,608,396,419,3357,1402,2737,2441,771,533,3874
2016,12,"505","505 - Ottawa--Gatineau",24292,19820,2051,2421,19820,2449,2023,2178,14314,7800,13062,11230,4537,2960,16795
2016,12,"521","521 - Kingston",6766,5335,629,802,5335,865,566,622,4248,1896,3536,3230,1198,764,4804
2016,12,"529","529 - Peterborough",4738,3699,381,658,3699,626,413,490,2909,1339,2563,2175,912,590,3236
2016,12,"532","532 - Oshawa",9355,7524,885,946,7524,1102,729,1068,5868,2419,4871,4484,1913,1258,6184
2016,12,"535","535 - Toronto",115674,92275,9924,13475,92275,13214,10185,9145,64573,41956,62027,53647,25361,15673,74640
2016,12,"537","537 - Hamilton",22139,17190,2008,2941,17190,2760,2189,1761,13050,7328,11787,10352,3995,2689,15455
2016,12,"539","539 - St. Catharines--Niagara",15238,11871,1330,2037,11871,2034,1333,1282,9243,4713,7967,7271,2768,1942,10528
2016,12,"541","541 - Kitchener--Cambridge--Waterloo",11442,9094,909,1439,9094,1369,979,1283,6884,3275,5958,5484,2363,1557,7522
2016,12,"543","543 - Brantford",5537,4113,623,801,4113,871,553,484,3463,1590,2915,2622,1040,668,3829
2016,12,"550","550 - Guelph",3196,2602,265,329,2602,384,210,368,1986,842,1638,1558,676,381,2139
2016,12,"555","555 - London",15600,12372,1234,1994,12372,1930,1298,1403,9544,4653,8087,7513,3147,1947,10506
2016,12,"559","559 - Windsor",11074,8395,970,1709,8395,1532,1147,1015,6461,3598,6014,5060,2304,1437,7333
2016,12,"568","568 - Barrie",4754,3796,456,502,3796,568,390,567,2911,1276,2486,2268,1029,747,2978
2016,12,"580","580 - Greater Sudbury",6132,4943,561,628,4943,760,429,560,3722,1850,3247,2885,1026,675,4431
2016,12,"595","595 - Thunder Bay",5225,4219,478,528,4219,605,401,409,3391,1425,2770,2455,795,511,3919
2017,3,"505","505 - Ottawa--Gatineau",24479,19970,2075,2434,19970,2480,2029,2189,14361,7929,13174,11305,4719,2833,16927
2017,3,"521","521 - Kingston",6862,5418,647,797,5418,872,572,624,4314,1924,3579,3283,1271,752,4839
2017,3,"529","529 - Peterborough",4794,3740,387,667,3740,632,422,503,2928,1363,2605,2189,964,572,3258
2017,3,"532","532 - Oshawa",9477,7607,906,964,7607,1143,727,1069,5956,2452,4960,4517,1993,1194,6290
2017,3,"535","535 - Toronto",116886,93201,10075,13610,93201,13285,10400,9274,65081,42531,62638,54248,26489,15068,75329
2017,3,"537","537 - Hamilton",22315,17348,2021,2946,17348,2769,2198,1781,13091,7443,11899,10416,4195,2573,15547
2017,3,"539","539 - St. Catharines--Niagara",15359,11941,1348,2070,11941,2078,1340,1296,9318,4745,8029,7330,2873,1861,10625
2017,3,"541","541 - Kitchener--Cambridge--Waterloo",11596,9188,946,1462,9188,1400,1008,1280,6982,3334,6036,5560,2472,1490,7634
2017,3,"543","543 - Brantford",5611,4168,634,809,4168,877,566,496,3496,1619,2956,2655,1111,643,3857
2017,3,"550","550 - Guelph",3212,2609,265,338,2609,389,214,370,1988,854,1650,1562,714,347,2151
2017,3,"555","555 - London",15743,12462,1258,2023,12462,1946,1335,1391,9635,4717,8147,7596,3269,1838,10636
2017,3,"559","559 - Windsor",11199,8478,988,1733,8478,1562,1159,1023,6525,3651,6071,5128,2400,1357,7442
2017,3,"568","568 - Barrie",4847,3858,479,510,3858,591,398,587,2956,1304,2526,2321,1106,706,3035
2017,3,"580","580 - Greater Sudbury",6217,4999,567,651,4999,762,456,563,3771,1883,3290,2927,1086,638,4493
2017,3,"595","595 - Thunder Bay",5244,4241,489,514,4241,612,391,409,3409,1426,2780,2464,850,474,3920
2017,6,"505","505 - Ottawa--Gatineau",24619,20055,2088,2476,20055,2492,2072,2192,14407,8020,13228,11391,4837,2761,17021
2017,6,"521","521 - Kingston",6866,5414,655,797,5414,866,586,609,4310,1947,3583,3283,1270,716,4880
2017,6,"529","529 - Peterborough",4862,3802,391,669,3802,638,422,510,2972,1380,2631,2231,1006,531,3325
2017,6,"532","532 - Oshawa",9597,7690,913,994,7690,1156,751,1072,6042,2483,5010,4587,2077,1130,6390
2017,6,"535","535 - Toronto",117749,93845,10204,13700,93845,13346,10558,9363,65450,42936,63116,54633,27489,14200,76060
2017,6,"537","537 - Hamilton",22486,17493,2064,2929,17493,2764,2229,1810,13170,7506,12009,10477,4392,2380,15714
2017,6,"539","539 - St. Catharines--Niagara",15450,12013,1353,2084,12013,2068,1369,1314,9350,4786,8079,7371,2989,1741,10720
2017,6,"541","541 - Kitchener--Cambridge--Waterloo",11681,9239,972,1470,9239,1427,1015,1284,7020,3377,6073,5608,2528,1428,7725
2017,6,"543","543 - Brantford",5651,4194,647,810,4194,883,574,486,3523,1642,2995,2656,1156,614,3881
2017,6,"550","550 - Guelph",3257,2646,259,352,2646,387,224,368,2018,871,1677,1580,729,336,2192
2017,6,"555","555 - London",15947,12585,1290,2072,12585,1993,1369,1398,9729,4820,8227,7720,3373,1763,10811
2017,6,"559","559 - Windsor",11266,8532,1004,1730,8532,1566,1168,1035,6517,3714,6098,5168,2467,1309,7490
2017,6,"568","568 - Barrie",4899,3915,479,505,3915,581,403,583,2990,1326,2569,2330,1158,633,3108
2017,6,"580","580 - Greater Sudbury",6236,5016,570,650,5016,768,452,551,3778,1907,3313,2923,1112,631,4493
2017,6,"595","595 - Thunder Bay",5266,4267,487,512,4267,602,397,408,3400,1458,2799,2467,876,457,3933
2017,9,"505","505 - Ottawa--Gatineau",24849,20247,2109,2493,20247,2515,2087,2253,14439,8157,13353,11496,5111,2556,17182
2017,9,"521","521 - Kingston",6912,5461,666,785,5461,871,580,611,4323,1978,3596,3316,1344,668,4900
2017,9,"529","529 - Peterborough",4917,3864,408,645,3864,627,426,502,3012,1403,2657,2260,1077,468,3372
2017,9,"532","532 - Oshawa",9653,7741,937,975,7741,1162,750,1087,6052,2514,5051,4602,2165,1076,6412
2017,9,"535","535 - Toronto",118567,94477,10284,13806,94477,13473,10617,9393,65743,43431,63622,54945,28727,13192,76648
2017,9,"537","537 - Hamilton",22610,17611,2068,2931,17611,2773,2226,1810,13177,7623,12053,10557,4591,2195,15824
2017,9,"539","539 - St. Catharines--Niagara",15535,12128,1348,2059,12128,2049,1358,1315,9367,4853,8136,7399,3160,1579,10796
2017,9,"541","541 - Kitchener--Cambridge--Waterloo",11710,9286,967,1457,9286,1398,1026,1288,7021,3401,6078,5632,2614,1339,7757
2017,9,"543","543 - Brantford",5704,4241,656,807,4241,887,576,496,3546,1662,3016,2688,1220,577,3907
2017,9,"550","550 - Guelph",3283,2664,266,353,2664,389,230,360,2028,895,1687,1596,772,311,2200
2017,9,"555","555 - London",16052,12720,1302,2030,12720,1967,1365,1431,9761,4860,8277,7775,3522,1616,10914
2017,9,"559","559 - Windsor",11376,8614,1012,1750,8614,1577,1185,1061,6558,3757,6154,5222,2613,1180,7583
2017,9,"568","568 - Barrie",4978,3988,491,499,3988,599,391,593,3052,1333,2593,2385,1233,589,3156
2017,9,"580","580 - Greater Sudbury",6295,5057,573,665,5057,769,469,564,3784,1947,3366,2929,1164,603,4528
2017,9,"595","595 - Thunder Bay",5264,4277,485,502,4277,591,396,394,3394,1476,2801,2463,913,419,3932
2017,12,"505","505 - Ottawa--Gatineau",25112,20459,2123,2530,20459,2522,2131,2229,14602,8281,13531,11581,5492,2296,17324
2017,12,"521","521 - Kingston",6960,5496,669,795,5496,884,580,612,4351,1997,3619,3341,1415,601,4944
2017,12,"529","529 - Peterborough",4966,3911,415,640,3911,628,427,499,3052,1415,2678,2288,1125,435,3406
2017,12,"532","532 - Oshawa",9765,7842,950,973,7842,1153,770,1111,6087,2567,5136,4629,2324,958,6483
2017,12,"535","535 - Toronto",119376,95227,10310,13839,95227,13493,10656,9447,66044,43885,64069,55307,30441,11786,77149
2017,12,"537","537 - Hamilton",22614,17642,2070,2902,17642,2733,2239,1806,13190,7618,12065,10549,4761,2033,15820
2017,12,"539","539 - St. Catharines--Niagara",15668,12195,1368,2105,12195,2128,1345,1304,9407,4957,8179,7489,3282,1422,10964
2017,12,"541","541 - Kitchener--Cambridge--Waterloo",11877,9436,972,1469,9436,1409,1032,1312,7091,3474,6151,5726,2781,1222,7874
2017,12,"543","543 - Brantford",5683,4220,645,818,4220,890,573,500,3513,1670,2995,2688,1263,505,3915
2017,12,"550","550 - Guelph",3351,2722,270,359,2722,388,241,364,2077,910,1710,1641,829,304,2218
2017,12,"555","555 - London",16323,12905,1327,2091,12905,2018,1400,1440,9884,4999,8390,7933,3818,1490,11015
2017,12,"559","559 - Windsor",11578,8769,1028,1781,8769,1606,1203,1095,6604,3879,6245,5333,2816,1090,7672
2017,12,"568","568 - Barrie",4981,3988,502,491,3988,602,391,586,3054,1341,2612,2369,1270,522,3189
2017,12,"580","580 - Greater Sudbury",6381,5130,579,672,5130,778,473,573,3819,1989,3388,2993,1257,554,4570
2017,12,"595","595 - Thunder Bay",5244,4275,487,482,4275,579,390,393,3375,1476,2793,2451,971,383,3890
2018,3,"505","505 - Ottawa--Gatineau",25323,20582,2155,2586,20582,2551,2190,2237,14729,8357,13609,11714,5532,2307,17484
2018,3,"521","521 - Kingston",6999,5542,674,783,5542,886,571,618,4344,2037,3644,3355,1425,608,4966
2018,3,"529","529 - Peterborough",4990,3943,411,636,3943,626,421,490,3058,1442,2693,2297,1127,462,3401
2018,3,"532","532 - Oshawa",9849,7906,957,986,7906,1163,780,1093,6154,2602,5179,4670,2307,970,6572
2018,3,"535","535 - Toronto",120229,95821,10456,13952,95821,13616,10792,9537,66507,44185,64493,55736,31026,11864,77339
2018,3,"537","537 - Hamilton",22597,17584,2087,2926,17584,2769,2244,1798,13153,7646,12052,10545,4832,2018,15747
2018,3,"539","539 - St. Catharines--Niagara",15759,12250,1383,2126,12250,2139,1370,1318,9419,5022,8214,7545,3296,1380,11083
2018,3,"541","541 - Kitchener--Cambridge--Waterloo",12018,9531,1011,1476,9531,1421,1066,1321,7152,3545,6226,5792,2845,1215,7958
2018,3,"543","543 - Brantford",5655,4204,652,799,4204,874,577,498,3486,1671,2981,2674,1223,514,3918
2018,3,"550","550 - Guelph",3413,2773,277,363,2773,391,249,365,2122,926,1760,1653,864,297,2252
2018,3,"555","555 - London",16511,13023,1346,2142,13023,2059,1429,1483,9939,5089,8530,7981,3903,1542,11066
2018,3,"559","559 - Windsor",11744,8886,1042,1816,8886,1621,1237,1114,6661,3969,6341,5403,2886,1114,7744
2018,3,"568","568 - Barrie",5020,4014,504,502,4014,613,393,586,3067,1367,2640,2380,1301,485,3234
2018,3,"580","580 - Greater Sudbury",6419,5166,596,657,5166,773,480,562,3839,2018,3421,2998,1274,531,4614
2018,3,"595","595 - Thunder Bay",5161,4186,488,487,4186,585,390,374,3338,1449,2744,2417,957,385,3819
2018,6,"505","505 - Ottawa--Gatineau",25551,20773,2173,2605,20773,2547,2231,2257,14847,8447,13733,11818,5656,2350,17545
2018,6,"521","521 - Kingston",7033,5564,685,784,5564,880,589,616,4338,2079,3662,3371,1456,602,4975
2018,6,"529","529 - Peterborough",5022,3949,425,648,3949,635,438,478,3080,1464,2700,2322,1148,454,3420
2018,6,"532","532 - Oshawa",9966,8014,964,988,8014,1148,804,1090,6206,2670,5243,4723,2346,989,6631
2018,6,"535","535 - Toronto",121271,96641,10561,14069,96641,13686,10944,9574,67016,44681,65021,56250,31489,12117,77665
2018,6,"537","537 - Hamilton",22653,17638,2107,2908,17638,2761,2254,1807,13157,7689,12049,10604,4955,1993,15705
2018,6,"539","539 - St. Catharines--Niagara",15841,12312,1427,2102,12312,2147,1382,1336,9430,5075,8248,7593,3331,1371,11139
2018,6,"541","541 - Kitchener--Cambridge--Waterloo",12164,9655,1035,1474,9655,1431,1078,1327,7228,3609,6310,5854,2941,1223,8000
2018,6,"543","543 - Brantford",5658,4239,649,770,4239,852,567,499,3465,1694,2985,2673,1209,515,3934
2018,6,"550","550 - Guelph",3409,2776,281,352,2776,382,251,367,2102,940,1752,1657,898,292,2219
2018,6,"555","555 - London",16727,13192,1375,2160,13192,2062,1473,1487,10073,5167,8631,8096,4010,1582,11135
2018,6,"559","559 - Windsor",11928,9006,1062,1860,9006,1651,1271,1117,6715,4096,6457,5471,2958,1169,7801
2018,6,"568","568 - Barrie",5089,4060,518,511,4060,624,405,604,3102,1383,2664,2425,1323,509,3257
2018,6,"580","580 - Greater Sudbury",6462,5209,601,652,5209,762,491,554,3852,2056,3442,3020,1274,519,4669
2018,6,"595","595 - Thunder Bay",5089,4130,498,461,4130,577,382,368,3291,1430,2697,2392,926,397,3766
2018,9,"505","505 - Ottawa--Gatineau",25636,20830,2189,2617,20830,2549,2257,2249,14849,8538,13761,11875,5771,2358,17507
2018,9,"521","521 - Kingston",7014,5556,675,783,5556,875,583,627,4309,2078,3638,3376,1437,620,4957
2018,9,"529","529 - Peterborough",5071,3999,439,633,3999,628,444,480,3110,1481,2733,2338,1159,472,3440
2018,9,"532","532 - Oshawa",10045,8096,973,976,8096,1121,828,1095,6227,2723,5264,4781,2391,1004,6650
2018,9,"535","535 - Toronto",121663,96925,10658,14080,96925,13710,11028,9585,67037,45041,65300,56363,31661,12408,77594
2018,9,"537","537 - Hamilton",22687,17654,2124,2909,17654,2800,2233,1830,13111,7746,12047,10640,4950,2031,15706
2018,9,"539","539 - St. Catharines--Niagara",15870,12361,1434,2075,12361,2134,1375,1319,9422,5129,8256,7614,3306,1429,11135
2018,9,"541","541 - Kitchener--Cambridge--Waterloo",12185,9690,1040,1455,9690,1407,1088,1315,7249,3621,6311,5874,2967,1236,7982
2018,9,"543","543 - Brantford",5693,4303,660,730,4303,826,564,504,3475,1714,3008,2685,1224,533,3936
2018,9,"550","550 - Guelph",3440,2799,289,352,2799,383,258,377,2113,950,1750,1690,894,316,2230
2018,9,"555","555 - London",16857,13281,1418,2158,13281,2087,1489,1509,10115,5233,8689,8168,4048,1614,11195
2018,9,"559","559 - Windsor",11999,9067,1076,1856,9067,1666,1266,1100,6758,4141,6498,5501,3004,1190,7805
2018,9,"568","568 - Barrie",5150,4134,530,486,4134,602,414,615,3129,1406,2707,2443,1357,528,3265
2018,9,"580","580 - Greater Sudbury",6483,5239,605,639,5239,754,490,547,3849,2087,3434,3049,1292,533,4658
2018,9,"595","595 - Thunder Bay",5077,4145,493,439,4145,561,371,362,3298,1417,2673,2404,918,418,3741
2018,12,"505","505 - Ottawa--Gatineau",25732,20942,2198,2592,20942,2540,2250,2273,14868,8591,13856,11876,5809,2431,17492
2018,12,"521","521 - Kingston",7029,5575,690,764,5575,889,565,635,4314,2080,3636,3393,1423,656,4950
2018,12,"529","529 - Peterborough",5122,4057,445,620,4057,627,438,489,3149,1484,2766,2356,1165,501,3456
2018,12,"532","532 - Oshawa",10130,8176,971,983,8176,1117,837,1106,6292,2732,5307,4823,2402,1033,6695
2018,12,"535","535 - Toronto",122198,97387,10713,14098,97387,13778,11033,9550,67160,45488,65509,56689,31595,12932,77671
2018,12,"537","537 - Hamilton",22814,17742,2154,2918,17742,2814,2258,1830,13143,7841,12112,10702,4990,2122,15702
2018,12,"539","539 - St. Catharines--Niagara",15940,12426,1450,2064,12426,2156,1358,1338,9423,5179,8310,7630,3338,1487,11115
2018,12,"541","541 - Kitchener--Cambridge--Waterloo",12304,9781,1047,1476,9781,1437,1086,1304,7285,3715,6375,5929,3002,1240,8062
2018,12,"543","543 - Brantford",5729,4333,661,735,4333,829,567,513,3502,1714,3050,2679,1245,553,3931
2018,12,"550","550 - Guelph",3450,2804,290,356,2804,383,263,385,2111,954,1765,1685,909,341,2200
2018,12,"555","555 - London",16963,13400,1406,2157,13400,2061,1502,1484,10165,5314,8738,8225,4076,1695,11192
2018,12,"559","559 - Windsor",12094,9124,1091,1879,9124,1687,1283,1089,6795,4210,6532,5562,3038,1252,7804
2018,12,"568","568 - Barrie",5186,4148,539,499,4148,614,424,626,3155,1405,2689,2497,1370,541,3275
2018,12,"580","580 - Greater Sudbury",6524,5269,612,643,5269,767,488,558,3858,2108,3450,3074,1332,545,4647
2018,12,"595","595 - Thunder Bay",5051,4122,481,448,4122,566,363,359,3275,1417,2664,2387,930,427,3694
2019,3,"505","505 - Ottawa--Gatineau",25989,21153,2226,2610,21153,2559,2277,2302,14958,8729,13972,12017,5837,2624,17528
2019,3,"521","521 - Kingston",7075,5592,694,789,5592,904,579,644,4358,2073,3661,3414,1392,721,4962
2019,3,"529","529 - Peterborough",5160,4078,449,633,4078,641,441,486,3163,1511,2782,2378,1162,543,3455
2019,3,"532","532 - Oshawa",10234,8232,999,1003,8232,1146,856,1099,6373,2762,5357,4877,2413,1074,6747
2019,3,"535","535 - Toronto",123022,97985,10815,14222,97985,13857,11180,9641,67605,45776,65935,57087,31432,13810,77780
2019,3,"537","537 - Hamilton",23006,17873,2176,2957,17873,2863,2270,1876,13205,7925,12249,10757,4991,2275,15740
2019,3,"539","539 - St. Catharines--Niagara",16085,12548,1431,2106,12548,2144,1393,1353,9517,5215,8369,7716,3332,1579,11174
2019,3,"541","541 - Kitchener--Cambridge--Waterloo",12473,9886,1063,1524,9886,1461,1126,1333,7403,3737,6496,5977,3040,1340,8093
2019,3,"543","543 - Brantford",5756,4348,660,748,4348,833,575,522,3509,1725,3057,2699,1228,584,3944
2019,3,"550","550 - Guelph",3485,2815,298,372,2815,402,268,383,2141,961,1768,1717,920,348,2217
2019,3,"555","555 - London",17140,13525,1425,2190,13525,2072,1543,1491,10264,5385,8852,8288,4043,1851,11246
2019,3,"559","559 - Windsor",12225,9227,1093,1905,9227,1694,1304,1073,6863,4289,6600,5625,3043,1343,7839
2019,3,"568","568 - Barrie",5256,4205,529,522,4205,622,429,621,3199,1436,2734,2522,1355,601,3300
2019,3,"580","580 - Greater Sudbury",6611,5326,617,668,5326,768,517,569,3921,2121,3489,3122,1335,583,4693
2019,3,"595","595 - Thunder Bay",5111,4173,480,458,4173,562,376,384,3301,1426,2693,2418,968,432,3711
2019,6,"505","505 - Ottawa--Gatineau",25887,21083,2217,2587,21083,2540,2264,2275,14862,8750,13955,11932,5816,2626,17445
2019,6,"521","521 - Kingston",7034,5589,687,758,5589,880,565,639,4333,2062,3634,3400,1350,751,4933
2019,6,"529","529 - Peterborough",5153,4077,456,620,4077,647,429,468,3154,1531,2781,2372,1131,547,3475
2019,6,"532","532 - Oshawa",10209,8236,1006,967,8236,1131,842,1067,6368,2774,5326,4883,2365,1138,6706
2019,6,"535","535 - Toronto",122612,97738,10860,14014,97738,13833,11041,9584,67245,45783,65683,56929,30986,14424,77202
2019,6,"537","537 - Hamilton",23304,18183,2200,2921,18183,2866,2255,1873,13343,8088,12402,10902,5045,2395,15864
2019,6,"539","539 - St. Catharines--Niagara",15931,12448,1439,2044,12448,2113,1370,1328,9377,5226,8282,7649,3211,1634,11086
2019,6,"541","541 - Kitchener--Cambridge--Waterloo",12388,9848,1062,1478,9848,1425,1115,1307,7315,3766,6445,5943,3010,1356,8022
2019,6,"543","543 - Brantford",5825,4396,670,759,4396,851,578,516,3549,1760,3091,2734,1184,626,4015
2019,6,"550","550 - Guelph",3474,2812,297,365,2812,397,265,383,2127,964,1758,1716,899,375,2200
2019,6,"555","555 - London",17128,13549,1427,2152,13549,2058,1521,1467,10232,5429,8841,8287,3996,1910,11222
2019,6,"559","559 - Windsor",12239,9258,1098,1883,9258,1667,1314,1068,6842,4329,6610,5629,3051,1387,7801
2019,6,"568","568 - Barrie",5239,4183,535,521,4183,634,422,615,3151,1473,2704,2535,1336,628,3275
2019,6,"580","580 - Greater Sudbury",6515,5291,606,618,5291,721,503,554,3839,2122,3423,3092,1271,619,4625
2019,6,"595","595 - Thunder Bay",5376,4405,488,483,4405,576,395,382,3433,1561,2838,2538,969,492,3915
2019,9,"505","505 - Ottawa--Gatineau",26103,21255,2222,2626,21255,2572,2276,2291,14932,8880,14081,12022,5811,2855,17437
2019,9,"521","521 - Kingston",7062,5606,691,765,5606,879,577,646,4319,2097,3640,3422,1322,809,4931
2019,9,"529","529 - Peterborough",5189,4094,467,628,4094,661,434,466,3161,1562,2790,2399,1081,634,3474
2019,9,"532","532 - Oshawa",10274,8298,1013,963,8298,1119,857,1084,6390,2800,5364,4910,2334,1241,6699
2019,9,"535","535 - Toronto",123154,98272,10916,13966,98272,13776,11106,9671,67472,46011,65979,57175,30596,15728,76830
2019,9,"537","537 - Hamilton",23410,18261,2245,2904,18261,2883,2266,1838,13430,8142,12477,10933,5026,2565,15819
2019,9,"539","539 - St. Catharines--Niagara",15975,12456,1470,2049,12456,2143,1376,1320,9412,5243,8298,7677,3158,1805,11012
2019,9,"541","541 - Kitchener--Cambridge--Waterloo",12503,9927,1074,1502,9927,1442,1134,1304,7378,3821,6525,5978,3004,1462,8037
2019,9,"543","543 - Brantford",5835,4408,673,754,4408,851,576,504,3574,1757,3107,2728,1140,706,3989
2019,9,"550","550 - Guelph",3509,2850,299,360,2850,401,258,398,2145,966,1778,1731,879,413,2217
2019,9,"555","555 - London",17196,13610,1449,2137,13610,2051,1535,1468,10229,5499,8857,8339,3961,2055,11180
2019,9,"559","559 - Windsor",12391,9343,1127,1921,9343,1702,1346,1068,6929,4394,6694,5697,3039,1546,7806
2019,9,"568","568 - Barrie",5308,4222,557,529,4222,652,434,615,3196,1497,2752,2556,1293,705,3310
2019,9,"580","580 - Greater Sudbury",6554,5316,615,623,5316,744,494,559,3870,2125,3447,3107,1263,680,4611
2019,9,"595","595 - Thunder Bay",5388,4423,488,477,4423,573,392,375,3435,1578,2835,2553,954,534,3900
2019,12,"505","505 - Ottawa--Gatineau",26098,21270,2221,2607,21270,2565,2263,2310,14902,8886,14107,11991,5821,3033,17244
2019,12,"521","521 - Kingston",7064,5637,688,739,5637,862,565,630,4314,2120,3629,3435,1276,868,4920
2019,12,"529","529 - Peterborough",5168,4081,465,622,4081,651,436,452,3151,1565,2776,2392,1058,663,3447
2019,12,"532","532 - Oshawa",10273,8288,1005,980,8288,1139,846,1051,6375,2847,5361,4912,2327,1288,6658
2019,12,"535","535 - Toronto",123467,98577,10922,13968,98577,13792,11098,9587,67603,46277,66178,57289,30343,17066,76058
2019,12,"537","537 - Hamilton",23456,18333,2229,2894,18333,2857,2266,1817,13483,8156,12474,10982,4942,2762,15752
2019,12,"539","539 - St. Catharines--Niagara",15919,12468,1454,1997,12468,2111,1340,1311,9373,5235,8267,7652,3044,1953,10922
2019,12,"541","541 - Kitchener--Cambridge--Waterloo",12525,9952,1064,1509,9952,1443,1130,1301,7383,3841,6538,5987,2963,1588,7974
2019,12,"543","543 - Brantford",5834,4396,679,759,4396,856,582,501,3565,1768,3103,2731,1098,745,3991
2019,12,"550","550 - Guelph",3505,2839,304,362,2839,406,260,404,2150,951,1765,1740,860,458,2187
2019,12,"555","555 - London",17333,13693,1501,2139,13693,2080,1560,1466,10294,5573,8910,8423,3948,2238,11147
2019,12,"559","559 - Windsor",12499,9440,1110,1949,9440,1706,1353,1060,6989,4450,6755,5744,3033,1689,7777
2019,12,"568","568 - Barrie",5358,4266,567,525,4266,646,446,614,3221,1523,2764,2594,1273,787,3298
2019,12,"580","580 - Greater Sudbury",6562,5317,624,621,5317,752,493,565,3865,2132,3460,3102,1236,741,4585
2019,12,"595","595 - Thunder Bay",5363,4397,489,477,4397,578,388,362,3426,1575,2831,2532,939,556,3868
2020,3,"505","505 - Ottawa--Gatineau",26300,21405,2246,2649,21405,2587,2308,2320,15002,8978,14198,12102,5859,3059,17382
2020,3,"521","521 - Kingston",7101,5664,693,744,5664,875,562,613,4354,2134,3648,3453,1268,858,4975
2020,3,"529","529 - Peterborough",5168,4061,464,643,4061,661,446,454,3157,1557,2765,2403,1016,676,3476
2020,3,"532","532 - Oshawa",10387,8390,1008,989,8390,1150,847,1073,6438,2876,5436,4951,2333,1336,6718
2020,3,"535","535 - Toronto",123875,99004,10872,13999,99004,13831,11040,9589,67931,46355,66421,57454,29813,17562,76500
2020,3,"537","537 - Hamilton",23618,18480,2225,2913,18480,2874,2264,1828,13573,8217,12597,11021,4898,2847,15873
2020,3,"539","539 - St. Catharines--Niagara",15970,12512,1455,2003,12512,2112,1346,1303,9406,5261,8266,7704,2939,2000,11031
2020,3,"541","541 - Kitchener--Cambridge--Waterloo",12641,10028,1092,1521,10028,1460,1153,1302,7464,3875,6596,6045,2953,1620,8068
2020,3,"543","543 - Brantford",5861,4412,680,769,4412,869,580,500,3572,1789,3112,2749,1097,732,4032
2020,3,"550","550 - Guelph",3524,2863,310,351,2863,405,256,405,2177,942,1775,1749,852,478,2194
2020,3,"555","555 - London",17452,13770,1514,2168,13770,2091,1591,1496,10351,5605,8988,8464,3972,2255,11225
2020,3,"559","559 - Windsor",12516,9480,1099,1937,9480,1684,1352,1061,6986,4469,6729,5787,2957,1722,7837
2020,3,"568","568 - Barrie",5406,4336,564,506,4336,627,443,619,3257,1530,2799,2607,1235,804,3367
2020,3,"580","580 - Greater Sudbury",6576,5332,631,613,5332,756,488,568,3870,2138,3460,3116,1204,774,4598
2020,3,"595","595 - Thunder Bay",5368,4409,486,473,4409,563,396,353,3454,1561,2842,2526,908,563,3897
2020,6,"505","505 - Ottawa--Gatineau",26264,21385,2272,2607,21385,2577,2302,2278,14945,9041,14200,12064,5696,3095,17473
2020,6,"521","521 - Kingston",7019,5630,683,706,5630,837,552,602,4302,2115,3616,3403,1207,870,4942
2020,6,"529","529 - Peterborough",5120,4029,473,618,4029,656,435,435,3130,1555,2724,2396,958,674,3488
2020,6,"532","532 - Oshawa",10396,8406,1024,966,8406,1142,848,1043,6440,2913,5430,4966,2232,1373,6791
2020,6,"535","535 - Toronto",123257,98553,10906,13798,98553,13729,10975,9419,67548,46290,66080,57177,28944,17543,76770
2020,6,"537","537 - Hamilton",23574,18458,2254,2862,18458,2847,2269,1777,13542,8255,12563,11011,4725,2965,15884
2020,6,"539","539 - St. Catharines--Niagara",15833,12460,1454,1919,12460,2033,1340,1245,9331,5257,8204,7629,2787,1995,11051
2020,6,"541","541 - Kitchener--Cambridge--Waterloo",12536,9966,1104,1466,9966,1436,1134,1254,7427,3855,6537,5999,2876,1606,8054
2020,6,"543","543 - Brantford",5795,4376,680,739,4376,855,564,494,3521,1780,3081,2714,1031,738,4026
2020,6,"550","550 - Guelph",3551,2890,313,348,2890,402,259,398,2195,958,1791,1760,829,497,2225
2020,6,"555","555 - London",17479,13801,1533,2145,13801,2062,1616,1469,10320,5690,8990,8489,3825,2338,11316
2020,6,"559","559 - Windsor",12490,9466,1109,1915,9466,1674,1350,1043,6958,4489,6714,5776,2901,1709,7880
2020,6,"568","568 - Barrie",5396,4334,575,487,4334,621,441,600,3282,1514,2788,2608,1177,814,3405
2020,6,"580","580 - Greater Sudbury",6538,5323,625,590,5323,734,481,546,3854,2138,3451,3087,1163,768,4607
2020,6,"595","595 - Thunder Bay",5338,4386,486,466,4386,556,396,338,3436,1564,2844,2494,874,554,3910
2020,9,"505","505 - Ottawa--Gatineau",26090,21266,2255,2569,21266,2530,2294,2240,14914,8936,14084,12006,5373,3286,17431
2020,9,"521","521 - Kingston",7013,5631,687,695,5631,833,549,603,4297,2113,3591,3422,1140,891,4982
2020,9,"529","529 - Peterborough",5114,4010,479,625,4010,669,435,430,3138,1546,2719,2395,896,694,3524
2020,9,"532","532 - Oshawa",10399,8399,1034,966,8399,1137,863,1040,6447,2912,5412,4987,2123,1429,6847
2020,9,"535","535 - Toronto",122982,98424,10830,13728,98424,13636,10922,9210,67375,46397,65976,57006,27508,18131,77343
2020,9,"537","537 - Hamilton",23465,18373,2246,2846,18373,2848,2244,1738,13512,8215,12473,10992,4533,2991,15941
2020,9,"539","539 - St. Catharines--Niagara",15910,12549,1441,1920,12549,2008,1353,1246,9389,5275,8258,7652,2683,2011,11216
2020,9,"541","541 - Kitchener--Cambridge--Waterloo",12537,9957,1102,1478,9957,1435,1145,1229,7447,3861,6529,6008,2776,1658,8103
2020,9,"543","543 - Brantford",5776,4358,684,734,4358,858,560,470,3533,1773,3063,2713,971,760,4045
2020,9,"550","550 - Guelph",3527,2878,309,340,2878,392,257,397,2177,953,1788,1739,785,508,2234
2020,9,"555","555 - London",17447,13752,1539,2156,13752,2070,1625,1448,10317,5682,8963,8484,3624,2408,11415
2020,9,"559","559 - Windsor",12575,9529,1120,1926,9529,1679,1367,1025,7026,4524,6770,5805,2761,1802,8012
2020,9,"568","568 - Barrie",5397,4329,577,491,4329,623,445,584,3276,1537,2787,2610,1136,823,3438
2020,9,"580","580 - Greater Sudbury",6508,5284,633,591,5284,746,478,528,3862,2118,3434,3074,1110,779,4619
2020,9,"595","595 - Thunder Bay",5309,4369,486,454,4369,541,399,319,3417,1573,2818,2491,818,552,3939
2020,12,"505","505 - Ottawa--Gatineau",25850,21096,2231,2523,21096,2485,2269,2180,14766,8904,13949,11901,5086,3322,17442
2020,12,"521","521 - Kingston",6965,5598,684,683,5598,827,540,601,4278,2086,3584,3381,1107,879,4979
2020,12,"529","529 - Peterborough",5097,4008,472,617,4008,654,435,425,3137,1535,2700,2397,836,700,3561
2020,12,"532","532 - Oshawa",10285,8302,1046,937,8302,1114,869,1000,6394,2891,5346,4939,1965,1469,6851
2020,12,"535","535 - Toronto",121572,97416,10756,13400,97416,13395,10761,8981,66529,46062,65173,56399,26037,18188,77347
2020,12,"537","537 - Hamilton",23292,18249,2226,2817,18249,2813,2230,1719,13409,8164,12407,10885,4242,3140,15910
2020,12,"539","539 - St. Catharines--Niagara",15860,12523,1437,1900,12523,1998,1339,1229,9369,5262,8223,7637,2550,2038,11272
2020,12,"541","541 - Kitchener--Cambridge--Waterloo",12431,9870,1111,1450,9870,1416,1145,1211,7372,3848,6479,5952,2590,1740,8101
2020,12,"543","543 - Brantford",5756,4332,684,740,4332,864,560,468,3527,1761,3048,2708,936,771,4049
2020,12,"550","550 - Guelph",3509,2863,311,335,2863,391,255,384,2172,953,1777,1732,720,534,2255
2020,12,"555","555 - London",17419,13749,1552,2118,13749,2064,1606,1427,10288,5704,8958,8461,3481,2464,11474
2020,12,"559","559 - Windsor",12540,9494,1120,1926,9494,1689,1357,1002,6970,4568,6740,5800,2602,1891,8047
2020,12,"568","568 - Barrie",5428,4373,571,484,4373,604,451,581,3268,1579,2803,2625,1116,823,3489
2020,12,"580","580 - Greater Sudbury",6473,5262,633,578,5262,742,469,533,3850,2090,3422,3051,1032,829,4612
2020,12,"595","595 - Thunder Bay",5237,4317,484,436,4317,545,375,311,3349,1577,2790,2447,755,588,3894
2021,3,"505","505 - Ottawa--Gatineau",25729,21035,2215,2479,21035,2449,2245,2133,14739,8857,13869,11860,4871,3323,17535
2021,3,"521","521 - Kingston",6950,5598,669,683,5598,811,541,606,4262,2082,3575,3375,1072,863,5015
2021,3,"529","529 - Peterborough",5082,4011,469,602,4011,632,439,412,3145,1525,2697,2385,799,692,3591
2021,3,"532","532 - Oshawa",10235,8252,1046,937,8252,1101,882,975,6366,2894,5334,4901,1887,1480,6868
2021,3,"535","535 - Toronto",120638,96798,10714,13126,96798,13173,10667,8927,65981,45730,64689,55949,24834,18155,77649
2021,3,"537","537 - Hamilton",23081,18106,2202,2773,18106,2765,2210,1676,13292,8113,12281,10800,4020,3103,15958
2021,3,"539","539 - St. Catharines--Niagara",15747,12466,1431,1850,12466,1969,1312,1184,9355,5208,8173,7574,2381,2077,11289
2021,3,"541","541 - Kitchener--Cambridge--Waterloo",12427,9891,1094,1442,9891,1410,1126,1204,7355,3868,6501,5926,2525,1736,8166
2021,3,"543","543 - Brantford",5722,4329,679,714,4329,841,552,465,3490,1767,3024,2698,888,776,4058
2021,3,"550","550 - Guelph",3545,2900,321,324,2900,386,259,398,2194,953,1798,1747,739,545,2261
2021,3,"555","555 - London",17398,13759,1544,2095,13759,2033,1606,1424,10285,5689,8942,8456,3378,2460,11560
2021,3,"559","559 - Windsor",12466,9440,1113,1913,9440,1661,1365,975,6920,4571,6722,5744,2446,1884,8136
2021,3,"568","568 - Barrie",5417,4363,581,473,4363,599,455,589,3262,1566,2799,2618,1084,799,3534
2021,3,"580","580 - Greater Sudbury",6434,5256,631,547,5256,726,452,534,3822,2078,3417,3017,998,812,4624
2021,3,"595","595 - Thunder Bay",5203,4291,484,428,4291,547,365,317,3323,1563,2764,2439,730,594,3879
2021,6,"505","505 - Ottawa--Gatineau",25674,21007,2215,2452,21007,2434,2233,2131,14668,8875,13809,11865,4555,3507,17612
2021,6,"521","521 - Kingston",6928,5597,658,673,5597,798,533,598,4267,2063,3573,3355,974,886,5068
2021,6,"529","529 - Peterborough",5059,4009,463,587,4009,612,438,409,3135,1515,2674,2385,766,707,3586
2021,6,"532","532 - Oshawa",10160,8179,1058,923,8179,1115,866,942,6367,2851,5301,4859,1781,1486,6893
2021,6,"535","535 - Toronto",119790,96297,10631,12862,96297,13010,10483,8905,65462,45423,64242,55548,23214,18539,78037
2021,6,"537","537 - Hamilton",22831,17938,2178,2715,17938,2729,2164,1647,13126,8058,12134,10697,3767,3143,15921
2021,6,"539","539 - St. Catharines--Niagara",15663,12439,1409,1815,12439,1926,1298,1179,9266,5218,8142,7521,2259,2087,11317
2021,6,"541","541 - Kitchener--Cambridge--Waterloo",12422,9895,1099,1428,9895,1404,1123,1213,7343,3866,6469,5953,2410,1798,8214
2021,6,"543","543 - Brantford",5686,4316,678,692,4316,822,548,445,3485,1756,3009,2677,819,775,4092
2021,6,"550","550 - Guelph",3531,2890,316,325,2890,386,255,404,2172,955,1792,1739,688,550,2293
2021,6,"555","555 - London",17356,13739,1546,2071,13739,2015,1602,1419,10236,5701,8921,8435,3154,2554,11648
2021,6,"559","559 - Windsor",12450,9429,1109,1912,9429,1655,1366,971,6931,4548,6690,5760,2303,1966,8181
2021,6,"568","568 - Barrie",5335,4302,580,453,4302,601,432,589,3183,1563,2731,2604,1005,827,3503
2021,6,"580","580 - Greater Sudbury",6389,5218,617,554,5218,723,448,509,3816,2064,3397,2992,933,826,4630
2021,6,"595","595 - Thunder Bay",5179,4275,482,422,4275,537,367,307,3313,1559,2758,2421,674,617,3888
2021,9,"505","505 - Ottawa--Gatineau",25544,20938,2201,2405,20938,2403,2203,2111,14578,8855,13712,11832,4324,3543,17677
2021,9,"521","521 - Kingston",6897,5559,670,668,5559,812,526,590,4244,2063,3536,3361,923,875,5099
2021,9,"529","529 - Peterborough",5060,4006,470,584,4006,617,437,405,3127,1528,2675,2385,724,675,3661
2021,9,"532","532 - Oshawa",10120,8152,1059,909,8152,1096,872,931,6299,2890,5279,4841,1688,1488,6944
2021,9,"535","535 - Toronto",119121,95968,10535,12618,95968,12917,10236,8790,65067,45264,63852,55269,22089,18237,78795
2021,9,"537","537 - Hamilton",22765,17899,2153,2713,17899,2718,2148,1670,13061,8034,12130,10635,3653,3135,15977
2021,9,"539","539 - St. Catharines--Niagara",15575,12422,1369,1784,12422,1867,1286,1189,9189,5197,8080,7495,2127,2063,11385
2021,9,"541","541 - Kitchener--Cambridge--Waterloo",12381,9869,1108,1404,9869,1394,1118,1195,7299,3887,6451,5930,2311,1793,8277
2021,9,"543","543 - Brantford",5640,4287,668,685,4287,812,541,420,3471,1749,2997,2643,754,752,4134
2021,9,"550","550 - Guelph",3529,2891,313,325,2891,382,256,391,2191,947,1799,1730,652,552,2325
2021,9,"555","555 - London",17268,13692,1534,2042,13692,1979,1597,1385,10220,5663,8908,8360,3041,2531,11696
2021,9,"559","559 - Windsor",12440,9420,1126,1894,9420,1658,1362,950,6932,4558,6680,5760,2206,1947,8287
2021,9,"568","568 - Barrie",5323,4299,575,449,4299,592,432,578,3171,1574,2730,2593,946,815,3562
2021,9,"580","580 - Greater Sudbury",6376,5206,628,542,5206,724,446,516,3834,2026,3374,3002,907,796,4673
2021,9,"595","595 - Thunder Bay",5153,4268,474,411,4268,520,365,315,3287,1551,2748,2405,665,591,3897
2021,12,"505","505 - Ottawa--Gatineau",25406,20857,2162,2387,20857,2376,2173,2081,14480,8845,13584,11822,4184,3547,17675
2021,12,"521","521 - Kingston",6802,5493,665,644,5493,790,519,575,4197,2030,3497,3305,861,841,5100
2021,12,"529","529 - Peterborough",5024,3970,469,585,3970,613,441,399,3104,1521,2654,2370,663,693,3668
2021,12,"532","532 - Oshawa",10109,8145,1053,911,8145,1122,842,925,6269,2915,5292,4817,1632,1487,6990
2021,12,"535","535 - Toronto",118549,95743,10314,12492,95743,12796,10010,8752,64759,45038,63602,54947,21128,18072,79349
2021,12,"537","537 - Hamilton",22717,17866,2160,2691,17866,2725,2126,1607,13050,8060,12088,10629,3532,3094,16091
2021,12,"539","539 - St. Catharines--Niagara",15585,12437,1367,1781,12437,1879,1269,1174,9196,5215,8093,7492,2041,2004,11540
2021,12,"541","541 - Kitchener--Cambridge--Waterloo",12368,9891,1092,1385,9891,1402,1075,1175,7287,3906,6436,5932,2216,1779,8373
2021,12,"543","543 - Brantford",5624,4290,656,678,4290,792,542,414,3464,1746,2979,2645,722,737,4165
2021,12,"550","550 - Guelph",3483,2861,309,313,2861,370,252,385,2164,934,1766,1717,628,506,2349
2021,12,"555","555 - London",17218,13660,1523,2035,13660,1962,1596,1393,10192,5633,8875,8343,2967,2493,11758
2021,12,"559","559 - Windsor",12458,9430,1129,1899,9430,1668,1360,923,6960,4575,6674,5784,2143,1916,8399
2021,12,"568","568 - Barrie",5310,4290,566,454,4290,596,424,581,3161,1568,2728,2582,925,793,3592
2021,12,"580","580 - Greater Sudbury",6327,5137,622,568,5137,744,446,510,3810,2007,3364,2963,853,801,4673
2021,12,"595","595 - Thunder Bay",5124,4271,464,389,4271,507,346,300,3275,1549,2724,2400,640,582,3902
2022,3,"505","505 - Ottawa--Gatineau",25349,20855,2124,2370,20855,2363,2131,2054,14526,8769,13590,11759,4051,3527,17771
2022,3,"521","521 - Kingston",6790,5491,659,640,5491,771,528,572,4191,2027,3489,3301,822,847,5121
2022,3,"529","529 - Peterborough",5003,3959,472,572,3959,610,434,387,3105,1511,2641,2362,632,672,3699
2022,3,"532","532 - Oshawa",10079,8108,1059,912,8108,1132,839,905,6270,2904,5251,4828,1577,1417,7085
2022,3,"535","535 - Toronto",117794,95598,9968,12228,95598,12563,9633,8751,64373,44670,63267,54527,20354,17638,79802
2022,3,"537","537 - Hamilton",22633,17846,2114,2673,17846,2693,2094,1573,13003,8057,12056,10577,3388,3073,16172
2022,3,"539","539 - St. Catharines--Niagara",15529,12426,1346,1757,12426,1840,1263,1199,9154,5176,8079,7450,2007,1889,11633
2022,3,"541","541 - Kitchener--Cambridge--Waterloo",12372,9893,1087,1392,9893,1411,1068,1173,7301,3898,6447,5925,2142,1759,8471
2022,3,"543","543 - Brantford",5604,4273,661,670,4273,804,527,409,3448,1747,2961,2643,709,702,4193
2022,3,"550","550 - Guelph",3481,2871,311,299,2871,367,243,394,2154,933,1756,1725,612,513,2356
2022,3,"555","555 - London",17204,13645,1521,2038,13645,1992,1567,1392,10201,5611,8876,8328,2875,2482,11847
2022,3,"559","559 - Windsor",12466,9453,1114,1899,9453,1660,1353,913,6974,4579,6705,5761,2084,1889,8493
2022,3,"568","568 - Barrie",5280,4280,553,447,4280,579,421,574,3148,1558,2696,2584,880,774,3626
2022,3,"580","580 - Greater Sudbury",6271,5106,609,556,5106,724,441,490,3789,1992,3318,2953,827,764,4680
2022,3,"595","595 - Thunder Bay",5133,4277,462,394,4277,510,346,309,3272,1552,2711,2422,614,566,3953
2022,6,"505","505 - Ottawa--Gatineau",25233,20790,2089,2354,20790,2319,2124,2040,14465,8728,13526,11707,3908,3503,17822
2022,6,"521","521 - Kingston",6751,5460,661,630,5460,772,519,567,4170,2014,3459,3292,803,811,5137
2022,6,"529","529 - Peterborough",4980,3951,474,555,3951,597,432,373,3090,1517,2633,2347,621,629,3730
2022,6,"532","532 - Oshawa",10107,8152,1060,895,8152,1109,846,894,6295,2918,5243,4864,1531,1372,7204
2022,6,"535","535 - Toronto",117476,95596,9830,12050,95596,12396,9484,8679,64265,44532,63045,54431,19787,17436,80253
2022,6,"537","537 - Hamilton",22448,17742,2089,2617,17742,2619,2087,1527,12912,8009,11977,10471,3218,2964,16266
2022,6,"539","539 - St. Catharines--Niagara",15436,12376,1321,1739,12376,1801,1259,1203,9056,5177,7997,7439,1983,1832,11621
2022,6,"541","541 - Kitchener--Cambridge--Waterloo",12381,9908,1096,1377,9908,1395,1078,1154,7325,3902,6463,5918,2083,1745,8553
2022,6,"543","543 - Brantford",5587,4281,650,656,4281,789,517,405,3424,1758,2938,2649,693,674,4220
2022,6,"550","550 - Guelph",3499,2899,304,296,2899,361,239,398,2164,937,1763,1736,604,493,2402
2022,6,"555","555 - London",17260,13705,1535,2020,13705,1987,1568,1399,10261,5600,8897,8363,2866,2398,11996
2022,6,"559","559 - Windsor",12459,9453,1124,1882,9453,1668,1338,889,6983,4587,6691,5768,2013,1860,8586
2022,6,"568","568 - Barrie",5285,4294,553,438,4294,580,411,574,3157,1554,2698,2587,874,739,3672
2022,6,"580","580 - Greater Sudbury",6230,5084,603,543,5084,705,441,488,3758,1984,3291,2939,814,731,4685
2022,6,"595","595 - Thunder Bay",5104,4245,470,389,4245,511,348,313,3243,1548,2696,2408,602,556,3946
2022,9,"505","505 - Ottawa--Gatineau",25196,20790,2071,2335,20790,2298,2108,2015,14425,8756,13487,11709,3776,3391,18029
2022,9,"521","521 - Kingston",6693,5405,659,629,5405,771,517,561,4163,1969,3438,3255,774,752,5167
2022,9,"529","529 - Peterborough",4962,3958,462,542,3958,581,423,371,3081,1510,2602,2360,580,610,3772
2022,9,"532","532 - Oshawa",10103,8145,1067,891,8145,1101,857,876,6294,2933,5244,4859,1514,1314,7275
2022,9,"535","535 - Toronto",117216,95506,9762,11948,95506,12359,9351,8644,64069,44503,62889,54327,19213,17016,80987
2022,9,"537","537 - Hamilton",22404,17740,2098,2566,17740,2617,2047,1501,12900,8003,11977,10427,3107,2937,16360
2022,9,"539","539 - St. Catharines--Niagara",15358,12341,1302,1715,12341,1780,1237,1186,9032,5140,7963,7395,1946,1742,11670
2022,9,"541","541 - Kitchener--Cambridge--Waterloo",12318,9838,1089,1391,9838,1411,1069,1153,7293,3872,6433,5885,1993,1743,8582
2022,9,"543","543 - Brantford",5587,4295,651,641,4295,780,512,397,3443,1747,2936,2651,670,645,4272
2022,9,"550","550 - Guelph",3532,2938,309,285,2938,356,238,409,2178,945,1787,1745,605,480,2447
2022,9,"555","555 - London",17257,13732,1535,1990,13732,1966,1559,1388,10273,5596,8911,8346,2845,2304,12108
2022,9,"559","559 - Windsor",12497,9535,1095,1867,9535,1634,1328,898,7000,4599,6710,5787,1979,1817,8701
2022,9,"568","568 - Barrie",5262,4293,543,426,4293,576,393,571,3149,1542,2704,2558,858,713,3691
2022,9,"580","580 - Greater Sudbury",6250,5129,601,520,5129,688,433,473,3759,2018,3293,2957,790,721,4739
2022,9,"595","595 - Thunder Bay",5029,4207,460,362,4207,475,347,308,3188,1533,2659,2370,570,538,3921
2022,12,"505","505 - Ottawa--Gatineau",25120,20732,2063,2325,20732,2302,2086,2004,14395,8721,13433,11687,3711,3339,18070
2022,12,"521","521 - Kingston",6632,5385,639,608,5385,739,508,545,4123,1964,3419,3213,758,722,5152
2022,12,"529","529 - Peterborough",4939,3944,463,532,3944,568,427,380,3068,1491,2586,2353,562,595,3782
2022,12,"532","532 - Oshawa",10079,8129,1058,892,8129,1103,847,891,6251,2937,5236,4843,1477,1265,7337
2022,12,"535","535 - Toronto",117175,95579,9708,11888,95579,12323,9273,8643,63973,44559,62857,54318,18857,16703,81615
2022,12,"537","537 - Hamilton",22341,17708,2074,2559,17708,2595,2038,1502,12818,8021,11924,10417,3079,2781,16481
2022,12,"539","539 - St. Catharines--Niagara",15358,12345,1315,1698,12345,1779,1234,1178,9036,5144,7980,7378,1938,1702,11718
2022,12,"541","541 - Kitchener--Cambridge--Waterloo",12300,9839,1084,1377,9839,1399,1062,1155,7266,3879,6400,5900,1976,1664,8660
2022,12,"543","543 - Brantford",5577,4295,651,631,4295,767,515,399,3435,1743,2915,2662,687,608,4282
2022,12,"550","550 - Guelph",3550,2959,298,293,2959,352,239,413,2185,952,1808,1742,624,469,2457
2022,12,"555","555 - London",17290,13745,1535,2010,13745,1964,1581,1412,10289,5589,8901,8389,2842,2263,12185
2022,12,"559","559 - Windsor",12487,9531,1097,1859,9531,1623,1333,888,7008,4591,6710,5777,1908,1748,8831
2022,12,"568","568 - Barrie",5256,4288,548,420,4288,575,393,552,3168,1536,2705,2551,824,714,3718
2022,12,"580","580 - Greater Sudbury",6261,5133,604,524,5133,691,437,466,3771,2024,3307,2954,825,670,4766
2022,12,"595","595 - Thunder Bay",5037,4210,467,360,4210,480,347,311,3199,1527,2661,2376,589,504,3944
2023,3,"505","505 - Ottawa--Gatineau",25066,20717,2054,2295,20717,2265,2084,1997,14378,8691,13427,11639,3657,3252,18157
2023,3,"521","521 - Kingston",6645,5414,629,602,5414,719,512,556,4153,1936,3426,3219,765,712,5168
2023,3,"529","529 - Peterborough",4917,3930,450,537,3930,563,424,389,3054,1474,2578,2339,577,552,3788
2023,3,"532","532 - Oshawa",10079,8136,1063,880,8136,1089,854,908,6273,2898,5241,4838,1486,1243,7350
2023,3,"535","535 - Toronto",116865,95424,9662,11779,95424,12215,9226,8636,63854,44375,62679,54186,18705,16164,81996
2023,3,"537","537 - Hamilton",22264,17695,2071,2498,17695,2549,2020,1521,12802,7941,11871,10393,3106,2666,16492
2023,3,"539","539 - St. Catharines--Niagara",15321,12316,1327,1678,12316,1772,1233,1175,9063,5083,7989,7332,1946,1601,11774
2023,3,"541","541 - Kitchener--Cambridge--Waterloo",12272,9841,1070,1361,9841,1362,1069,1134,7286,3852,6413,5859,1941,1624,8707
2023,3,"543","543 - Brantford",5523,4250,651,622,4250,776,497,401,3405,1717,2871,2652,677,595,4251
2023,3,"550","550 - Guelph",3560,2984,293,283,2984,340,236,424,2188,948,1797,1763,633,463,2464
2023,3,"555","555 - London",17282,13732,1529,2021,13732,1956,1594,1426,10273,5583,8931,8351,2866,2182,12234
2023,3,"559","559 - Windsor",12503,9538,1095,1870,9538,1623,1342,891,7005,4607,6735,5768,1912,1698,8893
2023,3,"568","568 - Barrie",5208,4260,537,411,4260,555,393,540,3160,1508,2674,2534,832,681,3695
2023,3,"580","580 - Greater Sudbury",6252,5110,610,532,5110,698,444,467,3782,2003,3297,2955,827,650,4775
2023,3,"595","595 - Thunder Bay",5014,4195,466,353,4195,488,331,311,3186,1517,2653,2361,586,492,3936
2023,6,"505","505 - Ottawa--Gatineau",25071,20712,2058,2301,20712,2268,2091,1967,14416,8688,13413,11658,3681,3019,18371
2023,6,"521","521 - Kingston",6610,5388,631,591,5388,716,506,561,4114,1935,3404,3206,801,632,5177
2023,6,"529","529 - Peterborough",4909,3943,448,518,3943,547,419,396,3052,1461,2576,2333,592,520,3797
2023,6,"532","532 - Oshawa",10061,8140,1061,860,8140,1068,853,904,6257,2900,5239,4822,1455,1186,7420
2023,6,"535","535 - Toronto",116654,95284,9675,11695,95284,12184,9186,8573,63733,44348,62540,54114,18832,15132,82690
2023,6,"537","537 - Hamilton",22262,17728,2064,2470,17728,2522,2012,1556,12829,7877,11830,10432,3140,2541,16581
2023,6,"539","539 - St. Catharines--Niagara",15258,12265,1351,1642,12265,1762,1231,1171,9038,5049,7942,7316,1979,1520,11759
2023,6,"541","541 - Kitchener--Cambridge--Waterloo",12348,9912,1078,1358,9912,1353,1083,1123,7336,3889,6473,5875,1980,1510,8858
2023,6,"543","543 - Brantford",5530,4271,659,600,4271,752,507,408,3430,1692,2874,2656,720,542,4268
2023,6,"550","550 - Guelph",3557,2962,323,272,2962,355,240,418,2183,956,1788,1769,635,416,2506
2023,6,"555","555 - London",17405,13822,1553,2030,13822,1969,1614,1459,10336,5610,8972,8433,2946,2087,12372
2023,6,"559","559 - Windsor",12524,9554,1104,1866,9554,1616,1354,891,7009,4624,6741,5783,1891,1588,9045
2023,6,"568","568 - Barrie",5244,4300,544,400,4300,547,397,550,3167,1527,2684,2560,836,653,3755
2023,6,"580","580 - Greater Sudbury",6188,5063,611,514,5063,698,427,464,3752,1972,3270,2918,807,611,4770
2023,6,"595","595 - Thunder Bay",5005,4187,464,354,4187,488,330,313,3187,1505,2649,2356,607,450,3948
2023,9,"505","505 - Ottawa--Gatineau",25096,20729,2058,2309,20729,2268,2099,1981,14410,8705,13419,11677,3817,2785,18494
2023,9,"521","521 - Kingston",6588,5380,636,572,5380,711,497,580,4074,1934,3389,3199,815,582,5191
2023,9,"529","529 - Peterborough",4907,3955,441,511,3955,540,412,407,3051,1449,2581,2326,621,471,3815
2023,9,"532","532 - Oshawa",10063,8160,1060,843,8160,1061,842,913,6232,2918,5248,4815,1518,1075,7470
2023,9,"535","535 - Toronto",116560,95364,9628,11568,95364,12066,9130,8607,63600,44353,62462,54098,19353,14124,83083
2023,9,"537","537 - Hamilton",22304,17799,2056,2449,17799,2518,1987,1585,12829,7890,11849,10455,3289,2373,16642
2023,9,"539","539 - St. Catharines--Niagara",15317,12336,1333,1648,12336,1755,1226,1181,9064,5072,7982,7335,2068,1370,11879
2023,9,"541","541 - Kitchener--Cambridge--Waterloo",12352,9952,1080,1320,9952,1333,1067,1145,7333,3874,6453,5899,2054,1435,8863
2023,9,"543","543 - Brantford",5529,4284,657,588,4284,748,497,412,3426,1691,2874,2655,757,505,4267
2023,9,"550","550 - Guelph",3578,2989,321,268,2989,345,244,406,2204,968,1799,1779,671,377,2530
2023,9,"555","555 - London",17540,13967,1549,2024,13967,1962,1611,1494,10410,5636,9055,8485,3111,1947,12482
2023,9,"559","559 - Windsor",12574,9603,1105,1866,9603,1626,1345,902,7036,4636,6747,5827,1963,1498,9113
2023,9,"568","568 - Barrie",5261,4313,554,394,4313,556,392,535,3214,1512,2696,2565,852,600,3809
2023,9,"580","580 - Greater Sudbury",6187,5082,609,496,5082,690,415,459,3730,1998,3277,2910,838,567,4782
2023,9,"595","595 - Thunder Bay",4995,4201,459,335,4201,472,322,316,3177,1502,2641,2354,650,415,3930
2023,12,"505","505 - Ottawa--Gatineau",24965,20629,2045,2291,20629,2263,2073,1983,14334,8648,13367,11598,3931,2629,18405
2023,12,"521","521 - Kingston",6557,5361,636,560,5361,705,491,576,4063,1918,3369,3188,828,544,5185
2023,12,"529","529 - Peterborough",4899,3969,431,499,3969,525,405,402,3047,1450,2578,2321,642,425,3832
2023,12,"532","532 - Oshawa",10105,8188,1069,848,8188,1064,853,921,6245,2939,5276,4829,1590,1001,7514
2023,12,"535","535 - Toronto",116086,94958,9600,11528,94958,12041,9087,8556,63415,44115,62056,54030,19835,13295,82956
2023,12,"537","537 - Hamilton",22294,17807,2059,2428,17807,2506,1981,1589,12867,7838,11837,10457,3402,2219,16673
2023,12,"539","539 - St. Catharines--Niagara",15200,12257,1343,1600,12257,1734,1209,1161,9012,5027,7925,7275,2113,1282,11805
2023,12,"541","541 - Kitchener--Cambridge--Waterloo",12412,10020,1080,1312,10020,1332,1060,1187,7363,3862,6476,5936,2138,1375,8899
2023,12,"543","543 - Brantford",5543,4301,659,583,4301,738,504,409,3442,1692,2902,2641,786,461,4296
2023,12,"550","550 - Guelph",3547,2964,315,268,2964,339,244,409,2195,943,1779,1768,679,374,2494
2023,12,"555","555 - London",17570,13971,1562,2037,13971,1988,1611,1511,10458,5601,9066,8504,3201,1857,12512
2023,12,"559","559 - Windsor",12585,9622,1100,1863,9622,1621,1342,911,7044,4630,6751,5834,2008,1412,9165
2023,12,"568","568 - Barrie",5265,4328,548,389,4328,545,392,521,3232,1512,2707,2558,847,590,3828
2023,12,"580","580 - Greater Sudbury",6201,5105,608,488,5105,684,412,467,3754,1980,3281,2920,896,521,4784
2023,12,"595","595 - Thunder Bay",4966,4184,451,331,4184,466,316,316,3143,1507,2619,2347,671,381,3914
2024,3,"505","505 - Ottawa--Gatineau",25024,20667,2039,2318,20667,2277,2080,1984,14392,8648,13430,11594,4137,2468,18419
2024,3,"521","521 - Kingston",6509,5329,642,538,5329,686,494,575,4039,1895,3332,3177,835,505,5169
2024,3,"529","529 - Peterborough",4916,3974,451,491,3974,530,412,390,3085,1441,2588,2328,658,400,3858
2024,3,"532","532 - Oshawa",10070,8167,1058,845,8167,1064,839,915,6250,2905,5256,4814,1585,977,7508
2024,3,"535","535 - Toronto",116051,94994,9576,11481,94994,12019,9038,8610,63550,43891,62080,53971,20664,12486,82901
2024,3,"537","537 - Hamilton",22355,17886,2066,2403,17886,2495,1974,1611,12910,7834,11882,10473,3564,2062,16729
2024,3,"539","539 - St. Catharines--Niagara",15207,12264,1366,1577,12264,1736,1207,1177,9037,4993,7923,7284,2185,1217,11805
2024,3,"541","541 - Kitchener--Cambridge--Waterloo",12390,9990,1082,1318,9990,1327,1073,1212,7343,3835,6450,5940,2211,1316,8863
2024,3,"543","543 - Brantford",5565,4313,671,581,4313,745,507,423,3460,1682,2899,2666,849,438,4278
2024,3,"550","550 - Guelph",3531,2959,309,263,2959,335,237,407,2181,943,1772,1759,662,367,2502
2024,3,"555","555 - London",17583,13967,1586,2030,13967,1972,1644,1525,10500,5558,9074,8509,3315,1779,12489
2024,3,"559","559 - Windsor",12616,9654,1089,1873,9654,1604,1358,910,7080,4626,6769,5847,2085,1330,9201
2024,3,"568","568 - Barrie",5305,4361,549,395,4361,550,394,527,3288,1490,2734,2571,879,572,3854
2024,3,"580","580 - Greater Sudbury",6200,5111,608,481,5111,680,409,483,3762,1955,3266,2934,930,504,4766
2024,3,"595","595 - Thunder Bay",4946,4157,474,315,4157,474,315,319,3147,1480,2615,2331,703,363,3880
2024,6,"505","505 - Ottawa--Gatineau",24962,20642,2039,2281,20642,2247,2073,1973,14366,8623,13386,11576,4264,2326,18372
2024,6,"521","521 - Kingston",6507,5340,642,525,5340,679,488,577,4054,1876,3337,3170,867,494,5146
2024,6,"529","529 - Peterborough",4897,3968,444,485,3968,519,410,391,3078,1428,2582,2315,679,399,3819
2024,6,"532","532 - Oshawa",10040,8162,1057,821,8162,1047,831,915,6226,2899,5248,4792,1613,939,7488
2024,6,"535","535 - Toronto",116361,95317,9651,11393,95317,12030,9014,8802,63619,43940,62223,54138,21810,11763,82788
2024,6,"537","537 - Hamilton",22207,17795,2067,2345,17795,2453,1959,1605,12821,7781,11810,10397,3643,1934,16630
2024,6,"539","539 - St. Catharines--Niagara",15258,12336,1382,1540,12336,1719,1203,1183,9080,4995,7937,7321,2338,1162,11758
2024,6,"541","541 - Kitchener--Cambridge--Waterloo",12418,10023,1081,1314,10023,1323,1072,1234,7359,3825,6449,5969,2236,1273,8909
2024,6,"543","543 - Brantford",5556,4339,664,553,4339,713,504,430,3479,1647,2895,2661,904,407,4245
2024,6,"550","550 - Guelph",3556,2985,305,266,2985,332,239,400,2200,956,1791,1765,674,373,2509
2024,6,"555","555 - London",17656,14019,1611,2026,14019,1983,1654,1566,10515,5575,9107,8549,3454,1761,12441
2024,6,"559","559 - Windsor",12653,9702,1085,1866,9702,1596,1355,916,7070,4667,6791,5862,2133,1255,9265
2024,6,"568","568 - Barrie",5323,4394,552,377,4394,556,373,531,3297,1495,2727,2596,937,540,3846
2024,6,"580","580 - Greater Sudbury",6151,5096,603,452,5096,646,409,495,3733,1923,3225,2926,945,501,4705
2024,6,"595","595 - Thunder Bay",4930,4144,470,316,4144,467,319,319,3147,1464,2592,2338,743,345,3842
2024,9,"505","505 - Ottawa--Gatineau",25065,20738,2027,2300,20738,2242,2085,1984,14439,8642,13414,11651,4353,2229,18483
2024,9,"521","521 - Kingston",6474,5305,646,523,5305,677,492,550,4064,1860,3314,3160,853,470,5151
2024,9,"529","529 - Peterborough",4909,3981,453,475,3981,518,410,377,3099,1433,2597,2312,675,393,3841
2024,9,"532","532 - Oshawa",10076,8196,1057,823,8196,1044,836,908,6261,2907,5301,4775,1637,899,7540
2024,9,"535","535 - Toronto",116926,95754,9708,11464,95754,12090,9082,8862,64104,43960,62576,54350,22571,11046,83309
2024,9,"537","537 - Hamilton",22278,17836,2097,2345,17836,2477,1965,1592,12930,7756,11850,10428,3752,1870,16656
2024,9,"539","539 - St. Catharines--Niagara",15305,12383,1402,1520,12383,1716,1206,1166,9121,5018,7946,7359,2399,1122,11784
2024,9,"541","541 - Kitchener--Cambridge--Waterloo",12516,10109,1088,1319,10109,1322,1085,1229,7435,3852,6520,5996,2305,1206,9005
2024,9,"543","543 - Brantford",5600,4379,648,573,4379,715,506,442,3499,1659,2914,2686,964,365,4271
2024,9,"550","550 - Guelph",3581,3011,302,268,3011,335,235,391,2230,960,1809,1772,671,358,2552
2024,9,"555","555 - London",17802,14123,1637,2042,14123,2007,1672,1549,10678,5575,9180,8622,3572,1682,12548
2024,9,"559","559 - Windsor",12750,9755,1106,1889,9755,1613,1382,922,7127,4701,6839,5911,2225,1201,9324
2024,9,"568","568 - Barrie",5346,4405,567,374,4405,551,390,533,3318,1495,2742,2604,978,502,3866
2024,9,"580","580 - Greater Sudbury",6174,5126,597,451,5126,636,412,514,3726,1934,3237,2937,971,466,4737
2024,9,"595","595 - Thunder Bay",4926,4134,477,315,4134,471,321,325,3146,1455,2584,2342,759,335,3832
2024,12,"505","505 - Ottawa--Gatineau",25203,20824,2038,2341,20824,2249,2130,1983,14557,8663,13462,11741,4543,2090,18570
2024,12,"521","521 - Kingston",6503,5331,645,527,5331,675,497,555,4084,1864,3339,3164,889,457,5157
2024,12,"529","529 - Peterborough",4906,3980,458,468,3980,510,416,382,3102,1422,2591,2315,704,357,3845
2024,12,"532","532 - Oshawa",10071,8189,1068,814,8189,1040,842,898,6287,2886,5286,4785,1705,853,7513
2024,12,"535","535 - Toronto",117324,96017,9806,11501,96017,12189,9118,8942,64409,43973,62851,54473,23815,10252,83257
2024,12,"537","537 - Hamilton",22361,17877,2123,2361,17877,2477,2007,1627,12991,7743,11895,10466,3883,1815,16663
2024,12,"539","539 - St. Catharines--Niagara",15454,12482,1421,1551,12482,1740,1232,1215,9227,5012,8027,7427,2550,1083,11821
2024,12,"541","541 - Kitchener--Cambridge--Waterloo",12595,10171,1102,1322,10171,1355,1069,1228,7516,3851,6554,6041,2391,1168,9036
2024,12,"543","543 - Brantford",5593,4397,646,550,4397,714,482,453,3478,1662,2916,2677,994,355,4244
2024,12,"550","550 - Guelph",3589,3007,317,265,3007,337,245,373,2256,960,1810,1779,692,333,2564
2024,12,"555","555 - London",17999,14281,1675,2043,14281,2027,1691,1578,10837,5584,9272,8727,3756,1603,12640
2024,12,"559","559 - Windsor",12810,9776,1126,1908,9776,1629,1405,916,7190,4704,6880,5930,2322,1124,9364
2024,12,"568","568 - Barrie",5342,4396,569,377,4396,551,395,527,3331,1484,2728,2614,996,467,3879
2024,12,"580","580 - Greater Sudbury",6207,5169,598,440,5169,638,400,505,3768,1934,3258,2949,1004,442,4761
2024,12,"595","595 - Thunder Bay",4923,4134,480,309,4134,467,322,331,3144,1448,2572,2351,790,327,3806
2025,3,"505","505 - Ottawa--Gatineau",25240,20837,2044,2359,20837,2261,2142,1993,14568,8679,13482,11758,4609,2000,18631
2025,3,"521","521 - Kingston",6516,5345,644,527,5345,659,512,557,4098,1861,3352,3164,916,422,5178
2025,3,"529","529 - Peterborough",4909,3978,466,465,3978,507,424,383,3129,1397,2593,2316,731,342,3836
2025,3,"532","532 - Oshawa",10114,8213,1080,821,8213,1050,851,919,6342,2853,5296,4818,1749,834,7531
2025,3,"535","535 - Toronto",117547,96220,9803,11524,96220,12184,9143,9022,64764,43761,62929,54618,24441,9984,83122
2025,3,"537","537 - Hamilton",22471,17992,2119,2360,17992,2475,2004,1669,13082,7720,11961,10510,4019,1760,16692
2025,3,"539","539 - St. Catharines--Niagara",15513,12550,1417,1546,12550,1734,1229,1224,9294,4995,8077,7436,2682,1064,11767
2025,3,"541","541 - Kitchener--Cambridge--Waterloo",12709,10274,1096,1339,10274,1356,1079,1208,7615,3886,6627,6082,2439,1112,9158
2025,3,"543","543 - Brantford",5638,4435,651,552,4435,710,493,462,3518,1658,2948,2690,1020,358,4260
2025,3,"550","550 - Guelph",3591,3005,317,269,3005,339,247,366,2276,949,1809,1782,692,331,2568
2025,3,"555","555 - London",18103,14363,1673,2067,14363,2021,1719,1586,10933,5584,9312,8791,3783,1610,12710
2025,3,"559","559 - Windsor",12809,9759,1137,1913,9759,1652,1398,915,7222,4672,6898,5911,2332,1116,9361
2025,3,"568","568 - Barrie",5342,4417,558,367,4417,531,394,503,3368,1471,2721,2621,993,471,3878
2025,3,"580","580 - Greater Sudbury",6199,5160,597,442,5160,634,405,506,3783,1910,3240,2959,999,449,4751
2025,3,"595","595 - Thunder Bay",4929,4134,489,306,4134,467,328,329,3156,1444,2572,2357,805,316,3808
2025,6,"505","505 - Ottawa--Gatineau",25074,20745,2032,2297,20745,2214,2115,2000,14454,8620,13392,11682,4646,1971,18457
2025,6,"521","521 - Kingston",6483,5331,637,515,5331,646,506,561,4080,1842,3340,3143,940,432,5111
2025,6,"529","529 - Peterborough",4885,3969,459,457,3969,481,435,385,3130,1370,2584,2301,780,325,3780
2025,6,"532","532 - Oshawa",10142,8247,1089,806,8247,1048,847,941,6335,2866,5322,4820,1802,823,7517
2025,6,"535","535 - Toronto",117149,95987,9805,11357,95987,12118,9044,9116,64482,43551,62759,54390,25162,9820,82167
2025,6,"537","537 - Hamilton",22309,17877,2120,2312,17877,2445,1987,1706,12890,7713,11861,10448,4151,1638,16520
2025,6,"539","539 - St. Catharines--Niagara",15453,12536,1428,1489,12536,1700,1217,1216,9250,4987,8043,7410,2785,1037,11631
2025,6,"541","541 - Kitchener--Cambridge--Waterloo",12645,10246,1088,1311,10246,1329,1070,1203,7538,3904,6565,6080,2481,1091,9073
2025,6,"543","543 - Brantford",5630,4452,659,519,4452,679,499,461,3509,1660,2948,2682,1055,350,4225
2025,6,"550","550 - Guelph",3577,2988,321,268,2988,333,256,347,2278,952,1791,1786,692,330,2555
2025,6,"555","555 - London",18125,14412,1680,2033,14412,1998,1715,1588,10943,5594,9273,8852,3895,1592,12638
2025,6,"559","559 - Windsor",12708,9691,1144,1873,9691,1629,1388,899,7204,4605,6830,5878,2385,1077,9246
2025,6,"568","568 - Barrie",5330,4412,549,369,4412,532,386,507,3349,1474,2711,2619,1010,480,3840
2025,6,"580","580 - Greater Sudbury",6160,5144,591,425,5144,609,407,504,3756,1900,3225,2935,994,441,4725
2025,6,"595","595 - Thunder Bay",4913,4122,491,300,4122,456,335,322,3145,1446,2558,2355,856,310,3747
2025,9,"505","505 - Ottawa--Gatineau",25165,20797,2043,2325,20797,2252,2116,1987,14574,8604,13420,11745,4733,2017,18415
2025,9,"521","521 - Kingston",6535,5387,627,521,5387,632,516,576,4082,1877,3347,3188,966,461,5108
2025,9,"529","529 - Peterborough",4925,4001,467,457,4001,495,429,399,3156,1370,2601,2324,822,324,3779
2025,9,"532","532 - Oshawa",10201,8292,1097,812,8292,1063,846,958,6373,2870,5360,4841,1850,876,7475
2025,9,"535","535 - Toronto",117846,96536,9814,11496,96536,12225,9085,9228,64911,43707,63202,54644,25902,10021,81923
2025,9,"537","537 - Hamilton",22493,18014,2129,2350,18014,2462,2017,1709,13043,7741,11973,10520,4303,1674,16516
2025,9,"539","539 - St. Catharines--Niagara",15576,12617,1443,1516,12617,1729,1230,1231,9372,4973,8095,7481,2895,1091,11590
2025,9,"541","541 - Kitchener--Cambridge--Waterloo",12736,10315,1082,1339,10315,1329,1092,1196,7625,3915,6606,6130,2507,1107,9122
2025,9,"543","543 - Brantford",5677,4475,667,535,4475,692,510,472,3527,1678,2961,2716,1085,363,4229
2025,9,"550","550 - Guelph",3625,3026,324,275,3026,346,253,352,2302,971,1813,1812,692,371,2562
2025,9,"555","555 - London",18395,14610,1718,2067,14610,2012,1773,1646,11155,5594,9445,8950,4012,1698,12685
2025,9,"559","559 - Windsor",12824,9789,1145,1890,9789,1646,1389,901,7275,4648,6914,5910,2430,1102,9292
2025,9,"568","568 - Barrie",5382,4459,560,363,4459,535,388,506,3421,1455,2734,2648,1045,477,3860
2025,9,"580","580 - Greater Sudbury",6158,5123,590,445,5123,632,403,501,3782,1875,3213,2945,987,472,4699
2025,9,"595","595 - Thunder Bay",4938,4134,499,305,4134,464,340,314,3149,1475,2569,2369,860,320,3758
2025,12,"505","505 - Ottawa--Gatineau",25218,20842,2057,2319,20842,2261,2115,2024,14614,8580,13465,11753,4722,2113,18383
2025,12,"521","521 - Kingston",6593,5433,636,524,5433,641,519,580,4133,1880,3396,3197,985,473,5135
2025,12,"529","529 - Peterborough",4947,4000,480,467,4000,504,443,398,3185,1364,2616,2331,823,349,3775
2025,12,"532","532 - Oshawa",10203,8292,1098,813,8292,1058,853,961,6406,2836,5356,4847,1878,893,7432
2025,12,"535","535 - Toronto",118078,96759,9752,11567,96759,12263,9056,9301,65108,43669,63348,54730,25891,10515,81672
2025,12,"537","537 - Hamilton",22558,18046,2136,2376,18046,2462,2050,1705,13159,7694,12013,10545,4304,1806,16448
2025,12,"539","539 - St. Catharines--Niagara",15614,12631,1445,1538,12631,1740,1243,1237,9411,4966,8097,7517,2924,1134,11556
2025,12,"541","541 - Kitchener--Cambridge--Waterloo",12735,10334,1081,1320,10334,1310,1091,1212,7618,3905,6599,6136,2522,1152,9061
2025,12,"543","543 - Brantford",5665,4463,662,540,4463,688,514,471,3532,1662,2945,2720,1060,395,4210
2025,12,"550","550 - Guelph",3668,3062,325,281,3062,347,259,358,2314,996,1834,1834,685,410,2573
2025,12,"555","555 - London",18433,14590,1750,2093,14590,2039,1804,1679,11199,5555,9469,8964,4024,1771,12638
2025,12,"559","559 - Windsor",12829,9806,1133,1890,9806,1636,1387,930,7317,4582,6888,5941,2419,1162,9248
2025,12,"568","568 - Barrie",5450,4507,572,371,4507,532,411,528,3483,1439,2767,2683,1082,483,3885
2025,12,"580","580 - Greater Sudbury",6142,5135,579,428,5135,614,393,511,3803,1828,3231,2911,982,504,4656
2025,12,"595","595 - Thunder Bay",4909,4106,503,300,4106,464,339,308,3144,1457,2564,2345,870,331,3708
2026,3,"505","505 - Ottawa--Gatineau",25195,20829,2048,2318,20829,2265,2101,2025,14656,8514,13461,11734,4813,2180,18202
2026,3,"521","521 - Kingston",6610,5466,627,517,5466,637,507,601,4161,1848,3397,3213,1013,504,5093
2026,3,"529","529 - Peterborough",4993,4033,489,471,4033,508,452,411,3222,1360,2628,2365,860,356,3777
2026,3,"532","532 - Oshawa",10299,8374,1109,816,8374,1058,867,999,6457,2843,5427,4872,1943,927,7429
2026,3,"535","535 - Toronto",118210,96992,9719,11499,96992,12223,8995,9483,65288,43439,63464,54746,26307,10786,81117
2026,3,"537","537 - Hamilton",22579,18104,2109,2366,18104,2428,2047,1745,13198,7636,12023,10556,4300,1910,16369
2026,3,"539","539 - St. Catharines--Niagara",15589,12633,1430,1526,12633,1717,1239,1248,9433,4908,8107,7482,2969,1206,11414
2026,3,"541","541 - Kitchener--Cambridge--Waterloo",12826,10419,1095,1312,10419,1314,1093,1265,7673,3888,6630,6196,2608,1178,9040
2026,3,"543","543 - Brantford",5665,4486,659,520,4486,665,514,491,3516,1658,2945,2720,1082,411,4172
2026,3,"550","550 - Guelph",3692,3092,327,273,3092,342,258,374,2312,1006,1851,1841,715,404,2573
2026,3,"555","555 - London",18517,14658,1756,2103,14658,2046,1813,1687,11317,5513,9538,8979,4120,1771,12626
2026,3,"559","559 - Windsor",12794,9800,1122,1872,9800,1610,1384,923,7319,4552,6883,5911,2421,1166,9207
2026,3,"568","568 - Barrie",5494,4531,578,385,4531,552,411,546,3510,1438,2783,2711,1127,473,3894
2026,3,"580","580 - Greater Sudbury",6105,5103,576,426,5103,608,394,530,3768,1807,3206,2899,985,518,4602
2026,3,"595","595 - Thunder Bay",4896,4116,490,290,4116,451,329,310,3162,1424,2562,2334,874,354,3668
