"year","month","cma_code","cma","cases","fts","ftsp","ftc","fs1","fs2","fs3","age24","age2554","age55","male","female","moa04","moa512","moa1318","moa19"
2003,3,"505","505 - Ottawa--Gatineau",18345,9711,6257,2377,9711,3163,5471,3265,13793,1287,8533,9812,4605,4887,1845,7008
2003,3,"521","521 - Kingston",2983,1510,1151,322,1510,719,754,770,2090,123,1204,1779,915,762,265,1041
2003,3,"529","529 - Peterborough",2253,1142,848,263,1142,539,572,606,1522,125,959,1294,656,600,234,763
2003,3,"532","532 - Oshawa",3944,1790,1816,338,1790,1047,1107,939,2786,219,1389,2555,1171,1026,406,1341
2003,3,"535","535 - Toronto",77229,40246,26892,10091,40246,15352,21631,12678,57408,7143,33945,43284,20615,21119,9045,26450
2003,3,"537","537 - Hamilton",11187,4818,4670,1699,4818,2588,3781,2151,8315,721,4757,6430,2980,3052,1313,3842
2003,3,"539","539 - St. Catharines--Niagara",6509,3075,2667,767,3075,1558,1876,1429,4712,368,2644,3865,2132,1905,644,1828
2003,3,"541","541 - Kitchener--Cambridge--Waterloo",6818,3369,2573,876,3369,1558,1891,1571,4722,525,2988,3830,2293,1699,663,2163
2003,3,"543","543 - Brantford",1526,640,757,129,640,375,511,424,1037,65,515,1011,553,424,150,399
2003,3,"550","550 - Guelph",906,475,353,78,475,212,219,200,632,74,375,531,404,239,76,187
2003,3,"555","555 - London",8835,4141,3373,1321,4141,2001,2693,1928,6354,553,3795,5040,2503,2399,976,2957
2003,3,"559","559 - Windsor",6115,2838,2536,741,2838,1415,1862,1295,4380,440,2529,3586,1697,1583,656,2179
2003,3,"568","568 - Barrie",1401,671,609,121,671,362,368,366,955,80,537,864,654,400,115,232
2003,3,"580","580 - Greater Sudbury",4067,2167,1464,436,2167,962,938,1166,2727,174,1775,2292,1266,1097,396,1308
2003,3,"595","595 - Thunder Bay",2123,1010,959,154,1010,537,576,519,1512,92,810,1313,693,617,174,639
2003,6,"505","505 - Ottawa--Gatineau",18431,9695,6385,2351,9695,3214,5522,3473,13708,1250,8352,10079,4474,5023,1906,7028
2003,6,"521","521 - Kingston",2952,1472,1177,303,1472,716,764,760,2066,126,1153,1799,866,805,258,1023
2003,6,"529","529 - Peterborough",2178,1100,836,242,1100,517,561,650,1412,116,881,1297,587,624,207,760
2003,6,"532","532 - Oshawa",3860,1736,1810,314,1736,1061,1063,933,2723,204,1323,2537,1109,1073,376,1302
2003,6,"535","535 - Toronto",77703,40297,27312,10094,40297,15579,21827,13186,57318,7199,33530,44173,20015,22542,8288,26858
2003,6,"537","537 - Hamilton",10799,4562,4595,1642,4562,2561,3676,2112,7992,695,4465,6334,2667,3090,1165,3877
2003,6,"539","539 - St. Catharines--Niagara",6178,2773,2640,765,2773,1543,1862,1372,4474,332,2383,3795,1850,1918,548,1862
2003,6,"541","541 - Kitchener--Cambridge--Waterloo",6629,3192,2569,868,3192,1598,1839,1526,4613,490,2820,3809,2091,1760,613,2165
2003,6,"543","543 - Brantford",1490,603,749,138,603,397,490,405,1024,61,468,1022,508,446,153,383
2003,6,"550","550 - Guelph",908,464,363,81,464,220,224,196,643,69,350,558,380,255,69,204
2003,6,"555","555 - London",8960,4198,3442,1320,4198,2061,2701,2026,6361,573,3783,5177,2644,2416,972,2928
2003,6,"559","559 - Windsor",6196,2833,2603,760,2833,1449,1914,1362,4394,440,2465,3731,1819,1596,578,2203
2003,6,"568","568 - Barrie",1374,641,626,107,641,358,375,345,960,69,483,891,588,439,113,234
2003,6,"580","580 - Greater Sudbury",4121,2125,1560,436,2125,1026,970,1229,2728,164,1703,2418,1283,1174,345,1319
2003,6,"595","595 - Thunder Bay",2132,953,1027,152,953,554,625,541,1508,83,761,1371,689,611,211,621
2003,9,"505","505 - Ottawa--Gatineau",17837,9303,6238,2296,9303,3148,5386,3206,13335,1296,7968,9869,4210,4722,2016,6889
2003,9,"521","521 - Kingston",2744,1362,1117,265,1362,664,718,679,1951,114,1048,1696,779,760,258,947
2003,9,"529","529 - Peterborough",2055,1020,802,233,1020,491,544,607,1332,116,788,1267,547,568,199,741
2003,9,"532","532 - Oshawa",3751,1661,1805,285,1661,1026,1064,870,2671,210,1247,2504,1039,1056,371,1285
2003,9,"535","535 - Toronto",77221,39978,27457,9786,39978,15611,21632,12957,56995,7269,32796,44425,19787,22675,8365,26394
2003,9,"537","537 - Hamilton",10591,4453,4580,1558,4453,2531,3607,2050,7846,695,4306,6285,2683,2839,1297,3772
2003,9,"539","539 - St. Catharines--Niagara",6034,2701,2561,772,2701,1477,1856,1329,4365,340,2317,3717,1945,1703,629,1757
2003,9,"541","541 - Kitchener--Cambridge--Waterloo",6575,3174,2550,851,3174,1573,1828,1478,4585,512,2781,3794,2099,1735,627,2114
2003,9,"543","543 - Brantford",1489,626,740,123,626,371,492,407,1018,64,476,1013,537,428,135,389
2003,9,"550","550 - Guelph",861,437,352,72,437,205,219,187,601,73,319,542,363,222,87,189
2003,9,"555","555 - London",8710,4051,3359,1300,4051,2031,2628,1953,6192,565,3640,5070,2505,2462,878,2865
2003,9,"559","559 - Windsor",6062,2777,2559,726,2777,1418,1867,1309,4306,447,2401,3661,1715,1607,591,2149
2003,9,"568","568 - Barrie",1328,592,626,110,592,377,359,354,896,78,455,873,564,399,121,244
2003,9,"580","580 - Greater Sudbury",3961,2045,1522,394,2045,1002,914,1110,2692,159,1643,2318,1191,1106,363,1301
2003,9,"595","595 - Thunder Bay",1935,872,917,146,872,485,578,459,1394,82,663,1272,587,572,201,575
2003,12,"505","505 - Ottawa--Gatineau",17641,9345,6045,2251,9345,3060,5236,3241,13123,1277,7980,9661,4400,4408,2054,6779
2003,12,"521","521 - Kingston",2582,1300,1031,251,1300,606,676,633,1835,114,987,1595,772,687,256,867
2003,12,"529","529 - Peterborough",2059,1059,782,218,1059,464,536,597,1352,110,845,1214,630,503,231,695
2003,12,"532","532 - Oshawa",3740,1731,1733,276,1731,961,1048,885,2639,216,1269,2471,1106,1055,347,1232
2003,12,"535","535 - Toronto",75910,39660,26803,9447,39660,15380,20870,12744,56054,7112,32469,43441,20503,21368,8439,25600
2003,12,"537","537 - Hamilton",10690,4634,4484,1572,4634,2453,3603,2067,7910,713,4461,6229,3008,2828,1237,3617
2003,12,"539","539 - St. Catharines--Niagara",6271,2957,2518,796,2957,1438,1876,1431,4498,342,2562,3709,2287,1620,678,1686
2003,12,"541","541 - Kitchener--Cambridge--Waterloo",6352,3090,2418,844,3090,1460,1802,1433,4432,487,2713,3639,2081,1706,574,1991
2003,12,"543","543 - Brantford",1536,688,718,130,688,369,479,420,1054,62,538,998,590,430,149,367
2003,12,"550","550 - Guelph",838,427,335,76,427,202,209,176,596,66,310,528,323,250,80,185
2003,12,"555","555 - London",8532,4042,3228,1262,4042,1980,2510,1875,6093,564,3655,4877,2623,2397,839,2673
2003,12,"559","559 - Windsor",6091,2882,2463,746,2882,1349,1860,1283,4336,472,2489,3602,1844,1588,583,2076
2003,12,"568","568 - Barrie",1415,687,605,123,687,341,387,376,956,83,532,883,657,391,130,237
2003,12,"580","580 - Greater Sudbury",3845,2089,1393,363,2089,918,838,1091,2592,162,1656,2189,1181,1011,398,1255
2003,12,"595","595 - Thunder Bay",1904,882,888,134,882,467,555,445,1370,89,689,1215,632,519,198,555
2004,3,"505","505 - Ottawa--Gatineau",18178,9837,6067,2274,9837,3096,5245,3471,13339,1368,8449,9729,4513,4751,1998,6916
2004,3,"521","521 - Kingston",2807,1517,1028,262,1517,624,666,763,1913,131,1151,1656,942,723,271,871
2004,3,"529","529 - Peterborough",2337,1275,798,264,1275,507,555,701,1515,121,1046,1291,776,619,226,716
2004,3,"532","532 - Oshawa",3992,1947,1733,312,1947,1023,1022,1006,2765,221,1465,2527,1234,1140,387,1231
2004,3,"535","535 - Toronto",78392,41967,26762,9663,41967,15447,20978,13319,57665,7408,34426,43966,21670,22386,8849,25487
2004,3,"537","537 - Hamilton",11357,5130,4567,1660,5130,2519,3708,2263,8336,758,4900,6457,2995,3292,1245,3825
2004,3,"539","539 - St. Catharines--Niagara",6719,3320,2520,879,3320,1478,1921,1551,4789,379,2889,3830,2307,2000,652,1760
2004,3,"541","541 - Kitchener--Cambridge--Waterloo",6606,3349,2409,848,3349,1451,1806,1529,4583,494,2947,3659,2294,1742,586,1984
2004,3,"543","543 - Brantford",1663,762,755,146,762,375,526,455,1143,65,592,1071,625,499,168,371
2004,3,"550","550 - Guelph",925,494,362,69,494,224,207,195,668,62,364,561,401,262,77,185
2004,3,"555","555 - London",8942,4399,3242,1301,4399,2027,2516,2046,6315,581,3981,4961,2824,2560,874,2684
2004,3,"559","559 - Windsor",6262,3053,2438,771,3053,1333,1876,1400,4453,409,2626,3636,1954,1691,594,2023
2004,3,"568","568 - Barrie",1604,856,609,139,856,348,400,432,1082,90,678,926,729,501,128,246
2004,3,"580","580 - Greater Sudbury",3951,2174,1389,388,2174,920,857,1138,2657,156,1735,2216,1183,1104,412,1252
2004,3,"595","595 - Thunder Bay",2025,981,890,154,981,500,544,500,1430,95,772,1253,659,590,222,554
2004,6,"505","505 - Ottawa--Gatineau",18102,9667,6201,2234,9667,3232,5203,3549,13214,1339,8192,9910,4523,4799,1886,6894
2004,6,"521","521 - Kingston",2732,1461,1040,231,1461,623,648,749,1852,131,1050,1682,830,791,276,835
2004,6,"529","529 - Peterborough",2296,1223,813,260,1223,505,568,689,1490,117,981,1315,633,715,219,729
2004,6,"532","532 - Oshawa",3951,1901,1752,298,1901,1001,1049,994,2731,226,1403,2548,1176,1178,414,1183
2004,6,"535","535 - Toronto",77870,41683,26935,9252,41683,15598,20589,13587,56859,7424,33460,44410,20164,23410,8798,25498
2004,6,"537","537 - Hamilton",11130,5037,4533,1560,5037,2503,3590,2245,8154,731,4702,6428,2819,3320,1230,3761
2004,6,"539","539 - St. Catharines--Niagara",6420,3047,2549,824,3047,1501,1872,1429,4611,380,2603,3817,1934,2016,663,1807
2004,6,"541","541 - Kitchener--Cambridge--Waterloo",6276,3049,2425,802,3049,1510,1717,1434,4363,479,2655,3621,1994,1755,635,1892
2004,6,"543","543 - Brantford",1534,669,736,129,669,367,498,428,1039,67,480,1054,504,506,168,356
2004,6,"550","550 - Guelph",872,457,350,65,457,213,202,187,616,69,328,544,364,241,80,187
2004,6,"555","555 - London",8714,4226,3248,1240,4226,2010,2478,2029,6113,572,3706,5008,2555,2596,906,2657
2004,6,"559","559 - Windsor",6142,2912,2500,730,2912,1375,1855,1431,4322,389,2503,3639,1770,1755,627,1990
2004,6,"568","568 - Barrie",1522,771,614,137,771,379,372,416,1022,84,585,937,632,522,122,246
2004,6,"580","580 - Greater Sudbury",4002,2093,1508,401,2093,997,912,1191,2650,161,1637,2365,1225,1082,413,1282
2004,6,"595","595 - Thunder Bay",2085,962,942,181,962,520,603,489,1512,84,787,1298,730,591,197,567
2004,9,"505","505 - Ottawa--Gatineau",17574,9326,6100,2148,9326,3131,5117,3425,12853,1296,7781,9793,4319,4654,1932,6669
2004,9,"521","521 - Kingston",2729,1444,1039,246,1444,644,641,730,1862,137,1051,1678,858,765,279,827
2004,9,"529","529 - Peterborough",2157,1099,804,254,1099,489,569,627,1424,106,852,1305,541,668,220,728
2004,9,"532","532 - Oshawa",3808,1797,1719,292,1797,978,1033,933,2642,233,1318,2490,1108,1096,418,1186
2004,9,"535","535 - Toronto",77331,40974,27276,9081,40974,15739,20618,13362,56509,7460,32708,44623,20050,22795,8955,25531
2004,9,"537","537 - Hamilton",10574,4701,4409,1464,4701,2416,3457,2094,7775,705,4337,6237,2719,2928,1263,3664
2004,9,"539","539 - St. Catharines--Niagara",5952,2728,2468,756,2728,1450,1774,1273,4313,366,2338,3614,1919,1661,652,1720
2004,9,"541","541 - Kitchener--Cambridge--Waterloo",6145,2915,2438,792,2915,1475,1755,1390,4283,472,2538,3607,2107,1560,623,1855
2004,9,"543","543 - Brantford",1495,654,726,115,654,338,503,425,1008,62,478,1017,509,461,156,369
2004,9,"550","550 - Guelph",849,422,353,74,422,213,214,202,585,62,304,545,315,249,89,196
2004,9,"555","555 - London",8638,4179,3256,1203,4179,2001,2458,1932,6121,585,3634,5004,2613,2487,901,2637
2004,9,"559","559 - Windsor",6162,2907,2547,708,2907,1385,1870,1407,4347,408,2430,3732,1786,1725,642,2009
2004,9,"568","568 - Barrie",1392,689,582,121,689,357,346,397,912,83,497,895,559,463,116,254
2004,9,"580","580 - Greater Sudbury",3810,2019,1431,360,2019,909,882,1090,2550,170,1574,2236,1112,1005,419,1274
2004,9,"595","595 - Thunder Bay",2031,972,885,174,972,476,583,480,1463,88,779,1252,669,599,201,562
2004,12,"505","505 - Ottawa--Gatineau",17184,9281,5867,2036,9281,2988,4915,3314,12587,1283,7721,9463,4391,4511,1847,6435
2004,12,"521","521 - Kingston",2635,1364,1023,248,1364,622,649,684,1813,138,1028,1607,811,736,287,801
2004,12,"529","529 - Peterborough",2061,1103,730,228,1103,454,504,575,1377,109,859,1202,589,539,221,712
2004,12,"532","532 - Oshawa",3764,1789,1662,313,1789,976,999,924,2600,240,1350,2414,1080,1108,397,1179
2004,12,"535","535 - Toronto",77279,41329,26905,9045,41329,15611,20339,13044,56610,7625,33140,44139,20827,22159,9029,25264
2004,12,"537","537 - Hamilton",10413,4723,4271,1419,4723,2353,3337,2090,7603,720,4329,6084,2874,2667,1324,3548
2004,12,"539","539 - St. Catharines--Niagara",6150,2997,2421,732,2997,1434,1719,1365,4400,385,2556,3594,2227,1613,633,1677
2004,12,"541","541 - Kitchener--Cambridge--Waterloo",5912,2805,2308,799,2805,1377,1730,1269,4206,437,2508,3404,2023,1522,551,1816
2004,12,"543","543 - Brantford",1512,664,724,124,664,359,489,403,1044,65,533,979,563,409,181,359
2004,12,"550","550 - Guelph",861,446,342,73,446,214,201,196,604,61,343,518,365,231,78,187
2004,12,"555","555 - London",8475,4141,3141,1193,4141,1965,2369,1848,6030,597,3668,4807,2528,2459,928,2560
2004,12,"559","559 - Windsor",6264,2999,2549,716,2999,1393,1872,1462,4391,411,2533,3731,1917,1659,689,1999
2004,12,"568","568 - Barrie",1461,738,596,127,738,364,359,390,990,81,583,878,672,403,144,242
2004,12,"580","580 - Greater Sudbury",3699,2019,1330,350,2019,858,822,1038,2483,178,1573,2126,1097,980,367,1255
2004,12,"595","595 - Thunder Bay",1970,978,830,162,978,455,537,474,1401,95,757,1213,634,591,196,549
2005,3,"505","505 - Ottawa--Gatineau",17690,9717,5916,2057,9717,3037,4936,3524,12854,1312,8120,9570,4549,4811,1846,6484
2005,3,"521","521 - Kingston",2812,1535,1019,258,1535,605,672,738,1939,135,1168,1644,867,808,306,831
2005,3,"529","529 - Peterborough",2281,1270,749,262,1270,486,525,660,1498,123,1023,1258,664,617,279,721
2005,3,"532","532 - Oshawa",3974,1963,1659,352,1963,967,1044,957,2769,248,1531,2443,1210,1141,456,1167
2005,3,"535","535 - Toronto",80920,44416,27246,9258,44416,15917,20587,13833,59114,7973,35735,45185,20765,24170,9673,26312
2005,3,"537","537 - Hamilton",10910,5140,4290,1480,5140,2400,3370,2216,7981,713,4723,6187,3008,3027,1240,3635
2005,3,"539","539 - St. Catharines--Niagara",6710,3419,2477,814,3419,1498,1793,1506,4811,393,2914,3796,2329,2009,669,1703
2005,3,"541","541 - Kitchener--Cambridge--Waterloo",6166,3041,2284,841,3041,1391,1734,1379,4313,474,2702,3464,2112,1691,526,1837
2005,3,"543","543 - Brantford",1614,744,724,146,744,357,513,449,1100,65,606,1008,548,510,192,364
2005,3,"550","550 - Guelph",930,514,335,81,514,205,211,242,621,67,394,536,409,253,78,190
2005,3,"555","555 - London",8761,4444,3082,1235,4444,1925,2392,1952,6201,608,3960,4801,2578,2608,980,2595
2005,3,"559","559 - Windsor",6579,3264,2587,728,3264,1414,1901,1530,4619,430,2756,3823,1893,1900,728,2058
2005,3,"568","568 - Barrie",1671,912,623,136,912,369,390,425,1142,104,723,948,766,509,143,253
2005,3,"580","580 - Greater Sudbury",3844,2127,1346,371,2127,871,846,1112,2549,183,1667,2177,1089,1091,379,1285
2005,3,"595","595 - Thunder Bay",2010,1031,814,165,1031,458,521,476,1433,101,816,1194,599,642,210,559
2005,6,"505","505 - Ottawa--Gatineau",17608,9554,6045,2009,9554,3135,4919,3636,12723,1249,7852,9756,4496,4862,1811,6439
2005,6,"521","521 - Kingston",2800,1487,1065,248,1487,651,662,760,1906,134,1099,1701,806,842,296,856
2005,6,"529","529 - Peterborough",2350,1322,770,258,1322,498,530,694,1533,123,1042,1308,671,678,260,741
2005,6,"532","532 - Oshawa",4050,1967,1721,362,1967,1022,1061,987,2809,254,1473,2577,1258,1164,441,1187
2005,6,"535","535 - Toronto",81653,44849,27755,9049,44849,16222,20582,14425,59204,8024,35423,46230,19496,25340,9784,27033
2005,6,"537","537 - Hamilton",10782,5069,4296,1417,5069,2368,3345,2224,7817,741,4571,6211,2863,3109,1140,3670
2005,6,"539","539 - St. Catharines--Niagara",6292,3086,2456,750,3086,1493,1713,1405,4489,398,2601,3691,1897,1989,650,1756
2005,6,"541","541 - Kitchener--Cambridge--Waterloo",6096,2923,2381,792,2923,1436,1737,1383,4242,471,2521,3575,2003,1742,540,1811
2005,6,"543","543 - Brantford",1533,666,724,143,666,377,490,450,1020,63,517,1016,497,484,166,386
2005,6,"550","550 - Guelph",903,484,342,77,484,201,218,216,622,65,342,561,360,273,88,182
2005,6,"555","555 - London",8434,4184,3092,1158,4184,1886,2364,1922,5923,589,3651,4783,2302,2584,958,2590
2005,6,"559","559 - Windsor",6699,3282,2661,756,3282,1482,1935,1629,4626,444,2720,3979,1803,2035,748,2113
2005,6,"568","568 - Barrie",1641,865,662,114,865,423,353,436,1113,92,653,988,687,543,136,275
2005,6,"580","580 - Greater Sudbury",3867,2084,1411,372,2084,897,886,1154,2538,175,1567,2300,1155,1059,390,1263
2005,6,"595","595 - Thunder Bay",2109,1047,890,172,1047,500,562,484,1521,104,828,1281,717,628,228,536
2005,9,"505","505 - Ottawa--Gatineau",17450,9426,6063,1961,9426,3151,4873,3526,12652,1272,7695,9755,4580,4626,1897,6347
2005,9,"521","521 - Kingston",2758,1446,1040,272,1446,650,662,718,1899,141,1069,1689,841,743,307,867
2005,9,"529","529 - Peterborough",2360,1284,818,258,1284,527,549,671,1562,127,991,1369,709,621,240,790
2005,9,"532","532 - Oshawa",3957,1900,1732,325,1900,1013,1044,958,2734,265,1373,2584,1198,1123,394,1242
2005,9,"535","535 - Toronto",82291,44765,28506,9020,44765,16569,20957,14404,59761,8126,35110,47181,19600,24299,10324,28068
2005,9,"537","537 - Hamilton",10602,4889,4354,1359,4889,2401,3312,2210,7653,739,4345,6257,2939,2924,1136,3603
2005,9,"539","539 - St. Catharines--Niagara",6234,3001,2484,749,3001,1500,1733,1368,4490,376,2497,3737,2075,1706,724,1729
2005,9,"541","541 - Kitchener--Cambridge--Waterloo",6045,2881,2389,775,2881,1416,1748,1369,4199,477,2413,3632,1918,1669,642,1816
2005,9,"543","543 - Brantford",1547,662,736,149,662,383,502,442,1043,62,508,1039,517,448,181,401
2005,9,"550","550 - Guelph",933,473,378,82,473,240,220,220,644,69,351,582,386,273,79,195
2005,9,"555","555 - London",8419,4184,3119,1116,4184,1890,2345,1892,5931,596,3580,4839,2417,2362,1026,2614
2005,9,"559","559 - Windsor",6720,3265,2711,744,3265,1504,1951,1628,4645,447,2666,4054,1752,2016,790,2162
2005,9,"568","568 - Barrie",1687,897,669,121,897,420,370,452,1129,106,645,1042,693,556,156,282
2005,9,"580","580 - Greater Sudbury",3733,2009,1374,350,2009,884,840,1068,2474,191,1529,2204,1130,975,381,1247
2005,9,"595","595 - Thunder Bay",2010,992,853,165,992,478,540,477,1438,95,785,1225,646,611,217,536
2005,12,"505","505 - Ottawa--Gatineau",16834,9160,5788,1886,9160,3050,4624,3409,12165,1260,7473,9361,4452,4344,1855,6183
2005,12,"521","521 - Kingston",2699,1461,972,266,1461,614,624,721,1845,133,1106,1593,848,723,312,816
2005,12,"529","529 - Peterborough",2334,1275,801,258,1275,543,516,663,1544,127,1008,1326,685,636,228,785
2005,12,"532","532 - Oshawa",4001,1963,1702,336,1963,1031,1007,965,2768,268,1458,2543,1275,1121,403,1202
2005,12,"535","535 - Toronto",82689,45490,28166,9033,45490,16332,20867,14126,60336,8227,35821,46868,20470,23020,10808,28391
2005,12,"537","537 - Hamilton",10479,5005,4170,1304,5005,2301,3173,2241,7522,716,4327,6151,2980,2995,1124,3380
2005,12,"539","539 - St. Catharines--Niagara",6462,3272,2471,719,3272,1479,1711,1426,4650,386,2688,3774,2355,1665,753,1689
2005,12,"541","541 - Kitchener--Cambridge--Waterloo",5834,2853,2264,717,2853,1349,1632,1279,4094,461,2423,3411,1917,1547,622,1748
2005,12,"543","543 - Brantford",1572,714,721,137,714,382,476,422,1084,66,575,997,549,458,172,393
2005,12,"550","550 - Guelph",899,467,361,71,467,222,210,205,635,59,345,554,349,285,74,191
2005,12,"555","555 - London",8095,4057,2955,1083,4057,1788,2250,1812,5731,552,3502,4593,2361,2169,992,2573
2005,12,"559","559 - Windsor",6828,3390,2681,757,3390,1512,1926,1659,4701,468,2728,4100,1963,1890,820,2155
2005,12,"568","568 - Barrie",1735,975,647,113,975,408,352,444,1192,99,697,1038,727,538,185,285
2005,12,"580","580 - Greater Sudbury",3453,1901,1257,295,1901,784,768,969,2317,167,1460,1993,1039,881,347,1186
2005,12,"595","595 - Thunder Bay",2000,995,837,168,995,470,535,464,1439,97,786,1214,669,583,239,509
2006,3,"505","505 - Ottawa--Gatineau",16904,9375,5670,1859,9375,2972,4557,3558,12108,1238,7606,9298,4508,4555,1798,6043
2006,3,"521","521 - Kingston",2887,1613,987,287,1613,631,643,751,1992,144,1235,1652,942,772,304,869
2006,3,"529","529 - Peterborough",2539,1435,833,271,1435,568,536,729,1667,143,1137,1402,787,711,251,790
2006,3,"532","532 - Oshawa",4309,2201,1732,376,2201,1062,1046,1111,2944,254,1688,2621,1404,1277,418,1210
2006,3,"535","535 - Toronto",85102,47629,28221,9252,47629,16558,20915,14685,61867,8550,37470,47632,20472,24060,10939,29631
2006,3,"537","537 - Hamilton",10689,5271,4110,1308,5271,2304,3114,2362,7622,705,4540,6149,3018,3162,1170,3339
2006,3,"539","539 - St. Catharines--Niagara",6848,3577,2503,768,3577,1532,1739,1620,4821,407,2917,3931,2345,2081,696,1726
2006,3,"541","541 - Kitchener--Cambridge--Waterloo",6160,3128,2296,736,3128,1368,1664,1400,4288,472,2622,3538,2105,1673,592,1790
2006,3,"543","543 - Brantford",1733,829,749,155,829,418,486,490,1159,84,644,1089,620,522,178,413
2006,3,"550","550 - Guelph",946,512,353,81,512,216,218,205,680,61,403,543,390,276,87,193
2006,3,"555","555 - London",8389,4349,2974,1066,4349,1800,2240,1929,5889,571,3729,4660,2491,2350,921,2627
2006,3,"559","559 - Windsor",7233,3688,2728,817,3688,1533,2012,1761,4984,488,3002,4231,2076,2057,843,2257
2006,3,"568","568 - Barrie",2011,1200,660,151,1200,428,383,531,1373,107,883,1128,896,630,174,311
2006,3,"580","580 - Greater Sudbury",3571,2054,1204,313,2054,770,747,1046,2357,168,1578,1993,1106,951,344,1170
2006,3,"595","595 - Thunder Bay",2063,1049,834,180,1049,475,539,494,1464,105,834,1229,636,658,239,530
2006,6,"505","505 - Ottawa--Gatineau",16647,9153,5648,1846,9153,2958,4536,3554,11873,1220,7289,9358,4387,4535,1745,5980
2006,6,"521","521 - Kingston",2850,1534,1039,277,1534,674,642,764,1937,149,1134,1716,883,790,298,879
2006,6,"529","529 - Peterborough",2446,1367,832,247,1367,540,539,694,1615,137,1061,1385,657,758,245,786
2006,6,"532","532 - Oshawa",4293,2162,1761,370,2162,1061,1070,1080,2943,270,1616,2677,1277,1363,431,1222
2006,6,"535","535 - Toronto",84753,47185,28436,9132,47185,16701,20867,15073,61230,8450,36605,48148,19992,23803,10280,30678
2006,6,"537","537 - Hamilton",10410,4999,4144,1267,4999,2338,3073,2342,7395,673,4274,6136,2796,3120,1202,3292
2006,6,"539","539 - St. Catharines--Niagara",6345,3190,2484,671,3190,1478,1677,1489,4452,404,2553,3792,1883,2100,584,1778
2006,6,"541","541 - Kitchener--Cambridge--Waterloo",6122,3051,2369,702,3051,1403,1668,1422,4234,466,2494,3628,1953,1779,582,1808
2006,6,"543","543 - Brantford",1632,747,745,140,747,418,467,473,1095,64,557,1075,529,501,196,406
2006,6,"550","550 - Guelph",941,524,345,72,524,206,211,229,650,62,388,553,368,278,94,201
2006,6,"555","555 - London",8171,4111,3034,1026,4111,1818,2242,1875,5745,551,3401,4770,2351,2294,818,2708
2006,6,"559","559 - Windsor",7384,3705,2876,803,3705,1639,2040,1811,5073,500,2977,4407,1973,2228,770,2413
2006,6,"568","568 - Barrie",1963,1133,695,135,1133,453,377,503,1342,118,809,1154,739,691,188,345
2006,6,"580","580 - Greater Sudbury",3465,1903,1252,310,1903,818,744,1029,2280,156,1419,2046,1052,932,341,1140
2006,6,"595","595 - Thunder Bay",2083,1043,874,166,1043,500,540,480,1509,94,824,1259,675,625,241,542
2006,9,"505","505 - Ottawa--Gatineau",15981,8582,5525,1874,8582,2912,4487,3217,11567,1197,6891,9090,4430,4183,1652,5716
2006,9,"521","521 - Kingston",2695,1443,1008,244,1443,648,604,687,1869,139,1045,1650,838,722,264,871
2006,9,"529","529 - Peterborough",2410,1304,849,257,1304,563,543,693,1579,138,1007,1403,717,643,281,769
2006,9,"532","532 - Oshawa",4279,2142,1789,348,2142,1083,1054,1109,2909,261,1537,2742,1339,1241,478,1221
2006,9,"535","535 - Toronto",84526,46762,28772,8992,46762,16781,20983,15102,61031,8393,36120,48406,20329,23128,10035,31034
2006,9,"537","537 - Hamilton",10118,4818,4107,1193,4818,2310,2990,2266,7173,679,4084,6034,2784,2853,1214,3267
2006,9,"539","539 - St. Catharines--Niagara",6115,3022,2431,662,3022,1448,1645,1394,4324,397,2413,3702,2039,1705,672,1699
2006,9,"541","541 - Kitchener--Cambridge--Waterloo",5991,2900,2410,681,2900,1436,1655,1325,4212,454,2403,3588,1911,1675,600,1805
2006,9,"543","543 - Brantford",1570,682,746,142,682,413,475,441,1054,75,521,1049,497,499,177,397
2006,9,"550","550 - Guelph",925,494,350,81,494,212,219,215,647,63,373,552,400,245,96,184
2006,9,"555","555 - London",8107,4035,3057,1015,4035,1810,2262,1885,5682,540,3373,4734,2457,2197,848,2605
2006,9,"559","559 - Windsor",7387,3663,2924,800,3663,1665,2059,1828,5043,516,2934,4453,1981,2130,847,2429
2006,9,"568","568 - Barrie",1912,1078,706,128,1078,458,376,512,1290,110,768,1144,743,617,201,351
2006,9,"580","580 - Greater Sudbury",3183,1709,1207,267,1709,780,694,865,2176,142,1297,1886,968,814,325,1076
2006,9,"595","595 - Thunder Bay",1915,968,814,133,968,447,500,438,1381,96,750,1165,578,569,237,531
2006,12,"505","505 - Ottawa--Gatineau",15488,8495,5268,1725,8495,2754,4239,3159,11151,1178,6797,8691,4280,4193,1565,5450
2006,12,"521","521 - Kingston",2595,1395,951,249,1395,603,597,653,1801,141,1046,1549,866,663,258,808
2006,12,"529","529 - Peterborough",2320,1293,795,232,1293,514,513,668,1528,124,1020,1300,678,630,272,740
2006,12,"532","532 - Oshawa",4393,2261,1790,342,2261,1083,1049,1145,2973,275,1659,2734,1504,1223,468,1198
2006,12,"535","535 - Toronto",83070,46468,27855,8747,46468,16186,20416,14557,60295,8218,36095,46975,20649,22281,9665,30475
2006,12,"537","537 - Hamilton",10127,5012,3935,1180,5012,2211,2904,2280,7157,690,4259,5868,3028,2789,1141,3169
2006,12,"539","539 - St. Catharines--Niagara",6508,3415,2436,657,3415,1437,1656,1507,4578,423,2695,3813,2423,1710,727,1648
2006,12,"541","541 - Kitchener--Cambridge--Waterloo",5871,2910,2300,661,2910,1358,1603,1307,4106,458,2415,3456,1983,1594,566,1728
2006,12,"543","543 - Brantford",1561,683,732,146,683,423,455,446,1048,67,538,1023,522,485,175,379
2006,12,"550","550 - Guelph",974,530,353,91,530,224,220,220,698,56,421,553,428,280,85,181
2006,12,"555","555 - London",7936,4089,2911,936,4089,1712,2135,1860,5565,511,3370,4566,2552,2130,828,2426
2006,12,"559","559 - Windsor",7321,3712,2825,784,3712,1641,1968,1836,4988,497,2982,4339,2073,2018,862,2368
2006,12,"568","568 - Barrie",1911,1103,677,131,1103,444,364,524,1269,118,851,1060,865,530,173,343
2006,12,"580","580 - Greater Sudbury",2956,1646,1074,236,1646,678,632,803,2009,144,1237,1719,919,710,306,1021
2006,12,"595","595 - Thunder Bay",1848,941,766,141,941,424,483,384,1355,109,745,1103,589,548,205,506
2007,3,"505","505 - Ottawa--Gatineau",15708,8878,5156,1674,8878,2681,4149,3281,11229,1198,7092,8616,4564,4339,1519,5286
2007,3,"521","521 - Kingston",2683,1474,945,264,1474,594,615,698,1859,126,1140,1543,914,717,243,809
2007,3,"529","529 - Peterborough",2444,1383,791,270,1383,545,516,700,1608,136,1126,1318,768,643,246,787
2007,3,"532","532 - Oshawa",4625,2463,1758,404,2463,1082,1080,1246,3106,273,1903,2722,1452,1425,479,1269
2007,3,"535","535 - Toronto",84427,47823,27853,8751,47823,16154,20450,15150,61078,8199,37378,47049,20590,23593,9628,30616
2007,3,"537","537 - Hamilton",10301,5208,3864,1229,5208,2211,2882,2383,7257,661,4488,5813,2885,3047,1131,3238
2007,3,"539","539 - St. Catharines--Niagara",6948,3814,2449,685,3814,1485,1649,1656,4854,438,2984,3964,2329,2201,682,1736
2007,3,"541","541 - Kitchener--Cambridge--Waterloo",6076,3092,2310,674,3092,1399,1585,1373,4246,457,2602,3474,2129,1643,596,1708
2007,3,"543","543 - Brantford",1629,759,730,140,759,412,458,469,1094,66,612,1017,522,514,209,384
2007,3,"550","550 - Guelph",1047,603,343,101,603,225,219,246,743,58,451,596,447,325,87,188
2007,3,"555","555 - London",8370,4500,2919,951,4500,1740,2130,2026,5795,549,3733,4637,2671,2427,805,2467
2007,3,"559","559 - Windsor",7659,3996,2860,803,3996,1674,1989,1916,5235,508,3242,4417,2126,2229,878,2426
2007,3,"568","568 - Barrie",2048,1216,683,149,1216,439,393,556,1378,114,956,1092,915,619,174,340
2007,3,"580","580 - Greater Sudbury",2968,1702,1026,240,1702,648,618,835,1983,150,1305,1663,951,780,266,971
2007,3,"595","595 - Thunder Bay",1910,993,759,158,993,432,485,434,1380,96,776,1134,655,548,220,487
2007,6,"505","505 - Ottawa--Gatineau",15308,8558,5170,1580,8558,2672,4078,3256,10889,1163,6622,8686,4326,4391,1479,5112
2007,6,"521","521 - Kingston",2670,1433,985,252,1433,616,621,693,1848,129,1067,1603,897,748,230,795
2007,6,"529","529 - Peterborough",2427,1376,801,250,1376,526,525,712,1567,148,1065,1362,762,650,239,776
2007,6,"532","532 - Oshawa",4676,2406,1885,385,2406,1160,1110,1274,3153,249,1825,2851,1434,1453,508,1281
2007,6,"535","535 - Toronto",83282,46658,28103,8521,46658,16227,20397,15252,60151,7879,36015,47267,19870,23579,9311,30522
2007,6,"537","537 - Hamilton",9974,4978,3823,1173,4978,2160,2836,2281,7031,662,4157,5817,2777,2942,1110,3145
2007,6,"539","539 - St. Catharines--Niagara",6697,3590,2461,646,3590,1468,1639,1608,4644,445,2725,3972,2052,2208,654,1783
2007,6,"541","541 - Kitchener--Cambridge--Waterloo",5920,2945,2359,616,2945,1411,1564,1354,4117,449,2405,3515,1990,1647,577,1706
2007,6,"543","543 - Brantford",1611,753,719,139,753,413,445,493,1064,54,566,1045,519,508,196,388
2007,6,"550","550 - Guelph",983,537,350,96,537,226,220,234,691,58,400,583,371,332,97,183
2007,6,"555","555 - London",8107,4273,2955,879,4273,1781,2053,1983,5575,549,3427,4680,2404,2440,812,2451
2007,6,"559","559 - Windsor",7631,3959,2911,761,3959,1656,2016,1925,5203,503,3172,4459,1995,2367,803,2466
2007,6,"568","568 - Barrie",2000,1142,722,136,1142,466,392,544,1347,109,855,1145,835,652,176,337
2007,6,"580","580 - Greater Sudbury",2864,1548,1080,236,1548,677,639,822,1901,141,1138,1726,932,754,222,956
2007,6,"595","595 - Thunder Bay",1959,960,821,178,960,469,530,459,1402,98,749,1210,649,607,222,481
2007,9,"505","505 - Ottawa--Gatineau",14702,8126,5006,1570,8126,2609,3967,3000,10562,1140,6337,8365,4291,4000,1514,4897
2007,9,"521","521 - Kingston",2562,1356,982,224,1356,598,608,639,1792,131,997,1565,839,724,227,772
2007,9,"529","529 - Peterborough",2382,1352,807,223,1352,531,499,703,1535,144,1040,1342,762,617,235,768
2007,9,"532","532 - Oshawa",4526,2277,1895,354,2277,1146,1103,1207,3076,243,1688,2838,1335,1385,507,1299
2007,9,"535","535 - Toronto",81977,45526,28138,8313,45526,16139,20312,14733,59397,7847,34967,47010,19502,22738,9500,30237
2007,9,"537","537 - Hamilton",9622,4722,3808,1092,4722,2135,2765,2080,6909,633,3937,5685,2783,2696,1080,3063
2007,9,"539","539 - St. Catharines--Niagara",6427,3376,2471,580,3376,1459,1592,1543,4482,402,2536,3891,2140,1794,768,1725
2007,9,"541","541 - Kitchener--Cambridge--Waterloo",5608,2742,2280,586,2742,1333,1533,1262,3902,444,2180,3428,1751,1572,565,1720
2007,9,"543","543 - Brantford",1548,704,705,139,704,398,446,455,1034,59,522,1026,482,463,192,411
2007,9,"550","550 - Guelph",913,477,357,79,477,215,221,199,655,59,365,548,375,278,80,180
2007,9,"555","555 - London",8094,4201,2973,920,4201,1810,2083,1981,5559,554,3398,4696,2569,2255,859,2411
2007,9,"559","559 - Windsor",7312,3693,2866,753,3693,1598,2021,1810,4999,503,2962,4350,1899,2084,830,2499
2007,9,"568","568 - Barrie",2025,1155,743,127,1155,472,398,558,1361,106,858,1167,825,649,183,368
2007,9,"580","580 - Greater Sudbury",2716,1487,1020,209,1487,625,604,721,1848,147,1070,1646,910,712,228,866
2007,9,"595","595 - Thunder Bay",1860,906,782,172,906,441,513,441,1336,83,726,1134,579,594,203,484
2007,12,"505","505 - Ottawa--Gatineau",14264,7889,4853,1522,7889,2531,3844,2900,10256,1108,6260,8004,4339,3814,1487,4624
2007,12,"521","521 - Kingston",2469,1382,872,215,1382,533,554,630,1719,120,1012,1457,852,688,228,701
2007,12,"529","529 - Peterborough",2417,1414,764,239,1414,518,485,694,1569,154,1133,1284,802,655,222,738
2007,12,"532","532 - Oshawa",4675,2451,1846,378,2451,1145,1079,1239,3187,249,1875,2800,1483,1360,529,1303
2007,12,"535","535 - Toronto",80662,45064,27360,8238,45064,15593,20005,14074,58770,7818,34767,45895,20108,21717,9515,29322
2007,12,"537","537 - Hamilton",9610,4831,3712,1067,4831,2102,2677,2065,6893,652,4074,5536,2917,2673,1037,2983
2007,12,"539","539 - St. Catharines--Niagara",6480,3510,2392,578,3510,1409,1561,1568,4501,411,2690,3790,2363,1716,737,1664
2007,12,"541","541 - Kitchener--Cambridge--Waterloo",5655,2792,2253,610,2792,1322,1541,1270,3941,444,2288,3367,2014,1432,534,1675
2007,12,"543","543 - Brantford",1579,721,702,156,721,402,456,448,1067,64,583,996,550,452,180,397
2007,12,"550","550 - Guelph",914,477,351,86,477,208,229,225,635,54,387,527,402,265,82,165
2007,12,"555","555 - London",8224,4317,2924,983,4317,1770,2137,1966,5658,600,3582,4642,2735,2276,835,2378
2007,12,"559","559 - Windsor",7336,3771,2819,746,3771,1560,2005,1702,5117,517,3036,4300,2147,1887,861,2441
2007,12,"568","568 - Barrie",2051,1183,730,138,1183,477,391,557,1389,105,906,1145,857,620,209,365
2007,12,"580","580 - Greater Sudbury",2577,1455,942,180,1455,586,536,714,1729,134,1054,1523,894,694,212,777
2007,12,"595","595 - Thunder Bay",1842,904,762,176,904,416,522,462,1301,79,733,1109,604,553,203,482
2008,3,"505","505 - Ottawa--Gatineau",14448,8134,4791,1523,8134,2506,3808,2958,10383,1107,6440,8008,4302,4106,1426,4614
2008,3,"521","521 - Kingston",2486,1421,835,230,1421,519,546,647,1713,126,1061,1425,845,705,242,694
2008,3,"529","529 - Peterborough",2532,1508,763,261,1508,522,502,751,1629,152,1230,1302,805,777,226,724
2008,3,"532","532 - Oshawa",4847,2631,1845,371,2631,1156,1060,1293,3306,248,1989,2858,1420,1535,525,1367
2008,3,"535","535 - Toronto",82256,46766,27102,8388,46766,15576,19914,14482,59743,8031,36355,45901,20604,22794,9304,29554
2008,3,"537","537 - Hamilton",10020,5139,3721,1160,5139,2119,2762,2201,7144,675,4446,5574,3037,2941,1049,2993
2008,3,"539","539 - St. Catharines--Niagara",6747,3808,2316,623,3808,1407,1532,1709,4621,417,2975,3772,2313,2040,643,1751
2008,3,"541","541 - Kitchener--Cambridge--Waterloo",5936,3055,2257,624,3055,1316,1565,1399,4101,436,2538,3398,2144,1594,549,1649
2008,3,"543","543 - Brantford",1655,789,714,152,789,401,465,483,1103,69,639,1016,605,456,173,421
2008,3,"550","550 - Guelph",1017,557,370,90,557,226,234,263,696,58,450,567,458,310,88,161
2008,3,"555","555 - London",8845,4787,3016,1042,4787,1853,2205,2183,6052,610,4008,4837,2811,2707,889,2438
2008,3,"559","559 - Windsor",7544,3972,2815,757,3972,1569,2003,1768,5256,520,3229,4315,2007,2171,853,2513
2008,3,"568","568 - Barrie",2265,1368,724,173,1368,474,423,635,1518,112,1048,1217,971,706,214,374
2008,3,"580","580 - Greater Sudbury",2673,1537,921,215,1537,564,572,753,1776,144,1139,1534,946,759,237,731
2008,3,"595","595 - Thunder Bay",1887,968,749,170,968,400,519,466,1343,78,778,1109,582,593,235,477
2008,6,"505","505 - Ottawa--Gatineau",14267,7920,4867,1480,7920,2487,3860,2958,10195,1114,6153,8114,4296,4097,1408,4466
2008,6,"521","521 - Kingston",2543,1394,908,241,1394,586,563,673,1742,128,1016,1527,849,760,251,683
2008,6,"529","529 - Peterborough",2509,1475,772,262,1475,542,492,734,1620,155,1154,1355,736,773,262,738
2008,6,"532","532 - Oshawa",4953,2660,1924,369,2660,1189,1104,1392,3320,241,1969,2984,1450,1532,568,1403
2008,6,"535","535 - Toronto",83089,46977,27721,8391,46977,15947,20165,14982,60023,8084,36115,46974,20808,23559,9049,29673
2008,6,"537","537 - Hamilton",10180,5171,3795,1214,5171,2161,2848,2262,7260,658,4396,5784,3029,3159,1036,2956
2008,6,"539","539 - St. Catharines--Niagara",6608,3615,2378,615,3615,1415,1578,1693,4502,413,2777,3831,2140,2041,646,1781
2008,6,"541","541 - Kitchener--Cambridge--Waterloo",6174,3102,2377,695,3102,1434,1638,1426,4287,461,2542,3632,2097,1857,552,1668
2008,6,"543","543 - Brantford",1594,738,700,156,738,405,451,478,1053,63,586,1008,547,485,161,401
2008,6,"550","550 - Guelph",1016,547,382,87,547,235,234,242,713,61,433,583,431,344,83,158
2008,6,"555","555 - London",8896,4748,3067,1081,4748,1934,2214,2203,6054,639,3938,4958,2683,2826,895,2492
2008,6,"559","559 - Windsor",7638,3992,2873,773,3992,1614,2032,1818,5282,538,3171,4467,1958,2325,767,2588
2008,6,"568","568 - Barrie",2179,1303,717,159,1303,474,402,617,1449,113,948,1231,795,784,206,394
2008,6,"580","580 - Greater Sudbury",2611,1489,944,178,1489,558,564,735,1752,124,1043,1568,927,775,233,676
2008,6,"595","595 - Thunder Bay",2035,1007,821,207,1007,459,569,502,1452,81,804,1231,726,591,218,500
2008,9,"505","505 - Ottawa--Gatineau",14057,7806,4790,1461,7806,2521,3730,2846,10075,1136,6057,8000,4447,3940,1357,4313
2008,9,"521","521 - Kingston",2449,1344,884,221,1344,569,536,648,1666,135,990,1459,794,711,253,691
2008,9,"529","529 - Peterborough",2452,1418,755,279,1418,523,511,746,1570,136,1093,1359,726,696,300,730
2008,9,"532","532 - Oshawa",4992,2694,1920,378,2694,1187,1111,1383,3345,264,1973,3019,1573,1386,623,1410
2008,9,"535","535 - Toronto",83456,47276,27900,8280,47276,16008,20172,14835,60406,8215,35993,47463,20919,23859,9149,29529
2008,9,"537","537 - Hamilton",10178,5218,3762,1198,5218,2135,2825,2284,7247,647,4394,5784,3174,3047,1118,2839
2008,9,"539","539 - St. Catharines--Niagara",6580,3556,2377,647,3556,1415,1609,1668,4501,411,2733,3847,2258,1859,688,1775
2008,9,"541","541 - Kitchener--Cambridge--Waterloo",6104,3077,2356,671,3077,1390,1637,1433,4206,465,2511,3593,2082,1819,550,1653
2008,9,"543","543 - Brantford",1525,697,698,130,697,401,427,442,1013,70,545,980,508,479,148,390
2008,9,"550","550 - Guelph",999,525,383,91,525,232,242,209,720,70,411,588,412,310,95,182
2008,9,"555","555 - London",9013,4864,3041,1108,4864,1893,2256,2236,6148,629,4012,5001,2816,2732,969,2496
2008,9,"559","559 - Windsor",7453,3828,2867,758,3828,1608,2017,1736,5193,524,3056,4397,1934,2159,776,2584
2008,9,"568","568 - Barrie",2117,1200,770,147,1200,497,420,568,1445,104,850,1267,768,730,208,411
2008,9,"580","580 - Greater Sudbury",2489,1395,922,172,1395,555,539,660,1699,130,974,1515,862,711,254,662
2008,9,"595","595 - Thunder Bay",1926,922,806,198,922,457,547,481,1372,73,745,1181,644,574,220,488
2008,12,"505","505 - Ottawa--Gatineau",13819,7822,4602,1395,7822,2421,3576,2765,9941,1113,6144,7675,4501,3893,1298,4127
2008,12,"521","521 - Kingston",2402,1349,845,208,1349,546,507,615,1637,150,1028,1374,837,650,254,661
2008,12,"529","529 - Peterborough",2483,1470,714,299,1470,494,519,756,1589,138,1154,1329,814,666,268,735
2008,12,"532","532 - Oshawa",5137,2793,1917,427,2793,1202,1142,1401,3459,277,2087,3050,1670,1420,599,1448
2008,12,"535","535 - Toronto",85211,49142,27450,8619,49142,15822,20247,14745,61940,8526,37952,47259,23124,23554,9343,29190
2008,12,"537","537 - Hamilton",10521,5534,3732,1255,5534,2192,2795,2336,7478,707,4736,5785,3441,3096,1149,2835
2008,12,"539","539 - St. Catharines--Niagara",7209,4097,2386,726,4097,1460,1652,1814,4943,452,3241,3968,2792,1973,719,1725
2008,12,"541","541 - Kitchener--Cambridge--Waterloo",6464,3408,2335,721,3408,1385,1671,1489,4478,497,2790,3674,2324,1854,652,1634
2008,12,"543","543 - Brantford",1638,783,697,158,783,408,447,479,1084,75,642,996,657,459,156,366
2008,12,"550","550 - Guelph",1114,617,388,109,617,239,258,264,785,65,484,630,508,331,102,173
2008,12,"555","555 - London",9585,5354,3032,1199,5354,1912,2319,2345,6584,656,4486,5099,3161,2851,1064,2509
2008,12,"559","559 - Windsor",7478,3929,2767,782,3929,1545,2004,1726,5223,529,3179,4299,2110,2038,867,2463
2008,12,"568","568 - Barrie",2372,1371,824,177,1371,547,454,625,1629,118,1036,1336,993,705,246,428
2008,12,"580","580 - Greater Sudbury",2467,1410,865,192,1410,553,504,641,1687,139,1037,1430,883,668,256,660
2008,12,"595","595 - Thunder Bay",1978,981,801,196,981,457,540,499,1402,77,794,1184,699,622,192,465
2009,3,"505","505 - Ottawa--Gatineau",14597,8606,4548,1443,8606,2446,3545,3098,10356,1143,6743,7854,4791,4374,1388,4044
2009,3,"521","521 - Kingston",2592,1516,843,233,1516,570,506,708,1731,153,1189,1403,915,746,259,672
2009,3,"529","529 - Peterborough",2801,1711,761,329,1711,552,538,907,1739,155,1369,1432,976,768,284,773
2009,3,"532","532 - Oshawa",5724,3305,1945,474,3305,1230,1189,1594,3821,309,2561,3163,1976,1658,587,1503
2009,3,"535","535 - Toronto",91949,54141,28219,9589,54141,16532,21276,16088,66898,8963,42595,49354,25413,26458,10257,29821
2009,3,"537","537 - Hamilton",11800,6482,3829,1489,6482,2381,2937,2676,8371,753,5638,6162,3934,3643,1237,2986
2009,3,"539","539 - St. Catharines--Niagara",7970,4694,2455,821,4694,1541,1735,2031,5429,510,3719,4251,2748,2646,769,1807
2009,3,"541","541 - Kitchener--Cambridge--Waterloo",7310,4056,2422,832,4056,1444,1810,1741,5055,514,3372,3938,2742,2151,742,1675
2009,3,"543","543 - Brantford",1895,968,739,188,968,451,476,561,1254,80,830,1065,796,538,186,375
2009,3,"550","550 - Guelph",1314,754,424,136,754,274,286,327,917,70,629,685,603,408,112,191
2009,3,"555","555 - London",10711,6220,3151,1340,6220,2041,2450,2683,7330,698,5245,5466,3353,3436,1225,2697
2009,3,"559","559 - Windsor",8131,4443,2846,842,4443,1614,2074,1934,5637,560,3618,4513,2416,2329,879,2507
2009,3,"568","568 - Barrie",2859,1767,865,227,1767,584,508,793,1922,144,1366,1493,1277,839,289,454
2009,3,"580","580 - Greater Sudbury",2692,1615,870,207,1615,539,538,736,1809,147,1225,1467,998,755,263,676
2009,3,"595","595 - Thunder Bay",2162,1145,819,198,1145,468,549,559,1508,95,926,1236,767,691,212,492
2009,6,"505","505 - Ottawa--Gatineau",14774,8645,4706,1423,8645,2505,3624,3250,10410,1114,6679,8095,4685,4591,1446,4052
2009,6,"521","521 - Kingston",2665,1580,847,238,1580,570,515,762,1747,156,1191,1474,902,827,270,666
2009,6,"529","529 - Peterborough",2879,1748,795,336,1748,584,547,951,1766,162,1392,1487,913,889,291,786
2009,6,"532","532 - Oshawa",5836,3304,2038,494,3304,1288,1244,1659,3872,305,2544,3292,1726,1938,610,1562
2009,6,"535","535 - Toronto",95539,56229,29159,10151,56229,17166,22144,17256,69171,9112,44261,51278,24105,29586,11217,30631
2009,6,"537","537 - Hamilton",12404,6804,3984,1616,6804,2495,3105,2923,8694,787,5932,6472,3783,4094,1359,3168
2009,6,"539","539 - St. Catharines--Niagara",8170,4685,2625,860,4685,1671,1814,2163,5496,511,3740,4430,2543,2913,792,1922
2009,6,"541","541 - Kitchener--Cambridge--Waterloo",7807,4341,2587,879,4341,1554,1912,1991,5287,529,3583,4224,2584,2649,771,1803
2009,6,"543","543 - Brantford",1923,943,766,214,943,478,502,597,1246,80,795,1128,670,664,200,389
2009,6,"550","550 - Guelph",1392,795,451,146,795,297,300,365,940,87,649,743,554,487,138,213
2009,6,"555","555 - London",11018,6342,3309,1367,6342,2135,2541,2841,7472,705,5291,5727,3096,3697,1297,2928
2009,6,"559","559 - Windsor",8858,4830,3116,912,4830,1778,2250,2149,6123,586,3927,4931,2700,2677,901,2580
2009,6,"568","568 - Barrie",3024,1892,906,226,1892,597,535,860,1995,169,1458,1566,1126,1119,271,508
2009,6,"580","580 - Greater Sudbury",2881,1686,958,237,1686,592,603,844,1884,153,1263,1618,1070,866,269,676
2009,6,"595","595 - Thunder Bay",2300,1188,883,229,1188,495,617,599,1609,92,942,1358,745,766,280,509
2009,9,"505","505 - Ottawa--Gatineau",15022,8778,4782,1462,8778,2540,3704,3239,10586,1197,6697,8325,4843,4434,1635,4110
2009,9,"521","521 - Kingston",2696,1587,870,239,1587,599,510,741,1803,152,1194,1502,953,800,288,655
2009,9,"529","529 - Peterborough",2935,1751,830,354,1751,590,594,968,1810,157,1385,1550,884,933,307,811
2009,9,"532","532 - Oshawa",5897,3355,2067,475,3355,1285,1257,1690,3907,300,2549,3348,1691,1944,686,1576
2009,9,"535","535 - Toronto",101993,60201,30826,10966,60201,18268,23524,18374,73807,9812,47539,54454,24190,32542,12535,32726
2009,9,"537","537 - Hamilton",13046,7185,4150,1711,7185,2548,3313,3021,9153,872,6230,6816,3858,4308,1560,3320
2009,9,"539","539 - St. Catharines--Niagara",8333,4794,2664,875,4794,1679,1860,2205,5578,550,3843,4490,2767,2623,994,1949
2009,9,"541","541 - Kitchener--Cambridge--Waterloo",8012,4420,2700,892,4420,1614,1978,1991,5464,557,3673,4339,2493,2722,880,1917
2009,9,"543","543 - Brantford",1966,977,781,208,977,489,500,587,1284,95,799,1167,714,666,177,409
2009,9,"550","550 - Guelph",1426,823,454,149,823,288,315,351,993,82,664,762,554,480,150,242
2009,9,"555","555 - London",11638,6759,3436,1443,6759,2229,2650,3086,7809,743,5641,5997,3440,3590,1463,3145
2009,9,"559","559 - Windsor",9156,5012,3192,952,5012,1814,2330,2160,6356,640,4122,5034,1912,3378,1093,2773
2009,9,"568","568 - Barrie",3016,1857,946,213,1857,623,536,879,1969,168,1413,1603,1023,1129,306,558
2009,9,"580","580 - Greater Sudbury",3065,1821,979,265,1821,622,622,899,2010,156,1368,1697,1149,936,282,698
2009,9,"595","595 - Thunder Bay",2175,1130,830,215,1130,456,589,560,1518,97,892,1283,695,689,265,526
2009,12,"505","505 - Ottawa--Gatineau",15010,8810,4715,1485,8810,2544,3656,3216,10583,1211,6831,8179,4688,4512,1703,4107
2009,12,"521","521 - Kingston",2670,1621,822,227,1621,556,493,699,1821,150,1213,1457,910,809,296,655
2009,12,"529","529 - Peterborough",2972,1788,822,362,1788,600,584,983,1818,171,1437,1535,869,931,334,838
2009,12,"532","532 - Oshawa",6061,3532,2034,495,3532,1271,1258,1691,4050,320,2714,3347,1708,1904,792,1657
2009,12,"535","535 - Toronto",102818,61106,30525,11187,61106,18046,23666,18087,74627,10104,48506,54312,25327,30446,13241,33804
2009,12,"537","537 - Hamilton",13133,7314,4112,1707,7314,2507,3312,3073,9173,887,6355,6778,3656,4382,1664,3431
2009,12,"539","539 - St. Catharines--Niagara",8484,5014,2533,937,5014,1667,1803,2186,5714,584,4044,4440,2834,2540,1165,1945
2009,12,"541","541 - Kitchener--Cambridge--Waterloo",8061,4505,2651,905,4505,1590,1966,1927,5562,572,3829,4232,2417,2602,1051,1991
2009,12,"543","543 - Brantford",2056,1078,744,234,1078,487,491,623,1313,120,904,1152,754,656,234,412
2009,12,"550","550 - Guelph",1447,845,468,134,845,294,308,373,982,92,671,776,553,462,175,257
2009,12,"555","555 - London",11562,6753,3326,1483,6753,2178,2631,3026,7795,741,5703,5859,3335,3459,1502,3266
2009,12,"559","559 - Windsor",9033,4971,3110,952,4971,1775,2287,2065,6285,683,4117,4916,2240,2799,1150,2844
2009,12,"568","568 - Barrie",3157,2024,926,207,2024,608,525,909,2081,167,1564,1593,1118,1102,377,560
2009,12,"580","580 - Greater Sudbury",3069,1839,970,260,1839,626,604,894,2031,144,1411,1658,1092,969,312,696
2009,12,"595","595 - Thunder Bay",2230,1205,819,206,1205,460,565,575,1558,97,948,1282,744,665,266,555
2010,3,"505","505 - Ottawa--Gatineau",15638,9320,4766,1552,9320,2582,3736,3410,10986,1242,7317,8321,4841,4747,1697,4353
2010,3,"521","521 - Kingston",2877,1774,844,259,1774,572,531,779,1930,168,1362,1515,958,917,308,694
2010,3,"529","529 - Peterborough",3227,1994,847,386,1994,621,612,1062,1973,192,1632,1595,935,971,441,880
2010,3,"532","532 - Oshawa",6431,3791,2108,532,3791,1339,1301,1856,4246,329,2922,3509,1775,1933,912,1811
2010,3,"535","535 - Toronto",106263,63608,30957,11698,63608,18478,24177,18799,77034,10430,50694,55569,24784,30996,14765,35718
2010,3,"537","537 - Hamilton",13776,7817,4182,1777,7817,2575,3384,3267,9570,939,6790,6986,3620,4449,1927,3780
2010,3,"539","539 - St. Catharines--Niagara",8993,5434,2557,1002,5434,1717,1842,2340,6045,608,4403,4590,2773,2927,1157,2136
2010,3,"541","541 - Kitchener--Cambridge--Waterloo",8522,4892,2659,971,4892,1601,2029,2090,5817,615,4113,4409,2526,2666,1147,2183
2010,3,"543","543 - Brantford",2103,1124,749,230,1124,483,496,646,1335,122,940,1163,649,735,286,433
2010,3,"550","550 - Guelph",1542,927,465,150,927,297,318,417,1032,93,721,821,552,511,182,297
2010,3,"555","555 - London",12176,7238,3382,1556,7238,2246,2692,3215,8179,782,6121,6055,3235,3796,1539,3606
2010,3,"559","559 - Windsor",9215,5151,3107,957,5151,1773,2291,2124,6425,666,4235,4980,2138,2846,1260,2971
2010,3,"568","568 - Barrie",3484,2260,970,254,2260,657,567,994,2306,184,1784,1700,1181,1189,487,627
2010,3,"580","580 - Greater Sudbury",3340,2055,990,295,2055,658,627,1017,2170,153,1598,1742,1161,1078,365,736
2010,3,"595","595 - Thunder Bay",2337,1291,827,219,1291,444,602,610,1625,102,1016,1321,757,723,267,590
2010,6,"505","505 - Ottawa--Gatineau",15781,9369,4843,1569,9369,2643,3769,3481,10986,1314,7138,8643,4828,4695,1763,4495
2010,6,"521","521 - Kingston",2909,1748,887,274,1748,594,567,855,1883,171,1313,1596,943,909,332,725
2010,6,"529","529 - Peterborough",3206,1970,849,387,1970,621,615,1077,1943,186,1572,1634,837,964,454,951
2010,6,"532","532 - Oshawa",6418,3740,2158,520,3740,1379,1299,1852,4230,336,2810,3608,1659,1916,870,1973
2010,6,"535","535 - Toronto",106254,63122,31491,11641,63122,18763,24369,19089,76654,10511,49673,56581,24282,30640,14086,37246
2010,6,"537","537 - Hamilton",13761,7698,4297,1766,7698,2663,3400,3268,9553,940,6601,7160,3671,4064,2034,3992
2010,6,"539","539 - St. Catharines--Niagara",9069,5415,2688,966,5415,1764,1890,2472,6011,586,4282,4787,2639,3024,1006,2400
2010,6,"541","541 - Kitchener--Cambridge--Waterloo",8400,4806,2691,903,4806,1610,1984,2105,5690,605,3909,4491,2356,2564,1116,2364
2010,6,"543","543 - Brantford",2101,1075,808,218,1075,515,511,664,1315,122,850,1251,671,663,274,493
2010,6,"550","550 - Guelph",1514,888,480,146,888,309,317,407,1006,101,658,856,548,465,166,335
2010,6,"555","555 - London",12036,7055,3424,1557,7055,2285,2696,3205,8043,788,5838,6198,3076,3658,1470,3832
2010,6,"559","559 - Windsor",9181,5106,3107,968,5106,1764,2311,2166,6346,669,4138,5043,2011,2483,1521,3166
2010,6,"568","568 - Barrie",3500,2218,1025,257,2218,688,594,1017,2273,210,1698,1802,1038,1252,465,745
2010,6,"580","580 - Greater Sudbury",3356,2040,1039,277,2040,660,656,1030,2168,158,1520,1836,1115,1073,418,750
2010,6,"595","595 - Thunder Bay",2400,1263,908,229,1263,513,624,617,1676,107,1007,1393,727,785,285,603
2010,9,"505","505 - Ottawa--Gatineau",15796,9259,4922,1615,9259,2627,3910,3373,11090,1333,7099,8697,4747,4589,1916,4544
2010,9,"521","521 - Kingston",2862,1711,884,267,1711,583,568,778,1893,191,1282,1580,885,855,378,744
2010,9,"529","529 - Peterborough",3261,1998,888,375,1998,622,641,1103,1964,194,1578,1683,857,927,418,1059
2010,9,"532","532 - Oshawa",6362,3643,2206,513,3643,1412,1307,1802,4196,364,2757,3605,1735,1727,809,2091
2010,9,"535","535 - Toronto",107174,63372,32229,11573,63372,19111,24691,18983,77305,10886,49510,57664,23456,30208,13923,39587
2010,9,"537","537 - Hamilton",13679,7630,4322,1727,7630,2648,3401,3247,9445,987,6483,7196,3667,3815,1949,4248
2010,9,"539","539 - St. Catharines--Niagara",8984,5308,2748,928,5308,1780,1896,2394,5951,639,4147,4837,2659,2677,1146,2502
2010,9,"541","541 - Kitchener--Cambridge--Waterloo",8400,4744,2737,919,4744,1623,2033,2124,5637,639,3791,4609,2396,2438,1059,2507
2010,9,"543","543 - Brantford",2084,1042,808,234,1042,507,535,641,1317,126,824,1260,638,650,259,537
2010,9,"550","550 - Guelph",1528,907,488,133,907,312,309,400,1013,115,688,840,527,448,183,370
2010,9,"555","555 - London",11883,6872,3502,1509,6872,2293,2718,3099,7955,829,5639,6244,3182,3209,1528,3964
2010,9,"559","559 - Windsor",9027,4950,3106,971,4950,1758,2319,2087,6260,680,4005,5022,1971,2383,1355,3318
2010,9,"568","568 - Barrie",3579,2280,1040,259,2280,696,603,1030,2335,214,1712,1867,1070,1205,472,832
2010,9,"580","580 - Greater Sudbury",3309,1992,1030,287,1992,646,671,1004,2137,168,1499,1810,1007,1038,441,823
2010,9,"595","595 - Thunder Bay",2323,1192,900,231,1192,519,612,591,1616,116,952,1371,664,751,288,620
2010,12,"505","505 - Ottawa--Gatineau",15592,9235,4812,1545,9235,2553,3804,3341,10923,1328,7126,8466,4663,4546,1805,4578
2010,12,"521","521 - Kingston",2776,1685,834,257,1685,553,538,718,1877,181,1288,1488,833,835,356,752
2010,12,"529","529 - Peterborough",3205,1984,846,375,1984,585,636,1054,1948,203,1591,1614,914,818,396,1077
2010,12,"532","532 - Oshawa",6310,3642,2151,517,3642,1380,1288,1772,4176,362,2772,3538,1691,1770,763,2086
2010,12,"535","535 - Toronto",107836,64479,31790,11567,64479,18805,24552,18589,77972,11275,50537,57299,23760,29379,14072,40625
2010,12,"537","537 - Hamilton",13750,7758,4279,1713,7758,2658,3334,3179,9507,1064,6559,7191,3721,3773,1766,4490
2010,12,"539","539 - St. Catharines--Niagara",9114,5507,2654,953,5507,1723,1884,2434,5988,692,4304,4810,2842,2553,1184,2535
2010,12,"541","541 - Kitchener--Cambridge--Waterloo",8355,4790,2675,890,4790,1577,1988,2057,5667,631,3850,4505,2519,2311,964,2561
2010,12,"543","543 - Brantford",2085,1065,781,239,1065,495,525,630,1322,133,838,1247,650,623,269,543
2010,12,"550","550 - Guelph",1432,835,471,126,835,295,302,365,954,113,634,798,508,404,166,354
2010,12,"555","555 - London",11492,6745,3335,1412,6745,2188,2559,2965,7674,853,5536,5956,3020,3086,1419,3967
2010,12,"559","559 - Windsor",8863,4948,2993,922,4948,1683,2232,2058,6140,665,3951,4912,2050,2180,1070,3563
2010,12,"568","568 - Barrie",3567,2283,1014,270,2283,656,628,1021,2325,221,1716,1851,1124,1097,497,849
2010,12,"580","580 - Greater Sudbury",3128,1909,960,259,1909,618,601,878,2087,163,1445,1683,972,910,398,848
2010,12,"595","595 - Thunder Bay",2260,1174,860,226,1174,499,587,587,1554,119,950,1310,671,680,275,634
2011,3,"505","505 - Ottawa--Gatineau",16274,9856,4859,1559,9856,2583,3835,3551,11354,1369,7610,8664,4802,4839,1821,4812
2011,3,"521","521 - Kingston",2888,1789,844,255,1789,555,544,757,1962,169,1367,1521,890,838,346,814
2011,3,"529","529 - Peterborough",3324,2080,853,391,2080,613,631,1106,2027,191,1679,1645,877,951,381,1115
2011,3,"532","532 - Oshawa",6492,3821,2147,524,3821,1358,1313,1810,4306,376,2953,3539,1671,1903,744,2174
2011,3,"535","535 - Toronto",110682,66904,31933,11845,66904,19027,24751,19160,79809,11713,52638,58044,23597,30416,14067,42602
2011,3,"537","537 - Hamilton",14116,8062,4271,1783,8062,2648,3406,3257,9760,1099,6843,7273,3520,4177,1648,4771
2011,3,"539","539 - St. Catharines--Niagara",9496,5863,2667,966,5863,1736,1897,2559,6210,727,4589,4907,2724,2899,1115,2758
2011,3,"541","541 - Kitchener--Cambridge--Waterloo",8575,4982,2652,941,4982,1576,2017,2103,5816,656,4010,4565,2417,2557,928,2673
2011,3,"543","543 - Brantford",2211,1174,782,255,1174,506,531,681,1393,137,939,1272,709,646,268,588
2011,3,"550","550 - Guelph",1478,880,474,124,880,301,297,391,972,115,681,797,528,413,161,376
2011,3,"555","555 - London",12238,7313,3453,1472,7313,2267,2658,3188,8130,920,5980,6258,3272,3351,1412,4203
2011,3,"559","559 - Windsor",9156,5150,3048,958,5150,1728,2278,2141,6319,696,4176,4980,2041,2446,1080,3589
2011,3,"568","568 - Barrie",3679,2444,968,267,2444,633,602,1059,2390,230,1829,1850,1108,1166,524,881
2011,3,"580","580 - Greater Sudbury",3254,2033,947,274,2033,612,609,921,2159,174,1562,1692,1065,924,375,890
2011,3,"595","595 - Thunder Bay",2221,1166,832,223,1166,473,582,564,1542,115,937,1284,598,697,283,643
2011,6,"505","505 - Ottawa--Gatineau",16415,9934,4877,1604,9934,2611,3870,3694,11363,1358,7571,8844,4650,4998,1887,4880
2011,6,"521","521 - Kingston",3017,1853,903,261,1853,595,569,828,2015,174,1357,1660,965,860,337,855
2011,6,"529","529 - Peterborough",3357,2079,902,376,2079,650,628,1126,2031,200,1626,1731,890,975,348,1144
2011,6,"532","532 - Oshawa",6551,3853,2187,511,3853,1400,1298,1890,4273,388,2894,3657,1656,1919,743,2233
2011,6,"535","535 - Toronto",113336,68367,32908,12061,68367,19620,25349,20069,81257,12010,53078,60258,24448,30656,13941,44291
2011,6,"537","537 - Hamilton",14454,8203,4452,1799,8203,2786,3465,3425,9873,1156,6842,7612,3683,4186,1658,4927
2011,6,"539","539 - St. Catharines--Niagara",9519,5773,2778,968,5773,1835,1911,2595,6198,726,4493,5026,2592,2904,1125,2898
2011,6,"541","541 - Kitchener--Cambridge--Waterloo",8614,4973,2750,891,4973,1614,2027,2108,5844,662,3967,4647,2461,2550,898,2705
2011,6,"543","543 - Brantford",2272,1171,839,262,1171,533,568,715,1410,147,928,1344,706,673,264,629
2011,6,"550","550 - Guelph",1505,887,491,127,887,313,305,399,988,118,671,834,506,456,155,388
2011,6,"555","555 - London",12356,7383,3506,1467,7383,2300,2673,3236,8185,935,5926,6430,3233,3489,1346,4288
2011,6,"559","559 - Windsor",9348,5242,3122,984,5242,1821,2285,2220,6414,714,4212,5136,2059,2591,991,3707
2011,6,"568","568 - Barrie",3758,2430,1057,271,2430,695,633,1108,2418,232,1788,1970,1124,1201,472,961
2011,6,"580","580 - Greater Sudbury",3292,2026,994,272,2026,633,633,965,2141,186,1520,1772,1042,981,370,899
2011,6,"595","595 - Thunder Bay",2271,1177,874,220,1177,484,610,584,1582,105,911,1360,693,670,269,639
2011,9,"505","505 - Ottawa--Gatineau",16362,9735,4958,1669,9735,2614,4013,3497,11472,1393,7444,8918,4798,4637,2012,4915
2011,9,"521","521 - Kingston",2944,1816,891,237,1816,590,538,780,1976,188,1325,1619,882,892,345,825
2011,9,"529","529 - Peterborough",3302,2009,930,363,2009,651,642,1097,2003,202,1569,1733,848,929,377,1148
2011,9,"532","532 - Oshawa",6475,3731,2253,491,3731,1430,1314,1856,4228,391,2782,3693,1728,1822,769,2156
2011,9,"535","535 - Toronto",114481,68604,33687,12190,68604,20097,25780,20083,82082,12316,53079,61402,22941,31464,14242,45834
2011,9,"537","537 - Hamilton",14192,7990,4456,1746,7990,2793,3409,3250,9794,1148,6560,7632,3455,4124,1730,4883
2011,9,"539","539 - St. Catharines--Niagara",9289,5541,2800,948,5541,1814,1934,2466,6117,706,4247,5042,2515,2727,1136,2911
2011,9,"541","541 - Kitchener--Cambridge--Waterloo",8564,4852,2826,886,4852,1673,2039,2105,5785,674,3853,4711,2343,2546,982,2693
2011,9,"543","543 - Brantford",2219,1094,874,251,1094,557,568,675,1412,132,886,1333,632,659,274,654
2011,9,"550","550 - Guelph",1466,860,493,113,860,317,289,377,967,122,668,798,468,456,157,385
2011,9,"555","555 - London",12212,7257,3546,1409,7257,2293,2662,3158,8085,969,5756,6456,3151,3340,1453,4268
2011,9,"559","559 - Windsor",9238,5129,3129,980,5129,1813,2296,2158,6342,738,4093,5145,1962,2504,1058,3714
2011,9,"568","568 - Barrie",3673,2347,1062,264,2347,678,648,1054,2373,246,1718,1955,978,1230,444,1021
2011,9,"580","580 - Greater Sudbury",3220,1976,1008,236,1976,652,592,947,2099,174,1451,1769,984,979,367,890
2011,9,"595","595 - Thunder Bay",2076,1061,815,200,1061,455,560,509,1465,102,801,1275,560,646,274,596
2011,12,"505","505 - Ottawa--Gatineau",16223,9749,4830,1644,9749,2628,3846,3357,11400,1466,7561,8662,4762,4610,1960,4891
2011,12,"521","521 - Kingston",2835,1772,834,229,1772,560,503,732,1910,193,1310,1525,913,805,305,812
2011,12,"529","529 - Peterborough",3247,2027,877,343,2027,595,625,1028,2013,206,1595,1652,915,841,388,1103
2011,12,"532","532 - Oshawa",6327,3689,2174,464,3689,1361,1277,1820,4120,387,2748,3579,1680,1747,806,2094
2011,12,"535","535 - Toronto",113847,68322,33188,12337,68322,19907,25618,19057,82099,12691,53305,60542,23830,29657,14246,46114
2011,12,"537","537 - Hamilton",13955,7955,4324,1676,7955,2722,3278,3166,9635,1154,6523,7432,3634,3843,1710,4768
2011,12,"539","539 - St. Catharines--Niagara",9474,5799,2730,945,5799,1761,1914,2488,6234,752,4438,5036,2820,2554,1175,2925
2011,12,"541","541 - Kitchener--Cambridge--Waterloo",8393,4801,2718,874,4801,1584,2008,2029,5697,667,3822,4571,2363,2397,982,2651
2011,12,"543","543 - Brantford",2240,1130,849,261,1130,528,582,657,1444,139,918,1322,692,644,244,660
2011,12,"550","550 - Guelph",1410,822,466,122,822,297,291,346,940,124,646,764,477,401,148,384
2011,12,"555","555 - London",11928,7154,3435,1339,7154,2234,2540,2976,7985,967,5684,6244,3212,3155,1365,4196
2011,12,"559","559 - Windsor",8908,5017,2940,951,5017,1708,2183,2014,6154,740,4033,4875,1991,2175,1162,3580
2011,12,"568","568 - Barrie",3625,2329,1039,257,2329,656,640,1018,2374,233,1737,1888,1025,1143,454,1003
2011,12,"580","580 - Greater Sudbury",3058,1930,914,214,1930,585,543,883,1996,179,1430,1628,1005,847,347,859
2011,12,"595","595 - Thunder Bay",2002,1062,767,173,1062,427,513,511,1381,110,789,1213,609,564,238,591
2012,3,"505","505 - Ottawa--Gatineau",16702,10281,4756,1665,10281,2559,3862,3577,11628,1497,7959,8743,4826,4902,1900,5074
2012,3,"521","521 - Kingston",2876,1806,822,248,1806,544,526,769,1919,188,1368,1508,853,881,310,832
2012,3,"529","529 - Peterborough",3415,2149,887,379,2149,639,627,1090,2103,222,1719,1696,898,952,396,1169
2012,3,"532","532 - Oshawa",6486,3853,2150,483,3853,1379,1254,1810,4281,395,2899,3587,1747,1796,792,2151
2012,3,"535","535 - Toronto",115149,69545,33025,12579,69545,19804,25800,19269,83029,12851,54561,60588,22904,30355,14444,47446
2012,3,"537","537 - Hamilton",14002,8116,4246,1640,8116,2649,3237,3140,9682,1180,6724,7278,3475,3963,1672,4892
2012,3,"539","539 - St. Catharines--Niagara",9867,6194,2713,960,6194,1747,1926,2610,6481,776,4714,5153,2708,2940,1202,3017
2012,3,"541","541 - Kitchener--Cambridge--Waterloo",8750,5116,2773,861,5116,1646,1988,2135,5937,678,4102,4648,2483,2557,999,2711
2012,3,"543","543 - Brantford",2356,1235,855,266,1235,527,594,694,1506,156,1008,1348,692,720,262,682
2012,3,"550","550 - Guelph",1446,880,438,128,880,273,293,350,971,125,679,767,490,406,169,381
2012,3,"555","555 - London",12372,7565,3447,1360,7565,2257,2550,3092,8284,996,6030,6342,3229,3424,1343,4376
2012,3,"559","559 - Windsor",8995,5068,2960,967,5068,1719,2208,2026,6198,771,4050,4945,1896,2290,1128,3681
2012,3,"568","568 - Barrie",3791,2495,1044,252,2495,650,646,1099,2454,238,1852,1939,1070,1209,485,1027
2012,3,"580","580 - Greater Sudbury",3215,2077,914,224,2077,592,546,923,2105,187,1560,1655,1014,951,352,898
2012,3,"595","595 - Thunder Bay",2204,1237,767,200,1237,437,530,615,1484,105,898,1306,681,651,260,612
2012,6,"505","505 - Ottawa--Gatineau",16536,10037,4859,1640,10037,2582,3917,3540,11504,1492,7630,8906,4536,4902,1876,5222
2012,6,"521","521 - Kingston",3019,1904,883,232,1904,574,541,840,1982,197,1371,1648,934,874,355,856
2012,6,"529","529 - Peterborough",3496,2197,904,395,2197,634,665,1145,2143,208,1713,1783,902,1016,379,1199
2012,6,"532","532 - Oshawa",6524,3863,2190,471,3863,1411,1250,1837,4285,402,2861,3663,1726,1869,719,2210
2012,6,"535","535 - Toronto",116306,69893,33783,12630,69893,20317,26096,19669,83596,13041,54476,61830,22237,30939,14386,48744
2012,6,"537","537 - Hamilton",13886,7972,4348,1566,7972,2718,3196,3186,9553,1147,6418,7468,3508,3827,1593,4958
2012,6,"539","539 - St. Catharines--Niagara",9868,6111,2807,950,6111,1790,1967,2619,6462,787,4498,5370,2590,2960,1140,3178
2012,6,"541","541 - Kitchener--Cambridge--Waterloo",8634,5041,2738,855,5041,1615,1978,2110,5834,690,3982,4652,2287,2497,1042,2808
2012,6,"543","543 - Brantford",2352,1208,892,252,1208,572,572,702,1485,165,952,1400,674,707,285,686
2012,6,"550","550 - Guelph",1489,905,458,126,905,278,306,361,999,129,676,813,518,400,168,403
2012,6,"555","555 - London",12361,7514,3507,1340,7514,2312,2535,3176,8175,1010,5865,6496,3125,3404,1420,4412
2012,6,"559","559 - Windsor",9032,5056,2994,982,5056,1745,2231,2118,6146,768,3992,5040,1936,2348,977,3771
2012,6,"568","568 - Barrie",3702,2399,1038,265,2399,649,654,1065,2390,247,1743,1959,982,1145,486,1089
2012,6,"580","580 - Greater Sudbury",3207,2007,953,247,2007,617,583,916,2101,190,1487,1720,1005,923,357,922
2012,6,"595","595 - Thunder Bay",2301,1253,826,222,1253,476,572,635,1556,110,905,1396,787,636,253,625
2012,9,"505","505 - Ottawa--Gatineau",16594,10047,4917,1630,10047,2583,3964,3522,11527,1545,7597,8997,4584,4637,2056,5317
2012,9,"521","521 - Kingston",2936,1848,853,235,1848,540,548,778,1948,210,1340,1596,848,884,365,839
2012,9,"529","529 - Peterborough",3529,2187,933,409,2187,649,693,1132,2184,213,1668,1861,879,1006,401,1243
2012,9,"532","532 - Oshawa",6378,3744,2166,468,3744,1366,1268,1812,4160,406,2754,3624,1571,1816,778,2213
2012,9,"535","535 - Toronto",115752,69070,34157,12525,69070,20355,26327,19398,83205,13149,53438,62314,20398,30910,14365,50079
2012,9,"537","537 - Hamilton",13366,7562,4343,1461,7562,2686,3118,3016,9223,1127,6000,7366,3168,3730,1604,4864
2012,9,"539","539 - St. Catharines--Niagara",9593,5870,2820,903,5870,1795,1928,2455,6348,790,4356,5237,2574,2697,1154,3168
2012,9,"541","541 - Kitchener--Cambridge--Waterloo",8462,4874,2748,840,4874,1599,1989,2032,5741,689,3779,4683,2195,2373,1073,2821
2012,9,"543","543 - Brantford",2223,1128,852,243,1128,535,560,618,1455,150,898,1325,640,625,283,675
2012,9,"550","550 - Guelph",1439,875,445,119,875,257,307,341,978,120,681,758,455,410,164,410
2012,9,"555","555 - London",12114,7375,3465,1274,7375,2231,2508,3029,8056,1029,5740,6374,3019,3224,1426,4445
2012,9,"559","559 - Windsor",8986,4995,3016,975,4995,1748,2243,2030,6141,815,3882,5104,1854,2353,996,3783
2012,9,"568","568 - Barrie",3585,2294,1049,242,2294,667,624,1017,2315,253,1634,1951,999,1006,462,1118
2012,9,"580","580 - Greater Sudbury",3077,1898,942,237,1898,599,580,870,2009,198,1394,1683,924,857,359,937
2012,9,"595","595 - Thunder Bay",2127,1168,767,192,1168,437,522,566,1453,108,826,1301,615,665,221,626
2012,12,"505","505 - Ottawa--Gatineau",16179,9857,4713,1609,9857,2471,3851,3323,11331,1525,7592,8587,4445,4514,1944,5276
2012,12,"521","521 - Kingston",2770,1768,768,234,1768,501,501,698,1872,200,1295,1475,786,814,330,840
2012,12,"529","529 - Peterborough",3286,2045,855,386,2045,605,636,1049,2030,207,1609,1677,818,860,445,1163
2012,12,"532","532 - Oshawa",6241,3729,2053,459,3729,1261,1251,1688,4144,409,2750,3491,1616,1729,752,2144
2012,12,"535","535 - Toronto",112417,67153,33076,12188,67153,19604,25660,18141,81035,13241,52142,60275,21091,27407,14371,49548
2012,12,"537","537 - Hamilton",12819,7373,4063,1383,7373,2456,2990,2782,8888,1149,5899,6920,3179,3459,1456,4725
2012,12,"539","539 - St. Catharines--Niagara",9469,5962,2642,865,5962,1707,1800,2363,6287,819,4427,5042,2601,2544,1187,3137
2012,12,"541","541 - Kitchener--Cambridge--Waterloo",8368,4949,2627,792,4949,1517,1902,1944,5716,708,3871,4497,2333,2241,988,2806
2012,12,"543","543 - Brantford",2159,1121,817,221,1121,515,523,601,1412,146,900,1259,624,604,256,675
2012,12,"550","550 - Guelph",1436,916,413,107,916,235,285,322,985,129,695,741,490,398,142,406
2012,12,"555","555 - London",11864,7254,3380,1230,7254,2165,2445,2915,7912,1037,5694,6170,3038,3116,1326,4384
2012,12,"559","559 - Windsor",8426,4770,2776,880,4770,1591,2065,1890,5753,783,3702,4724,1759,2056,990,3621
2012,12,"568","568 - Barrie",3484,2240,995,249,2240,641,603,937,2293,254,1634,1850,964,992,409,1119
2012,12,"580","580 - Greater Sudbury",2951,1840,898,213,1840,543,568,791,1974,186,1348,1603,930,756,339,926
2012,12,"595","595 - Thunder Bay",2025,1135,707,183,1135,398,492,526,1383,116,818,1207,649,567,211,598
2013,3,"505","505 - Ottawa--Gatineau",16519,10237,4667,1615,10237,2473,3809,3430,11500,1589,7930,8589,4323,4804,1855,5537
2013,3,"521","521 - Kingston",2867,1882,760,225,1882,498,487,741,1917,209,1377,1490,853,825,321,868
2013,3,"529","529 - Peterborough",3365,2135,848,382,2135,597,633,1048,2105,212,1692,1673,775,978,394,1218
2013,3,"532","532 - Oshawa",6388,3910,2025,453,3910,1237,1241,1732,4243,413,2903,3485,1586,1831,729,2242
2013,3,"535","535 - Toronto",111795,67237,32528,12030,67237,19254,25304,17746,80581,13468,52252,59543,19743,27780,13985,50287
2013,3,"537","537 - Hamilton",13010,7602,4021,1387,7602,2441,2967,2794,9047,1169,6118,6892,3023,3681,1470,4836
2013,3,"539","539 - St. Catharines--Niagara",9766,6270,2589,907,6270,1696,1800,2420,6502,844,4696,5070,2554,2790,1158,3264
2013,3,"541","541 - Kitchener--Cambridge--Waterloo",8394,5059,2542,793,5059,1472,1863,1939,5713,742,3956,4438,2159,2389,932,2914
2013,3,"543","543 - Brantford",2198,1172,802,224,1172,508,518,620,1427,151,941,1257,647,644,241,666
2013,3,"550","550 - Guelph",1525,981,413,131,981,244,300,352,1040,133,760,765,512,446,157,410
2013,3,"555","555 - London",12194,7578,3357,1259,7578,2154,2462,2982,8138,1074,5991,6203,2803,3520,1313,4558
2013,3,"559","559 - Windsor",8450,4798,2751,901,4798,1596,2056,1906,5748,796,3811,4639,1709,2107,973,3661
2013,3,"568","568 - Barrie",3615,2367,993,255,2367,646,602,974,2380,261,1749,1866,1012,1065,397,1141
2013,3,"580","580 - Greater Sudbury",3101,1983,887,231,1983,561,557,853,2041,207,1498,1603,983,830,330,958
2013,3,"595","595 - Thunder Bay",2065,1177,706,182,1177,395,493,525,1428,112,855,1210,664,597,226,578
2013,6,"505","505 - Ottawa--Gatineau",16802,10257,4838,1707,10257,2562,3983,3501,11686,1615,7894,8908,4338,4920,1882,5662
2013,6,"521","521 - Kingston",2918,1895,784,239,1895,500,523,781,1932,205,1388,1530,843,842,335,898
2013,6,"529","529 - Peterborough",3421,2137,903,381,2137,633,651,1049,2142,230,1664,1757,791,965,381,1284
2013,6,"532","532 - Oshawa",6499,3906,2124,469,3906,1306,1287,1796,4273,430,2860,3639,1572,1808,775,2344
2013,6,"535","535 - Toronto",111241,66469,32905,11867,66469,19438,25334,17733,80048,13460,50980,60261,20357,27045,12939,50900
2013,6,"537","537 - Hamilton",12960,7512,4087,1361,7512,2500,2948,2829,8952,1179,5923,7037,3024,3572,1553,4811
2013,6,"539","539 - St. Catharines--Niagara",9793,6211,2713,869,6211,1734,1848,2468,6498,827,4563,5230,2445,2778,1162,3408
2013,6,"541","541 - Kitchener--Cambridge--Waterloo",8487,5056,2654,777,5056,1539,1892,1944,5802,741,3906,4581,2065,2456,960,3006
2013,6,"543","543 - Brantford",2238,1207,812,219,1207,510,521,677,1431,130,926,1312,661,655,251,671
2013,6,"550","550 - Guelph",1579,995,451,133,995,263,321,393,1049,137,761,818,502,481,171,425
2013,6,"555","555 - London",12406,7711,3415,1280,7711,2150,2545,3030,8277,1099,5951,6455,2937,3395,1380,4694
2013,6,"559","559 - Windsor",8683,4929,2838,916,4929,1676,2078,2002,5886,795,3824,4859,1896,2138,947,3702
2013,6,"568","568 - Barrie",3568,2325,1012,231,2325,650,593,980,2340,248,1693,1875,996,1062,375,1135
2013,6,"580","580 - Greater Sudbury",3221,2043,937,241,2043,580,598,895,2130,196,1498,1723,1033,922,294,972
2013,6,"595","595 - Thunder Bay",2188,1213,783,192,1213,449,526,567,1517,104,905,1283,725,642,220,601
2013,9,"505","505 - Ottawa--Gatineau",16430,9901,4819,1710,9901,2593,3936,3310,11465,1655,7554,8876,4169,4621,1963,5677
2013,9,"521","521 - Kingston",2815,1820,783,212,1820,508,487,741,1871,203,1317,1498,763,811,334,907
2013,9,"529","529 - Peterborough",3364,2083,928,353,2083,629,652,1034,2097,233,1581,1783,775,908,421,1260
2013,9,"532","532 - Oshawa",6449,3824,2150,475,3824,1315,1310,1727,4265,457,2769,3680,1502,1822,741,2384
2013,9,"535","535 - Toronto",109668,65274,32881,11513,65274,19295,25099,17056,79119,13493,49510,60158,19242,26790,12546,51090
2013,9,"537","537 - Hamilton",12652,7269,4053,1330,7269,2481,2902,2663,8796,1193,5761,6891,3063,3327,1499,4763
2013,9,"539","539 - St. Catharines--Niagara",9508,5959,2709,840,5959,1735,1814,2329,6335,844,4351,5157,2383,2518,1199,3408
2013,9,"541","541 - Kitchener--Cambridge--Waterloo",8243,4837,2657,749,4837,1522,1884,1820,5688,735,3716,4527,1917,2321,991,3014
2013,9,"543","543 - Brantford",2135,1130,802,203,1130,492,513,647,1355,133,860,1275,601,631,269,634
2013,9,"550","550 - Guelph",1544,979,437,128,979,248,317,340,1065,139,727,817,467,453,171,453
2013,9,"555","555 - London",11962,7338,3365,1259,7338,2114,2510,2781,8079,1102,5639,6323,2700,3184,1403,4675
2013,9,"559","559 - Windsor",8443,4683,2818,942,4683,1645,2115,1806,5834,803,3688,4755,1691,2120,950,3682
2013,9,"568","568 - Barrie",3392,2197,982,213,2197,595,600,887,2261,244,1581,1811,856,1025,380,1131
2013,9,"580","580 - Greater Sudbury",3095,1936,919,240,1936,587,572,784,2108,203,1459,1636,874,923,310,988
2013,9,"595","595 - Thunder Bay",2088,1190,733,165,1190,408,490,516,1455,117,872,1216,616,649,223,600
2013,12,"505","505 - Ottawa--Gatineau",16343,10003,4689,1651,10003,2520,3820,3277,11372,1694,7700,8643,4413,4295,1969,5666
2013,12,"521","521 - Kingston",2752,1787,744,221,1787,506,459,703,1833,216,1329,1423,806,722,335,889
2013,12,"529","529 - Peterborough",3171,1994,844,333,1994,567,610,916,2021,234,1521,1650,774,798,381,1218
2013,12,"532","532 - Oshawa",6314,3813,2036,465,3813,1260,1241,1634,4188,492,2788,3526,1573,1616,770,2355
2013,12,"535","535 - Toronto",106080,63355,31562,11163,63355,18456,24269,15483,76954,13643,48279,57801,19298,24006,12615,50161
2013,12,"537","537 - Hamilton",12315,7140,3879,1296,7140,2399,2776,2440,8684,1191,5686,6629,3003,3183,1417,4712
2013,12,"539","539 - St. Catharines--Niagara",9563,6170,2593,800,6170,1646,1747,2277,6401,885,4462,5101,2653,2375,1111,3424
2013,12,"541","541 - Kitchener--Cambridge--Waterloo",8032,4785,2546,701,4785,1453,1794,1734,5551,747,3640,4392,1998,2073,993,2968
2013,12,"543","543 - Brantford",2095,1141,754,200,1141,471,483,597,1359,139,881,1214,619,578,251,647
2013,12,"550","550 - Guelph",1474,947,407,120,947,242,285,314,1015,145,710,764,439,411,176,448
2013,12,"555","555 - London",11835,7322,3264,1249,7322,2059,2454,2699,8007,1129,5616,6219,2878,2900,1403,4654
2013,12,"559","559 - Windsor",8262,4635,2681,946,4635,1564,2063,1697,5759,806,3634,4628,1805,1967,915,3575
2013,12,"568","568 - Barrie",3390,2246,948,196,2246,585,559,855,2273,262,1643,1747,944,954,382,1110
2013,12,"580","580 - Greater Sudbury",3057,1961,869,227,1961,550,546,757,2095,205,1495,1562,959,839,320,939
2013,12,"595","595 - Thunder Bay",2111,1248,692,171,1248,397,466,526,1452,133,908,1203,717,586,223,585
2014,3,"505","505 - Ottawa--Gatineau",16800,10516,4605,1679,10516,2476,3808,3421,11619,1760,8145,8655,4300,4704,1889,5907
2014,3,"521","521 - Kingston",2897,1908,759,230,1908,504,485,722,1930,245,1418,1479,836,841,305,915
2014,3,"529","529 - Peterborough",3355,2130,855,370,2130,604,621,979,2126,250,1648,1707,802,893,386,1274
2014,3,"532","532 - Oshawa",6670,4139,2030,501,4139,1256,1275,1751,4396,523,3065,3605,1669,1810,774,2417
2014,3,"535","535 - Toronto",106508,63976,31308,11224,63976,18372,24160,15448,77075,13985,48908,57600,18946,25039,11951,50572
2014,3,"537","537 - Hamilton",12761,7531,3908,1322,7531,2385,2845,2551,8984,1226,6032,6729,3049,3525,1360,4827
2014,3,"539","539 - St. Catharines--Niagara",9933,6487,2596,850,6487,1695,1751,2368,6651,914,4760,5173,2558,2764,1073,3538
2014,3,"541","541 - Kitchener--Cambridge--Waterloo",8291,5002,2555,734,5002,1465,1824,1781,5752,758,3832,4459,2136,2149,969,3037
2014,3,"543","543 - Brantford",2239,1260,759,220,1260,489,490,641,1442,156,977,1262,714,625,250,650
2014,3,"550","550 - Guelph",1580,1036,409,135,1036,255,289,340,1079,161,786,794,504,428,195,453
2014,3,"555","555 - London",12282,7660,3358,1264,7660,2136,2486,2863,8235,1184,5901,6381,2820,3334,1312,4816
2014,3,"559","559 - Windsor",8421,4815,2664,942,4815,1567,2039,1741,5834,846,3723,4698,1751,2110,933,3627
2014,3,"568","568 - Barrie",3595,2422,968,205,2422,580,593,921,2397,277,1789,1806,964,1069,422,1140
2014,3,"580","580 - Greater Sudbury",3163,2073,863,227,2073,551,539,801,2133,229,1598,1565,908,945,353,957
2014,3,"595","595 - Thunder Bay",2202,1335,685,182,1335,389,478,548,1522,132,989,1213,715,653,245,589
2014,6,"505","505 - Ottawa--Gatineau",17379,10866,4817,1696,10866,2629,3884,3623,11980,1776,8207,9172,4472,4884,1860,6163
2014,6,"521","521 - Kingston",2979,1927,808,244,1927,532,520,737,1989,253,1382,1597,815,920,297,947
2014,6,"529","529 - Peterborough",3469,2175,904,390,2175,640,654,1002,2222,245,1659,1810,796,954,395,1324
2014,6,"532","532 - Oshawa",6792,4220,2102,470,4220,1271,1301,1785,4484,523,3018,3774,1508,1960,745,2579
2014,6,"535","535 - Toronto",106178,63320,31650,11208,63320,18569,24289,15387,76681,14110,47960,58218,19349,24714,11252,50863
2014,6,"537","537 - Hamilton",12824,7488,4011,1325,7488,2442,2894,2606,8982,1236,5892,6932,3104,3478,1404,4838
2014,6,"539","539 - St. Catharines--Niagara",9978,6458,2694,826,6458,1714,1806,2392,6656,930,4630,5348,2362,2919,1055,3642
2014,6,"541","541 - Kitchener--Cambridge--Waterloo",8430,5026,2661,743,5026,1513,1891,1820,5833,777,3802,4628,2007,2325,910,3188
2014,6,"543","543 - Brantford",2208,1229,762,217,1229,476,503,616,1422,170,913,1295,610,697,245,656
2014,6,"550","550 - Guelph",1589,1014,443,132,1014,271,304,340,1093,156,762,827,488,431,185,485
2014,6,"555","555 - London",12422,7735,3404,1283,7735,2180,2507,2946,8271,1205,5838,6584,2795,3341,1327,4959
2014,6,"559","559 - Windsor",8546,4844,2729,973,4844,1593,2109,1757,5921,868,3720,4826,1757,2179,923,3687
2014,6,"568","568 - Barrie",3579,2398,975,206,2398,596,585,920,2387,272,1695,1884,912,1117,438,1112
2014,6,"580","580 - Greater Sudbury",3312,2129,915,268,2129,597,586,818,2255,239,1601,1711,1028,931,360,993
2014,6,"595","595 - Thunder Bay",2352,1397,749,206,1397,429,526,602,1624,126,1016,1336,750,733,266,603
2014,9,"505","505 - Ottawa--Gatineau",17049,10539,4848,1662,10539,2616,3894,3413,11826,1810,7930,9119,4242,4694,1985,6128
2014,9,"521","521 - Kingston",2849,1835,789,225,1835,522,492,688,1897,264,1283,1566,721,854,321,953
2014,9,"529","529 - Peterborough",3361,2075,910,376,2075,637,649,951,2161,249,1585,1776,720,894,399,1348
2014,9,"532","532 - Oshawa",6697,4077,2164,456,4077,1290,1330,1738,4430,529,2943,3754,1318,1911,832,2636
2014,9,"535","535 - Toronto",103802,61328,31472,11002,61328,18407,24067,14548,75208,14046,46177,57625,18461,24241,11187,49913
2014,9,"537","537 - Hamilton",12403,7133,3998,1272,7133,2395,2875,2449,8744,1210,5559,6844,2798,3347,1490,4768
2014,9,"539","539 - St. Catharines--Niagara",9413,5945,2648,820,5945,1651,1817,2121,6369,923,4248,5165,2255,2484,1127,3547
2014,9,"541","541 - Kitchener--Cambridge--Waterloo",8118,4786,2609,723,4786,1492,1840,1687,5653,778,3604,4514,1848,2243,888,3139
2014,9,"543","543 - Brantford",2103,1153,746,204,1153,476,474,570,1369,164,861,1242,552,635,254,662
2014,9,"550","550 - Guelph",1595,1010,458,127,1010,281,304,333,1104,158,750,845,466,425,185,519
2014,9,"555","555 - London",12143,7461,3447,1235,7461,2196,2486,2738,8191,1214,5628,6515,2733,3067,1432,4911
2014,9,"559","559 - Windsor",8370,4662,2710,998,4662,1590,2118,1615,5880,875,3662,4708,1716,2029,960,3665
2014,9,"568","568 - Barrie",3403,2246,963,194,2246,583,574,816,2330,257,1575,1828,876,991,420,1116
2014,9,"580","580 - Greater Sudbury",3125,1982,895,248,1982,547,596,749,2142,234,1479,1646,860,895,350,1020
2014,9,"595","595 - Thunder Bay",2224,1273,764,187,1273,440,511,558,1535,131,931,1293,620,723,277,604
2014,12,"505","505 - Ottawa--Gatineau",16612,10458,4656,1498,10458,2461,3693,3382,11525,1705,7908,8704,3426,4170,1978,7038
2014,12,"521","521 - Kingston",2624,1704,727,193,1704,484,436,668,1746,210,1215,1409,601,638,297,1088
2014,12,"529","529 - Peterborough",3147,1986,840,321,1986,554,607,862,2049,236,1537,1610,558,685,366,1538
2014,12,"532","532 - Oshawa",6322,3878,2016,428,3878,1213,1231,1601,4220,501,2808,3514,1000,1409,703,3210
2014,12,"535","535 - Toronto",98356,58530,29650,10176,58530,17139,22687,13703,71721,12932,44222,54134,15112,19963,9738,53543
2014,12,"537","537 - Hamilton",12053,7057,3838,1158,7057,2250,2746,2451,8483,1119,5505,6548,2228,2978,1282,5565
2014,12,"539","539 - St. Catharines--Niagara",9178,5918,2508,752,5918,1543,1717,2128,6200,850,4239,4939,2022,1955,1100,4101
2014,12,"541","541 - Kitchener--Cambridge--Waterloo",7918,4730,2560,628,4730,1452,1736,1642,5534,742,3567,4351,1534,1910,901,3573
2014,12,"543","543 - Brantford",1971,1110,686,175,1110,420,441,554,1280,137,847,1124,476,492,246,757
2014,12,"550","550 - Guelph",1538,987,444,107,987,260,291,325,1075,138,745,793,376,404,166,592
2014,12,"555","555 - London",12014,7567,3293,1154,7567,2073,2374,2655,8153,1206,5789,6225,2111,2647,1308,5948
2014,12,"559","559 - Windsor",7993,4513,2560,920,4513,1500,1980,1505,5646,842,3546,4447,1276,1518,833,4366
2014,12,"568","568 - Barrie",3245,2156,910,179,2156,542,547,799,2210,236,1534,1711,713,880,379,1273
2014,12,"580","580 - Greater Sudbury",2956,1878,856,222,1878,513,565,743,2004,209,1388,1568,668,757,337,1194
2014,12,"595","595 - Thunder Bay",2174,1276,726,172,1276,405,493,568,1493,113,929,1245,482,599,263,830
2015,3,"505","505 - Ottawa--Gatineau",17400,11137,4737,1526,11137,2485,3778,3488,12091,1821,8503,8897,3504,4315,2065,7516
2015,3,"521","521 - Kingston",2719,1791,726,202,1791,468,460,702,1784,233,1290,1429,603,638,340,1138
2015,3,"529","529 - Peterborough",3292,2085,865,342,2085,605,602,918,2134,240,1643,1649,619,711,364,1598
2015,3,"532","532 - Oshawa",6616,4126,2048,442,4126,1243,1247,1676,4409,531,2987,3629,1125,1319,815,3357
2015,3,"535","535 - Toronto",101787,61561,29899,10327,61561,17227,22999,14277,73891,13619,46638,55149,16385,20256,10339,54807
2015,3,"537","537 - Hamilton",12633,7534,3901,1198,7534,2302,2797,2556,8899,1178,5905,6728,2438,2974,1373,5848
2015,3,"539","539 - St. Catharines--Niagara",9718,6350,2594,774,6350,1580,1788,2299,6503,916,4600,5118,2197,2054,1125,4342
2015,3,"541","541 - Kitchener--Cambridge--Waterloo",8274,5028,2593,653,5028,1477,1769,1729,5782,763,3773,4501,1671,1862,1002,3739
2015,3,"543","543 - Brantford",2024,1167,690,167,1167,424,433,570,1307,147,888,1136,505,464,258,797
2015,3,"550","550 - Guelph",1621,1064,444,113,1064,259,298,353,1124,144,811,810,389,424,178,630
2015,3,"555","555 - London",12612,8011,3394,1207,8011,2112,2489,2788,8581,1243,6217,6395,2212,2771,1375,6254
2015,3,"559","559 - Windsor",8296,4827,2581,888,4827,1497,1972,1580,5845,871,3751,4545,1295,1661,800,4540
2015,3,"568","568 - Barrie",3452,2326,946,180,2326,552,574,846,2342,264,1663,1789,839,805,445,1363
2015,3,"580","580 - Greater Sudbury",3182,2053,888,241,2053,537,592,813,2139,230,1538,1644,784,765,349,1284
2015,3,"595","595 - Thunder Bay",2314,1395,742,177,1395,420,499,611,1571,132,1042,1272,570,555,294,895
2015,6,"505","505 - Ottawa--Gatineau",18226,11657,4918,1651,11657,2601,3968,3713,12596,1917,8866,9360,3473,4485,2254,8014
2015,6,"521","521 - Kingston",2835,1878,764,193,1878,490,467,731,1866,238,1331,1504,649,672,331,1183
2015,6,"529","529 - Peterborough",3407,2141,909,357,2141,624,642,958,2200,249,1648,1759,600,793,366,1648
2015,6,"532","532 - Oshawa",6707,4206,2073,428,4206,1221,1280,1669,4495,543,2991,3716,1041,1384,800,3482
2015,6,"535","535 - Toronto",103356,62468,30531,10357,62468,17521,23367,14475,74900,13981,46937,56419,15775,20941,10916,55724
2015,6,"537","537 - Hamilton",13186,7858,4099,1229,7858,2374,2954,2679,9259,1248,6070,7116,2431,3045,1616,6094
2015,6,"539","539 - St. Catharines--Niagara",9883,6380,2736,767,6380,1675,1828,2287,6657,939,4569,5314,1800,2469,1052,4562
2015,6,"541","541 - Kitchener--Cambridge--Waterloo",8433,5080,2688,665,5080,1510,1843,1749,5899,785,3815,4618,1553,1926,1024,3930
2015,6,"543","543 - Brantford",1969,1091,702,176,1091,447,431,545,1269,155,808,1161,431,460,245,833
2015,6,"550","550 - Guelph",1667,1089,463,115,1089,265,313,352,1163,152,808,859,384,442,188,653
2015,6,"555","555 - London",12900,8113,3557,1230,8113,2205,2582,2878,8752,1270,6251,6649,2011,2966,1418,6505
2015,6,"559","559 - Windsor",8486,4885,2672,929,4885,1544,2057,1636,5953,897,3768,4718,1286,1724,807,4669
2015,6,"568","568 - Barrie",3406,2257,962,187,2257,566,583,835,2298,273,1616,1790,666,834,444,1462
2015,6,"580","580 - Greater Sudbury",3306,2109,945,252,2109,584,613,859,2212,235,1529,1777,771,819,380,1336
2015,6,"595","595 - Thunder Bay",2387,1418,771,198,1418,417,552,588,1662,137,1041,1346,562,598,293,934
2015,9,"505","505 - Ottawa--Gatineau",18388,11758,5010,1620,11758,2638,3992,3557,12858,1973,8938,9450,3256,4260,2437,8435
2015,9,"521","521 - Kingston",2739,1791,751,197,1791,487,461,665,1836,238,1247,1492,580,616,310,1233
2015,9,"529","529 - Peterborough",3296,2077,886,333,2077,604,615,929,2118,249,1579,1717,538,733,366,1659
2015,9,"532","532 - Oshawa",6544,4091,2048,405,4091,1191,1262,1530,4448,566,2915,3629,945,1344,707,3548
2015,9,"535","535 - Toronto",102327,61638,30448,10241,61638,17507,23182,13952,74207,14168,46131,56196,14827,20270,11194,56036
2015,9,"537","537 - Hamilton",13098,7820,4086,1192,7820,2351,2927,2538,9266,1294,6026,7072,2081,2905,1774,6338
2015,9,"539","539 - St. Catharines--Niagara",9712,6272,2706,734,6272,1648,1792,2171,6578,963,4439,5273,1663,2274,1138,4637
2015,9,"541","541 - Kitchener--Cambridge--Waterloo",8270,4971,2632,667,4971,1466,1833,1666,5781,823,3732,4538,1475,1774,1013,4008
2015,9,"543","543 - Brantford",1948,1078,713,157,1078,427,443,532,1260,156,802,1146,462,427,212,847
2015,9,"550","550 - Guelph",1643,1059,468,116,1059,273,311,330,1164,149,788,855,348,396,221,678
2015,9,"555","555 - London",12952,8147,3540,1265,8147,2187,2618,2830,8791,1331,6270,6682,1930,2735,1600,6687
2015,9,"559","559 - Windsor",8348,4762,2638,948,4762,1516,2070,1538,5893,917,3675,4673,1117,1573,954,4704
2015,9,"568","568 - Barrie",3350,2196,958,196,2196,576,578,758,2310,282,1562,1788,599,799,423,1529
2015,9,"580","580 - Greater Sudbury",3212,2053,924,235,2053,542,617,780,2185,247,1472,1740,698,769,413,1332
2015,9,"595","595 - Thunder Bay",2324,1374,750,200,1374,424,526,563,1623,138,1023,1301,480,565,310,969
2015,12,"505","505 - Ottawa--Gatineau",18545,11886,5022,1637,11886,2662,3997,3465,12965,2115,9063,9482,3259,4099,2355,8832
2015,12,"521","521 - Kingston",2701,1815,692,194,1815,430,456,647,1803,251,1263,1438,595,589,292,1225
2015,12,"529","529 - Peterborough",3196,2066,829,301,2066,558,572,860,2087,249,1586,1610,536,667,334,1659
2015,12,"532","532 - Oshawa",6399,3998,1990,411,3998,1150,1251,1457,4378,564,2840,3559,926,1263,683,3527
2015,12,"535","535 - Toronto",100402,60574,29596,10232,60574,17038,22790,13030,73059,14313,45648,54754,14811,19087,10530,55974
2015,12,"537","537 - Hamilton",12901,7817,3909,1175,7817,2252,2832,2423,9160,1318,6009,6892,2041,2719,1582,6559
2015,12,"539","539 - St. Catharines--Niagara",9746,6379,2639,728,6379,1611,1756,2059,6668,1019,4569,5177,1801,2339,956,4650
2015,12,"541","541 - Kitchener--Cambridge--Waterloo",8172,4998,2503,671,4998,1401,1773,1593,5708,871,3771,4401,1515,1684,908,4065
2015,12,"543","543 - Brantford",1999,1146,696,157,1146,410,443,537,1304,158,853,1146,533,429,191,846
2015,12,"550","550 - Guelph",1655,1072,465,118,1072,280,303,344,1156,155,797,858,378,367,219,691
2015,12,"555","555 - London",12642,7964,3491,1187,7964,2125,2553,2667,8650,1325,6119,6523,1830,2501,1498,6813
2015,12,"559","559 - Windsor",8167,4690,2550,927,4690,1453,2024,1427,5800,940,3665,4502,1102,1464,903,4698
2015,12,"568","568 - Barrie",3285,2156,925,204,2156,578,551,686,2301,298,1573,1712,646,699,382,1558
2015,12,"580","580 - Greater Sudbury",3190,2100,873,217,2100,516,574,737,2174,279,1540,1650,694,784,337,1375
2015,12,"595","595 - Thunder Bay",2367,1415,752,200,1415,411,541,553,1668,146,1051,1316,500,563,274,1030
2016,3,"505","505 - Ottawa--Gatineau",19332,12534,5079,1719,12534,2722,4076,3579,13533,2220,9581,9751,3244,4261,2344,9483
2016,3,"521","521 - Kingston",2811,1888,702,221,1888,441,482,648,1892,271,1345,1466,586,654,299,1272
2016,3,"529","529 - Peterborough",3382,2216,837,329,2216,580,586,901,2219,262,1713,1669,570,694,364,1754
2016,3,"532","532 - Oshawa",6639,4251,1965,423,4251,1165,1223,1477,4549,613,3039,3600,1051,1224,748,3616
2016,3,"535","535 - Toronto",103302,63209,29558,10535,63209,17183,22910,13357,75016,14929,47694,55608,15718,19364,10568,57652
2016,3,"537","537 - Hamilton",13446,8292,3929,1225,8292,2254,2900,2462,9605,1379,6427,7019,2260,2675,1552,6959
2016,3,"539","539 - St. Catharines--Niagara",10319,6838,2714,767,6838,1655,1826,2179,7064,1076,4920,5399,1845,2257,1217,5000
2016,3,"541","541 - Kitchener--Cambridge--Waterloo",8533,5318,2528,687,5318,1418,1797,1648,5969,916,4016,4517,1592,1772,901,4268
2016,3,"543","543 - Brantford",2136,1260,709,167,1260,436,440,557,1399,180,932,1204,526,505,218,887
2016,3,"550","550 - Guelph",1774,1197,458,119,1197,268,309,378,1229,167,875,899,405,430,199,740
2016,3,"555","555 - London",13344,8485,3560,1299,8485,2201,2658,2809,9106,1429,6572,6772,2079,2587,1462,7216
2016,3,"559","559 - Windsor",8338,4881,2511,946,4881,1427,2030,1444,5902,992,3813,4525,1081,1499,855,4903
2016,3,"568","568 - Barrie",3268,2177,891,200,2177,558,533,679,2284,305,1583,1685,666,679,382,1541
2016,3,"580","580 - Greater Sudbury",3433,2302,901,230,2302,529,602,813,2326,294,1671,1762,772,801,379,1481
2016,3,"595","595 - Thunder Bay",2484,1526,742,216,1526,414,544,580,1743,161,1136,1348,498,576,283,1127
2016,6,"505","505 - Ottawa--Gatineau",19634,12707,5163,1764,12707,2713,4214,3692,13697,2245,9590,10044,3372,4280,2231,9751
2016,6,"521","521 - Kingston",2880,1943,729,208,1943,457,480,690,1932,258,1356,1524,620,654,313,1293
2016,6,"529","529 - Peterborough",3390,2216,839,335,2216,600,574,924,2205,261,1698,1692,610,679,382,1719
2016,6,"532","532 - Oshawa",6679,4243,2017,419,4243,1195,1241,1477,4577,625,3015,3664,1127,1252,693,3607
2016,6,"535","535 - Toronto",104090,63780,29830,10480,63780,17228,23082,13659,75539,14892,47752,56338,15811,20429,10347,57503
2016,6,"537","537 - Hamilton",13369,8170,3954,1245,8170,2250,2949,2476,9508,1385,6297,7072,2250,2656,1515,6948
2016,6,"539","539 - St. Catharines--Niagara",10191,6669,2764,758,6669,1699,1823,2178,6956,1057,4744,5447,1686,2288,1334,4883
2016,6,"541","541 - Kitchener--Cambridge--Waterloo",8600,5328,2569,703,5328,1426,1846,1664,5999,937,3990,4610,1531,1867,930,4272
2016,6,"543","543 - Brantford",2090,1202,728,160,1202,438,450,551,1371,168,860,1230,480,544,217,849
2016,6,"550","550 - Guelph",1778,1177,470,131,1177,285,316,376,1235,167,865,913,358,466,207,747
2016,6,"555","555 - London",13396,8510,3551,1335,8510,2159,2727,2840,9082,1474,6504,6892,2112,2708,1359,7217
2016,6,"559","559 - Windsor",8193,4761,2468,964,4761,1404,2028,1397,5841,955,3704,4489,1042,1466,833,4852
2016,6,"568","568 - Barrie",3136,2068,869,199,2068,556,512,646,2202,288,1504,1632,610,689,347,1490
2016,6,"580","580 - Greater Sudbury",3550,2344,958,248,2344,583,623,843,2415,292,1690,1860,829,855,400,1466
2016,6,"595","595 - Thunder Bay",2633,1592,818,223,1592,451,590,617,1858,158,1210,1423,575,592,313,1153
2016,9,"505","505 - Ottawa--Gatineau",19781,12713,5245,1823,12713,2753,4315,3655,13804,2322,9603,10178,3419,4267,2149,9946
2016,9,"521","521 - Kingston",2804,1904,715,185,1904,442,458,638,1906,260,1326,1478,567,651,304,1282
2016,9,"529","529 - Peterborough",3385,2176,885,324,2176,608,601,900,2211,274,1650,1735,541,758,334,1752
2016,9,"532","532 - Oshawa",6423,4047,1982,394,4047,1137,1239,1334,4454,635,2849,3574,942,1294,620,3567
2016,9,"535","535 - Toronto",104228,63844,29991,10393,63844,17130,23254,13514,75917,14797,47671,56557,14741,21977,9924,57586
2016,9,"537","537 - Hamilton",13373,8128,3989,1256,8128,2266,2979,2453,9562,1358,6268,7105,2225,2809,1324,7015
2016,9,"539","539 - St. Catharines--Niagara",10042,6568,2727,747,6568,1694,1780,2082,6925,1035,4702,5340,1700,2211,1081,5050
2016,9,"541","541 - Kitchener--Cambridge--Waterloo",8534,5241,2583,710,5241,1438,1855,1588,6032,914,3987,4547,1518,1886,869,4261
2016,9,"543","543 - Brantford",2028,1148,735,145,1148,437,443,514,1353,161,836,1192,443,533,209,843
2016,9,"550","550 - Guelph",1764,1150,475,139,1150,286,328,365,1233,166,872,892,388,448,190,738
2016,9,"555","555 - London",13293,8428,3521,1344,8428,2107,2758,2702,9103,1488,6469,6824,2125,2723,1256,7189
2016,9,"559","559 - Windsor",7936,4570,2432,934,4570,1370,1996,1290,5665,981,3562,4374,987,1422,751,4776
2016,9,"568","568 - Barrie",2927,1871,865,191,1871,563,493,560,2086,281,1350,1577,544,662,290,1431
2016,9,"580","580 - Greater Sudbury",3558,2334,990,234,2334,587,637,863,2394,301,1670,1888,702,944,383,1529
2016,9,"595","595 - Thunder Bay",2604,1593,809,202,1593,442,569,580,1870,154,1212,1392,503,654,280,1167
2016,12,"505","505 - Ottawa--Gatineau",19507,12580,5124,1803,12580,2643,4284,3484,13655,2368,9587,9920,3314,4131,2101,9961
2016,12,"521","521 - Kingston",2660,1833,654,173,1833,404,423,593,1814,253,1272,1388,530,599,269,1262
2016,12,"529","529 - Peterborough",3310,2168,834,308,2168,555,587,863,2176,271,1630,1680,557,706,320,1727
2016,12,"532","532 - Oshawa",6241,3923,1941,377,3923,1084,1234,1270,4365,606,2786,3455,968,1245,601,3427
2016,12,"535","535 - Toronto",101376,62137,29002,10237,62137,16560,22679,12620,74105,14651,46728,54648,14629,20629,9840,56278
2016,12,"537","537 - Hamilton",12994,7925,3836,1233,7925,2159,2910,2209,9416,1369,6182,6812,2143,2780,1215,6856
2016,12,"539","539 - St. Catharines--Niagara",9732,6414,2607,711,6414,1607,1711,1931,6774,1027,4587,5145,1722,2023,1037,4950
2016,12,"541","541 - Kitchener--Cambridge--Waterloo",8529,5272,2563,694,5272,1415,1842,1593,6013,923,4002,4527,1560,1893,854,4222
2016,12,"543","543 - Brantford",1982,1148,689,145,1148,417,417,491,1340,151,839,1143,429,499,230,824
2016,12,"550","550 - Guelph",1712,1116,467,129,1116,287,309,350,1200,162,841,871,373,398,196,745
2016,12,"555","555 - London",12801,8125,3402,1274,8125,2009,2667,2487,8850,1464,6200,6601,2037,2576,1276,6912
2016,12,"559","559 - Windsor",7610,4396,2306,908,4396,1315,1899,1203,5440,967,3403,4207,1073,1208,737,4592
2016,12,"568","568 - Barrie",2685,1708,804,173,1708,517,460,503,1920,262,1235,1450,531,585,263,1306
2016,12,"580","580 - Greater Sudbury",3358,2245,895,218,2245,551,562,775,2286,297,1630,1728,703,799,378,1478
2016,12,"595","595 - Thunder Bay",2545,1570,772,203,1570,417,558,550,1847,148,1182,1363,478,645,265,1157
2017,3,"505","505 - Ottawa--Gatineau",20077,12868,5182,2027,12868,2677,4532,3562,14108,2407,9986,10091,3567,4445,1981,10084
2017,3,"521","521 - Kingston",2765,1916,664,185,1916,415,434,636,1873,256,1339,1426,587,623,287,1268
2017,3,"529","529 - Peterborough",3375,2234,830,311,2234,544,597,873,2217,285,1688,1687,596,689,346,1744
2017,3,"532","532 - Oshawa",6384,4006,1981,397,4006,1126,1252,1257,4505,622,2878,3506,1090,1306,585,3403
2017,3,"535","535 - Toronto",103378,63666,29114,10598,63666,16508,23204,12876,75543,14959,48222,55156,16122,20695,10618,55943
2017,3,"537","537 - Hamilton",13410,8118,3860,1432,8118,2153,3139,2222,9792,1396,6514,6896,2464,2877,1299,6770
2017,3,"539","539 - St. Catharines--Niagara",9887,6567,2605,715,6567,1586,1734,1971,6849,1067,4687,5200,1787,2119,1028,4953
2017,3,"541","541 - Kitchener--Cambridge--Waterloo",8880,5454,2591,835,5454,1415,2011,1629,6290,961,4196,4684,1712,1992,934,4242
2017,3,"543","543 - Brantford",2031,1174,706,151,1174,413,444,529,1347,155,871,1160,493,504,233,801
2017,3,"550","550 - Guelph",1734,1108,484,142,1108,291,335,348,1217,169,857,877,382,406,209,737
2017,3,"555","555 - London",13340,8427,3496,1417,8427,2035,2878,2573,9270,1497,6623,6717,2329,2744,1331,6936
2017,3,"559","559 - Windsor",7699,4423,2288,988,4423,1243,2033,1188,5514,997,3534,4165,1289,1323,663,4424
2017,3,"568","568 - Barrie",2626,1682,771,173,1682,471,473,509,1856,261,1218,1408,617,550,259,1200
2017,3,"580","580 - Greater Sudbury",3461,2340,911,210,2340,531,590,810,2347,304,1713,1748,726,828,408,1499
2017,3,"595","595 - Thunder Bay",2559,1583,777,199,1583,430,546,567,1841,151,1193,1366,524,626,274,1135
2017,6,"505","505 - Ottawa--Gatineau",20499,12965,5420,2114,12965,2795,4739,3627,14473,2399,10003,10496,3515,4741,2054,10189
2017,6,"521","521 - Kingston",2850,1936,719,195,1936,443,471,650,1932,268,1360,1490,598,659,302,1291
2017,6,"529","529 - Peterborough",3337,2159,870,308,2159,574,604,848,2207,282,1628,1709,537,699,364,1737
2017,6,"532","532 - Oshawa",6431,3976,2066,389,3976,1165,1290,1280,4539,612,2834,3597,1069,1368,639,3355
2017,6,"535","535 - Toronto",103661,63487,29644,10530,63487,16588,23586,13028,75954,14679,47791,55870,15992,21196,10825,55648
2017,6,"537","537 - Hamilton",13349,7977,3993,1379,7977,2169,3203,2204,9757,1388,6280,7069,2221,3075,1369,6684
2017,6,"539","539 - St. Catharines--Niagara",9765,6353,2707,705,6353,1598,1814,1977,6767,1021,4469,5296,1661,2153,998,4953
2017,6,"541","541 - Kitchener--Cambridge--Waterloo",8955,5416,2711,828,5416,1450,2089,1605,6392,958,4163,4792,1582,2128,967,4278
2017,6,"543","543 - Brantford",2032,1157,736,139,1157,419,456,533,1356,143,830,1202,463,506,246,817
2017,6,"550","550 - Guelph",1786,1109,517,160,1109,307,370,369,1238,179,849,937,419,411,183,773
2017,6,"555","555 - London",13385,8337,3621,1427,8337,2059,2989,2576,9338,1471,6491,6894,2247,2936,1313,6889
2017,6,"559","559 - Windsor",7723,4378,2349,996,4378,1275,2070,1222,5518,983,3448,4275,1277,1515,623,4308
2017,6,"568","568 - Barrie",2532,1614,761,157,1614,455,463,503,1786,243,1154,1378,548,594,258,1132
2017,6,"580","580 - Greater Sudbury",3471,2273,976,222,2273,557,641,805,2357,309,1653,1818,674,859,410,1528
2017,6,"595","595 - Thunder Bay",2605,1591,808,206,1591,441,573,583,1878,144,1181,1424,542,584,310,1169
2017,9,"505","505 - Ottawa--Gatineau",20251,12641,5489,2121,12641,2755,4855,3452,14357,2442,9770,10481,3254,4686,2189,10122
2017,9,"521","521 - Kingston",2698,1815,706,177,1815,421,462,572,1879,247,1284,1414,471,660,302,1265
2017,9,"529","529 - Peterborough",3312,2160,865,287,2160,548,604,833,2195,284,1600,1712,497,716,367,1732
2017,9,"532","532 - Oshawa",6271,3846,2068,357,3846,1137,1288,1187,4466,618,2698,3573,933,1386,613,3339
2017,9,"535","535 - Toronto",103589,63161,29939,10489,63161,16593,23835,12872,76014,14703,47396,56193,14948,22434,10541,55666
2017,9,"537","537 - Hamilton",13271,7884,4003,1384,7884,2185,3202,2165,9688,1418,6244,7027,1889,3130,1497,6755
2017,9,"539","539 - St. Catharines--Niagara",9458,6106,2694,658,6106,1557,1795,1828,6645,985,4270,5188,1435,2124,1030,4869
2017,9,"541","541 - Kitchener--Cambridge--Waterloo",8944,5360,2739,845,5360,1454,2130,1553,6432,959,4126,4818,1477,2147,984,4336
2017,9,"543","543 - Brantford",1981,1126,726,129,1126,403,452,497,1356,128,802,1179,395,537,236,813
2017,9,"550","550 - Guelph",1754,1082,523,149,1082,314,358,344,1237,173,837,917,354,444,184,772
2017,9,"555","555 - London",13231,8166,3616,1449,8166,2030,3035,2471,9253,1507,6367,6864,2051,2952,1370,6858
2017,9,"559","559 - Windsor",7587,4235,2356,996,4235,1260,2092,1174,5440,973,3313,4274,1185,1653,659,4090
2017,9,"568","568 - Barrie",2418,1508,751,159,1508,446,464,451,1731,236,1069,1349,513,575,230,1100
2017,9,"580","580 - Greater Sudbury",3324,2123,997,204,2123,544,657,740,2290,294,1520,1804,590,813,404,1517
2017,9,"595","595 - Thunder Bay",2538,1548,803,187,1548,419,571,538,1855,145,1114,1424,400,643,307,1188
2017,12,"505","505 - Ottawa--Gatineau",19719,12313,5312,2094,12313,2693,4713,3317,13942,2460,9567,10152,2908,4543,2243,10025
2017,12,"521","521 - Kingston",2607,1766,679,162,1766,393,448,530,1833,244,1234,1373,401,640,295,1271
2017,12,"529","529 - Peterborough",3145,2032,845,268,2032,512,601,719,2147,279,1512,1633,427,644,348,1726
2017,12,"532","532 - Oshawa",6242,3802,2081,359,3802,1126,1314,1157,4463,622,2678,3564,944,1336,625,3337
2017,12,"535","535 - Toronto",101785,61934,29349,10502,61934,16169,23682,12233,74980,14572,46946,54839,13781,21889,10650,55465
2017,12,"537","537 - Hamilton",12815,7597,3858,1360,7597,2087,3131,2016,9400,1399,6073,6742,1700,2967,1469,6679
2017,12,"539","539 - St. Catharines--Niagara",9339,6066,2626,647,6066,1480,1793,1774,6585,980,4248,5091,1460,2032,1063,4784
2017,12,"541","541 - Kitchener--Cambridge--Waterloo",8969,5335,2726,908,5335,1435,2199,1513,6469,987,4206,4763,1561,2077,1007,4324
2017,12,"543","543 - Brantford",1986,1154,706,126,1154,378,454,480,1364,142,826,1160,370,537,236,843
2017,12,"550","550 - Guelph",1726,1076,513,137,1076,306,344,323,1223,180,834,892,263,489,194,780
2017,12,"555","555 - London",13025,7981,3541,1503,7981,1956,3088,2320,9192,1513,6350,6675,2016,2843,1388,6778
2017,12,"559","559 - Windsor",7411,4133,2272,1006,4133,1196,2082,1101,5374,936,3273,4138,1109,1696,694,3912
2017,12,"568","568 - Barrie",2457,1570,736,151,1570,422,465,475,1728,254,1118,1339,602,589,221,1045
2017,12,"580","580 - Greater Sudbury",3268,2120,947,201,2120,522,626,697,2284,287,1570,1698,656,689,402,1521
2017,12,"595","595 - Thunder Bay",2434,1499,734,201,1499,390,545,523,1773,138,1087,1347,377,569,306,1182
2018,3,"505","505 - Ottawa--Gatineau",19481,12292,5147,2042,12292,2590,4599,3318,13706,2457,9564,9917,2647,4350,2390,10094
2018,3,"521","521 - Kingston",2677,1808,703,166,1808,421,448,537,1904,236,1283,1394,433,615,341,1288
2018,3,"529","529 - Peterborough",3176,2066,827,283,2066,497,613,711,2170,295,1577,1599,418,653,362,1743
2018,3,"532","532 - Oshawa",6339,3954,2029,356,3954,1084,1301,1156,4550,633,2829,3510,979,1302,707,3351
2018,3,"535","535 - Toronto",101655,61947,29061,10647,61947,15950,23758,12051,75179,14425,47249,54406,13512,21055,11792,55296
2018,3,"537","537 - Hamilton",12641,7525,3785,1331,7525,2019,3097,1953,9291,1397,6079,6562,1634,2582,1718,6707
2018,3,"539","539 - St. Catharines--Niagara",9423,6171,2597,655,6171,1454,1798,1769,6715,939,4391,5032,1452,2093,1091,4787
2018,3,"541","541 - Kitchener--Cambridge--Waterloo",8997,5371,2715,911,5371,1450,2176,1500,6490,1007,4266,4731,1521,2022,1096,4358
2018,3,"543","543 - Brantford",2001,1184,707,110,1184,362,455,485,1367,149,840,1161,349,526,271,855
2018,3,"550","550 - Guelph",1715,1081,505,129,1081,288,346,311,1230,174,835,880,315,411,210,779
2018,3,"555","555 - London",13103,8076,3476,1551,8076,1913,3114,2293,9284,1526,6459,6644,1950,2837,1551,6765
2018,3,"559","559 - Windsor",7329,4103,2241,985,4103,1207,2019,1080,5320,929,3274,4055,1063,1617,872,3777
2018,3,"568","568 - Barrie",2493,1620,728,145,1620,434,439,475,1752,266,1163,1330,603,629,266,995
2018,3,"580","580 - Greater Sudbury",3357,2215,947,195,2215,507,635,704,2364,289,1615,1742,690,735,381,1551
2018,3,"595","595 - Thunder Bay",2442,1537,713,192,1537,380,525,534,1774,134,1098,1344,396,534,312,1200
2018,6,"505","505 - Ottawa--Gatineau",19632,12282,5256,2094,12282,2617,4733,3344,13852,2436,9483,10149,3052,3978,2409,10193
2018,6,"521","521 - Kingston",2666,1747,741,178,1747,437,482,533,1901,232,1206,1460,407,550,360,1349
2018,6,"529","529 - Peterborough",3184,2036,868,280,2036,525,623,716,2179,289,1551,1633,425,596,383,1780
2018,6,"532","532 - Oshawa",6463,3981,2119,363,3981,1119,1363,1186,4612,665,2809,3654,922,1355,751,3435
2018,6,"535","535 - Toronto",102710,62335,29579,10796,62335,16105,24270,12162,75963,14585,47387,55323,14927,20069,11727,55987
2018,6,"537","537 - Hamilton",12341,7211,3798,1332,7211,2020,3110,1919,9075,1347,5802,6539,1625,2296,1705,6715
2018,6,"539","539 - St. Catharines--Niagara",9304,6006,2636,662,6006,1456,1842,1747,6632,925,4242,5062,1419,1927,1113,4845
2018,6,"541","541 - Kitchener--Cambridge--Waterloo",9132,5407,2789,936,5407,1465,2260,1522,6622,988,4251,4881,1462,2142,1102,4426
2018,6,"543","543 - Brantford",2079,1230,741,108,1230,389,460,513,1407,159,859,1220,383,510,304,882
2018,6,"550","550 - Guelph",1730,1060,534,136,1060,302,368,329,1237,164,816,914,313,367,248,802
2018,6,"555","555 - London",12968,7906,3518,1544,7906,1897,3165,2304,9183,1481,6292,6676,1905,2770,1489,6804
2018,6,"559","559 - Windsor",7337,4104,2268,965,4104,1194,2039,1101,5300,936,3209,4128,1138,1546,936,3717
2018,6,"568","568 - Barrie",2460,1566,744,150,1566,437,457,460,1740,260,1105,1355,499,698,266,997
2018,6,"580","580 - Greater Sudbury",3484,2273,993,218,2273,555,656,777,2416,291,1651,1833,737,812,348,1587
2018,6,"595","595 - Thunder Bay",2523,1605,744,174,1605,384,534,563,1822,138,1139,1384,450,500,328,1245
2018,9,"505","505 - Ottawa--Gatineau",19077,11728,5270,2079,11728,2549,4800,3066,13620,2391,9078,9999,2788,3763,2261,10265
2018,9,"521","521 - Kingston",2590,1679,730,181,1679,419,492,492,1877,221,1156,1434,403,498,304,1385
2018,9,"529","529 - Peterborough",3129,2006,858,265,2006,498,625,689,2154,286,1501,1628,374,598,359,1798
2018,9,"532","532 - Oshawa",6195,3798,2046,351,3798,1053,1344,1099,4464,632,2671,3524,749,1297,665,3484
2018,9,"535","535 - Toronto",102032,61782,29497,10753,61782,15956,24294,11837,75705,14490,46846,55186,13934,20361,11026,56711
2018,9,"537","537 - Hamilton",12130,7026,3814,1290,7026,1948,3156,1840,8927,1363,5588,6542,1552,2269,1355,6954
2018,9,"539","539 - St. Catharines--Niagara",8995,5726,2634,635,5726,1434,1835,1677,6437,881,4051,4944,1326,1863,1018,4788
2018,9,"541","541 - Kitchener--Cambridge--Waterloo",9030,5323,2763,944,5323,1453,2254,1423,6608,999,4194,4836,1280,2131,1031,4588
2018,9,"543","543 - Brantford",2042,1183,748,111,1183,397,462,490,1403,149,822,1220,345,494,288,915
2018,9,"550","550 - Guelph",1681,1031,513,137,1031,286,364,310,1198,173,792,889,289,366,233,793
2018,9,"555","555 - London",12716,7725,3465,1526,7725,1835,3156,2194,9053,1469,6137,6579,1781,2623,1373,6939
2018,9,"559","559 - Windsor",7164,3956,2256,952,3956,1174,2034,1054,5172,938,3136,4028,1056,1501,844,3763
2018,9,"568","568 - Barrie",2361,1513,729,119,1513,402,446,424,1687,250,1029,1332,414,659,289,999
2018,9,"580","580 - Greater Sudbury",3403,2178,1008,217,2178,553,672,732,2393,278,1579,1824,631,883,352,1537
2018,9,"595","595 - Thunder Bay",2410,1546,700,164,1546,351,513,520,1737,153,1092,1318,366,520,270,1254
2018,12,"505","505 - Ottawa--Gatineau",18510,11424,5078,2008,11424,2450,4636,2903,13210,2397,8890,9620,2637,3640,2065,10168
2018,12,"521","521 - Kingston",2536,1666,690,180,1666,379,491,454,1853,229,1135,1401,392,477,271,1396
2018,12,"529","529 - Peterborough",2968,1934,788,246,1934,466,568,640,2056,272,1440,1528,369,499,324,1776
2018,12,"532","532 - Oshawa",6095,3736,2009,350,3736,1028,1331,1047,4414,634,2614,3481,733,1159,703,3500
2018,12,"535","535 - Toronto",99607,60472,28476,10659,60472,15448,23687,11048,74209,14350,46029,53578,13739,19594,10358,55916
2018,12,"537","537 - Hamilton",11560,6711,3653,1196,6711,1866,2983,1677,8552,1331,5347,6213,1315,2156,1185,6904
2018,12,"539","539 - St. Catharines--Niagara",8969,5797,2552,620,5797,1394,1778,1635,6408,926,4142,4827,1380,1842,958,4789
2018,12,"541","541 - Kitchener--Cambridge--Waterloo",8865,5285,2701,879,5285,1402,2178,1378,6491,996,4144,4721,1148,1935,1107,4675
2018,12,"543","543 - Brantford",1986,1137,739,110,1137,388,461,458,1382,146,791,1195,313,462,258,953
2018,12,"550","550 - Guelph",1648,1028,492,128,1028,266,354,297,1179,172,778,870,285,347,187,829
2018,12,"555","555 - London",12296,7463,3383,1450,7463,1768,3065,2045,8798,1453,5978,6318,1791,2358,1375,6772
2018,12,"559","559 - Windsor",6946,3839,2186,921,3839,1124,1983,957,5050,939,3076,3870,1078,1364,799,3705
2018,12,"568","568 - Barrie",2377,1539,708,130,1539,408,430,436,1691,250,1067,1310,444,596,331,1006
2018,12,"580","580 - Greater Sudbury",3290,2140,955,195,2140,513,637,659,2363,268,1546,1744,598,798,384,1510
2018,12,"595","595 - Thunder Bay",2428,1577,706,145,1577,349,502,522,1749,157,1109,1319,358,518,253,1299
2019,3,"505","505 - Ottawa--Gatineau",18218,11303,4960,1955,11303,2405,4510,2873,12948,2397,8776,9442,2496,3671,1868,10183
2019,3,"521","521 - Kingston",2601,1739,689,173,1739,385,477,472,1890,239,1195,1406,421,499,274,1407
2019,3,"529","529 - Peterborough",3001,1951,791,259,1951,481,569,614,2109,278,1487,1514,350,517,300,1834
2019,3,"532","532 - Oshawa",6206,3894,1964,348,3894,986,1326,1071,4508,627,2778,3428,694,1141,761,3610
2019,3,"535","535 - Toronto",99660,61131,27927,10602,61131,15236,23293,10989,74190,14481,46537,53123,13886,20106,10126,55542
2019,3,"537","537 - Hamilton",11425,6697,3568,1160,6697,1788,2940,1619,8474,1332,5325,6100,1330,2047,1175,6873
2019,3,"539","539 - St. Catharines--Niagara",9199,6004,2571,624,6004,1414,1781,1679,6548,972,4314,4885,1449,1956,939,4855
2019,3,"541","541 - Kitchener--Cambridge--Waterloo",8838,5335,2641,862,5335,1373,2130,1330,6513,995,4142,4696,1124,1763,1171,4780
2019,3,"543","543 - Brantford",2026,1180,738,108,1180,396,450,456,1411,159,838,1188,314,448,258,1006
2019,3,"550","550 - Guelph",1685,1077,488,120,1077,254,354,286,1209,190,802,883,278,367,175,865
2019,3,"555","555 - London",12432,7648,3363,1421,7648,1747,3037,2066,8893,1473,6073,6359,1848,2490,1313,6781
2019,3,"559","559 - Windsor",7019,3938,2159,922,3938,1084,1997,966,5097,956,3158,3861,1104,1429,730,3756
2019,3,"568","568 - Barrie",2442,1587,713,142,1587,417,438,454,1737,251,1146,1296,493,567,359,1023
2019,3,"580","580 - Greater Sudbury",3361,2216,953,192,2216,506,639,690,2378,293,1584,1777,639,801,417,1504
2019,3,"595","595 - Thunder Bay",2513,1652,716,145,1652,362,499,516,1844,153,1185,1328,365,532,277,1339
2019,6,"505","505 - Ottawa--Gatineau",18574,11452,5099,2023,11452,2490,4632,2905,13252,2417,8815,9759,2820,3632,1863,10259
2019,6,"521","521 - Kingston",2623,1749,705,169,1749,388,486,487,1885,251,1189,1434,429,507,272,1415
2019,6,"529","529 - Peterborough",3075,1992,811,272,1992,506,577,635,2148,292,1498,1577,397,493,296,1889
2019,6,"532","532 - Oshawa",6343,3900,2093,350,3900,1054,1389,1119,4581,643,2748,3595,692,1072,739,3840
2019,6,"535","535 - Toronto",99791,61133,28140,10518,61133,15321,23337,10966,74303,14522,46042,53749,14015,19950,10257,55569
2019,6,"537","537 - Hamilton",11603,6715,3714,1174,6715,1856,3032,1630,8616,1357,5264,6339,1458,1984,1171,6990
2019,6,"539","539 - St. Catharines--Niagara",9214,5965,2642,607,5965,1429,1820,1687,6549,978,4220,4994,1354,2002,927,4931
2019,6,"541","541 - Kitchener--Cambridge--Waterloo",9013,5405,2731,877,5405,1409,2199,1367,6629,1017,4128,4885,1176,1639,1168,5030
2019,6,"543","543 - Brantford",2047,1180,759,108,1180,395,472,451,1434,162,822,1225,334,424,255,1034
2019,6,"550","550 - Guelph",1732,1103,511,118,1103,276,353,310,1228,194,823,909,323,348,192,869
2019,6,"555","555 - London",12467,7593,3457,1417,7593,1784,3090,2076,8915,1476,5968,6499,1783,2546,1274,6864
2019,6,"559","559 - Windsor",7150,3979,2213,958,3979,1119,2052,1010,5169,971,3175,3975,1102,1548,681,3819
2019,6,"568","568 - Barrie",2445,1572,737,136,1572,395,478,440,1744,261,1120,1325,466,578,307,1094
2019,6,"580","580 - Greater Sudbury",3499,2274,1024,201,2274,527,698,684,2512,303,1629,1870,666,867,402,1564
2019,6,"595","595 - Thunder Bay",2686,1726,801,159,1726,405,555,510,2008,168,1247,1439,451,505,304,1426
2019,9,"505","505 - Ottawa--Gatineau",18104,11071,5067,1966,11071,2431,4602,2670,13027,2407,8482,9622,2639,3592,1839,10034
2019,9,"521","521 - Kingston",2557,1700,712,145,1700,388,469,448,1879,230,1181,1376,391,498,271,1397
2019,9,"529","529 - Peterborough",2978,1913,807,258,1913,502,563,607,2090,281,1434,1544,343,500,279,1856
2019,9,"532","532 - Oshawa",6237,3822,2058,357,3822,1017,1398,1066,4512,659,2675,3562,677,1011,674,3875
2019,9,"535","535 - Toronto",98730,60454,27875,10401,60454,15145,23131,10583,73584,14563,45353,53377,13339,20207,10060,55124
2019,9,"537","537 - Hamilton",11563,6645,3725,1193,6645,1846,3072,1583,8643,1337,5259,6304,1520,1977,1156,6910
2019,9,"539","539 - St. Catharines--Niagara",8932,5739,2605,588,5739,1377,1816,1529,6418,985,4048,4884,1275,1928,948,4781
2019,9,"541","541 - Kitchener--Cambridge--Waterloo",8841,5239,2713,889,5239,1378,2224,1269,6544,1028,4084,4757,1140,1562,1000,5139
2019,9,"543","543 - Brantford",2046,1175,772,99,1175,398,473,424,1458,164,823,1223,321,410,252,1063
2019,9,"550","550 - Guelph",1729,1128,492,109,1128,258,343,292,1234,203,836,893,318,355,201,855
2019,9,"555","555 - London",12153,7332,3445,1376,7332,1748,3073,1941,8778,1434,5766,6387,1845,2434,1197,6677
2019,9,"559","559 - Windsor",6999,3864,2192,943,3864,1111,2024,964,5073,962,3105,3894,1077,1494,723,3705
2019,9,"568","568 - Barrie",2409,1536,740,133,1536,393,480,422,1732,255,1079,1330,433,577,267,1132
2019,9,"580","580 - Greater Sudbury",3471,2206,1044,221,2206,497,768,628,2548,295,1586,1885,580,872,417,1602
2019,9,"595","595 - Thunder Bay",2586,1682,767,137,1682,384,520,495,1922,169,1201,1385,385,556,266,1379
2019,12,"505","505 - Ottawa--Gatineau",17412,10743,4843,1826,10743,2287,4382,2540,12486,2386,8217,9195,2647,3217,1831,9717
2019,12,"521","521 - Kingston",2494,1657,683,154,1657,366,471,444,1818,232,1162,1332,400,470,257,1367
2019,12,"529","529 - Peterborough",2911,1903,765,243,1903,458,550,573,2050,288,1438,1473,373,457,257,1824
2019,12,"532","532 - Oshawa",6258,3848,2055,355,3848,1003,1407,1014,4567,677,2732,3526,718,977,636,3927
2019,12,"535","535 - Toronto",96449,59542,26936,9971,59542,14733,22174,10189,71820,14440,44664,51785,13822,18672,9858,54097
2019,12,"537","537 - Hamilton",11383,6614,3623,1146,6614,1792,2977,1510,8534,1339,5246,6137,1540,2009,1034,6800
2019,12,"539","539 - St. Catharines--Niagara",9034,5902,2559,573,5902,1339,1793,1542,6510,982,4142,4892,1481,1875,941,4737
2019,12,"541","541 - Kitchener--Cambridge--Waterloo",8827,5285,2712,830,5285,1368,2174,1254,6563,1010,4076,4751,1159,1526,868,5274
2019,12,"543","543 - Brantford",2047,1207,745,95,1207,375,465,408,1455,184,838,1209,326,413,239,1069
2019,12,"550","550 - Guelph",1694,1088,488,118,1088,250,356,261,1215,218,795,899,281,373,167,873
2019,12,"555","555 - London",11704,7038,3307,1359,7038,1689,2977,1787,8497,1420,5580,6124,1782,2290,1124,6508
2019,12,"559","559 - Windsor",6953,3931,2112,910,3931,1052,1970,908,5089,956,3172,3781,1151,1451,754,3597
2019,12,"568","568 - Barrie",2470,1617,703,150,1617,385,468,430,1751,289,1170,1300,491,559,270,1150
2019,12,"580","580 - Greater Sudbury",3365,2132,1036,197,2132,474,759,544,2506,315,1545,1820,539,820,428,1578
2019,12,"595","595 - Thunder Bay",2586,1697,751,138,1697,369,520,475,1934,177,1217,1369,387,545,258,1396
2020,3,"505","505 - Ottawa--Gatineau",17698,10998,4841,1859,10998,2265,4435,2587,12673,2438,8418,9280,2663,3514,1766,9755
2020,3,"521","521 - Kingston",2634,1764,690,180,1764,371,499,452,1923,259,1256,1378,418,515,260,1441
2020,3,"529","529 - Peterborough",3092,2067,768,257,2067,466,559,641,2162,289,1543,1549,472,494,256,1870
2020,3,"532","532 - Oshawa",6349,3926,2062,361,3926,1018,1405,1006,4648,695,2812,3537,742,1035,609,3963
2020,3,"535","535 - Toronto",99711,62181,27131,10399,62181,15009,22521,10540,74195,14976,46891,52820,15679,19356,10225,54451
2020,3,"537","537 - Hamilton",11991,7104,3715,1172,7104,1877,3010,1588,8928,1475,5621,6370,1901,2209,1042,6839
2020,3,"539","539 - St. Catharines--Niagara",9518,6323,2617,578,6323,1385,1810,1590,6865,1063,4448,5070,1650,1994,983,4891
2020,3,"541","541 - Kitchener--Cambridge--Waterloo",9150,5579,2693,878,5579,1377,2194,1319,6784,1047,4289,4861,1286,1617,865,5382
2020,3,"543","543 - Brantford",2135,1292,745,98,1292,365,478,429,1521,185,904,1231,376,414,238,1107
2020,3,"550","550 - Guelph",1756,1145,506,105,1145,264,347,279,1251,226,855,901,311,379,168,898
2020,3,"555","555 - London",11895,7236,3294,1365,7236,1693,2966,1788,8678,1429,5717,6178,1876,2395,1181,6443
2020,3,"559","559 - Windsor",7127,4093,2090,944,4093,1055,1979,939,5202,986,3315,3812,1146,1589,770,3622
2020,3,"568","568 - Barrie",2708,1817,732,159,1817,398,493,471,1923,314,1301,1407,635,610,302,1161
2020,3,"580","580 - Greater Sudbury",3645,2374,1066,205,2374,503,768,609,2699,337,1737,1908,711,822,442,1670
2020,3,"595","595 - Thunder Bay",2648,1741,764,143,1741,375,532,446,2013,189,1241,1407,400,569,268,1411
2020,6,"505","505 - Ottawa--Gatineau",16778,10257,4743,1778,10257,2188,4333,2405,12036,2337,7901,8877,1392,3623,1731,10032
2020,6,"521","521 - Kingston",2471,1640,674,157,1640,355,476,401,1827,243,1166,1305,200,554,258,1459
2020,6,"529","529 - Peterborough",2902,1924,746,232,1924,444,534,581,2032,289,1442,1460,224,520,272,1886
2020,6,"532","532 - Oshawa",5903,3613,1976,314,3613,960,1330,914,4352,637,2544,3359,315,1019,560,4009
2020,6,"535","535 - Toronto",96786,60301,26530,9955,60301,14559,21926,10140,71914,14732,45560,51226,9086,20686,10739,56275
2020,6,"537","537 - Hamilton",11546,6795,3614,1137,6795,1788,2963,1519,8591,1436,5393,6153,997,2455,1154,6940
2020,6,"539","539 - St. Catharines--Niagara",8989,5914,2529,546,5914,1332,1743,1432,6559,998,4187,4802,757,2141,1062,5029
2020,6,"541","541 - Kitchener--Cambridge--Waterloo",8650,5197,2618,835,5197,1312,2141,1198,6439,1013,4033,4617,662,1636,888,5464
2020,6,"543","543 - Brantford",2001,1205,707,89,1205,345,451,398,1433,170,836,1165,160,477,238,1126
2020,6,"550","550 - Guelph",1635,1066,469,100,1066,237,332,256,1155,224,781,854,150,377,214,894
2020,6,"555","555 - London",11469,6951,3207,1311,6951,1636,2882,1670,8436,1363,5522,5947,896,2718,1225,6630
2020,6,"559","559 - Windsor",6843,3936,2012,895,3936,985,1922,872,5002,969,3200,3643,646,1656,827,3714
2020,6,"568","568 - Barrie",2577,1711,729,137,1711,380,486,430,1848,299,1220,1357,359,677,318,1223
2020,6,"580","580 - Greater Sudbury",3448,2234,1023,191,2234,477,737,559,2575,314,1650,1798,313,871,497,1767
2020,6,"595","595 - Thunder Bay",2561,1665,742,154,1665,362,534,430,1949,182,1197,1364,300,526,304,1431
2020,9,"505","505 - Ottawa--Gatineau",15463,9208,4582,1673,9208,2063,4192,2034,11165,2264,7148,8315,941,2872,1811,9839
2020,9,"521","521 - Kingston",2115,1354,624,137,1354,311,450,331,1547,237,951,1164,150,362,246,1357
2020,9,"529","529 - Peterborough",2666,1715,729,222,1715,435,516,529,1871,266,1290,1376,156,444,250,1816
2020,9,"532","532 - Oshawa",5167,3099,1802,266,3099,853,1215,780,3809,578,2136,3031,180,782,504,3701
2020,9,"535","535 - Toronto",87690,53640,25166,8884,53640,13562,20488,8645,65142,13903,40084,47606,4258,17964,10107,55361
2020,9,"537","537 - Hamilton",10461,6110,3357,994,6110,1620,2731,1338,7777,1346,4787,5674,485,2047,1236,6693
2020,9,"539","539 - St. Catharines--Niagara",7814,5032,2329,453,5032,1175,1607,1228,5652,934,3541,4273,437,1575,927,4875
2020,9,"541","541 - Kitchener--Cambridge--Waterloo",7968,4691,2504,773,4691,1237,2040,1049,5929,990,3647,4321,430,1382,840,5316
2020,9,"543","543 - Brantford",1657,955,620,82,955,300,402,335,1166,156,658,999,86,344,183,1044
2020,9,"550","550 - Guelph",1446,929,433,84,929,216,301,209,1037,200,676,770,92,298,187,869
2020,9,"555","555 - London",10337,6146,3002,1189,6146,1492,2699,1425,7594,1318,4894,5443,653,2014,1237,6433
2020,9,"559","559 - Windsor",6042,3372,1829,841,3372,890,1780,716,4420,906,2746,3296,361,1263,766,3652
2020,9,"568","568 - Barrie",2275,1463,697,115,1463,366,446,354,1647,274,1051,1224,158,596,314,1207
2020,9,"580","580 - Greater Sudbury",3055,1944,941,170,1944,426,685,442,2324,289,1418,1637,134,648,460,1813
2020,9,"595","595 - Thunder Bay",2324,1515,686,123,1515,321,488,398,1754,172,1064,1260,201,455,290,1378
2020,12,"505","505 - Ottawa--Gatineau",14457,8632,4316,1509,8632,1928,3897,1881,10395,2181,6626,7831,1220,1941,1769,9527
2020,12,"521","521 - Kingston",2027,1318,589,120,1318,290,419,319,1490,218,931,1096,203,271,237,1316
2020,12,"529","529 - Peterborough",2527,1644,690,193,1644,396,487,476,1797,254,1247,1280,195,304,240,1788
2020,12,"532","532 - Oshawa",4941,2948,1752,241,2948,810,1183,741,3624,576,2015,2926,318,472,504,3647
2020,12,"535","535 - Toronto",81698,49678,24088,7932,49678,12796,19224,7714,60466,13518,36817,44881,5383,11394,10230,54691
2020,12,"537","537 - Hamilton",9827,5699,3213,915,5699,1520,2608,1220,7321,1286,4446,5381,667,1384,1252,6524
2020,12,"539","539 - St. Catharines--Niagara",7526,4890,2227,409,4890,1114,1522,1217,5389,920,3406,4120,755,1038,951,4782
2020,12,"541","541 - Kitchener--Cambridge--Waterloo",7731,4540,2468,723,4540,1216,1975,976,5781,974,3523,4208,625,943,838,5325
2020,12,"543","543 - Brantford",1591,912,608,71,912,282,397,312,1127,152,626,965,147,220,191,1033
2020,12,"550","550 - Guelph",1348,869,408,71,869,190,289,189,970,189,634,714,137,208,161,842
2020,12,"555","555 - London",9659,5720,2823,1116,5720,1413,2526,1349,7036,1274,4522,5137,1053,1265,1147,6194
2020,12,"559","559 - Windsor",5653,3103,1747,803,3103,852,1698,672,4107,874,2520,3133,561,828,756,3508
2020,12,"568","568 - Barrie",2097,1350,643,104,1350,351,396,332,1512,253,965,1132,238,386,299,1174
2020,12,"580","580 - Greater Sudbury",2858,1826,894,138,1826,417,615,401,2185,272,1314,1544,228,394,394,1842
2020,12,"595","595 - Thunder Bay",2221,1444,670,107,1444,309,468,373,1675,173,1009,1212,236,334,266,1385
2021,3,"505","505 - Ottawa--Gatineau",13737,8195,4131,1411,8195,1844,3698,1758,9807,2172,6262,7475,1147,1493,1688,9409
2021,3,"521","521 - Kingston",1973,1298,571,104,1298,288,387,287,1468,218,906,1067,178,238,237,1320
2021,3,"529","529 - Peterborough",2487,1636,676,175,1636,381,470,442,1790,255,1230,1257,187,248,265,1787
2021,3,"532","532 - Oshawa",4816,2902,1693,221,2902,798,1116,707,3530,579,1977,2839,358,357,500,3601
2021,3,"535","535 - Toronto",79241,48578,23243,7420,48578,12357,18306,7479,58233,13529,35683,43558,5668,7793,10491,55289
2021,3,"537","537 - Hamilton",9636,5621,3142,873,5621,1499,2516,1192,7122,1322,4340,5296,844,885,1299,6608
2021,3,"539","539 - St. Catharines--Niagara",7482,4904,2168,410,4904,1075,1503,1224,5332,926,3388,4094,742,902,1000,4838
2021,3,"541","541 - Kitchener--Cambridge--Waterloo",7549,4449,2399,701,4449,1163,1937,923,5668,958,3398,4151,602,785,832,5330
2021,3,"543","543 - Brantford",1632,953,611,68,953,290,389,302,1168,162,639,993,185,169,226,1052
2021,3,"550","550 - Guelph",1285,829,395,61,829,184,272,175,928,182,590,695,130,151,166,838
2021,3,"555","555 - London",9516,5693,2741,1082,5693,1361,2462,1330,6904,1282,4461,5055,996,1166,1131,6223
2021,3,"559","559 - Windsor",5581,3095,1700,786,3095,831,1655,673,3999,909,2485,3096,593,703,745,3540
2021,3,"568","568 - Barrie",2010,1303,605,102,1303,334,373,317,1434,259,936,1074,231,263,316,1200
2021,3,"580","580 - Greater Sudbury",2720,1755,843,122,1755,402,563,385,2079,256,1252,1468,226,231,418,1845
2021,3,"595","595 - Thunder Bay",2221,1439,679,103,1439,310,472,369,1668,184,999,1222,239,288,271,1423
2021,6,"505","505 - Ottawa--Gatineau",13149,7898,4001,1250,7898,1769,3482,1704,9334,2111,5909,7240,1174,1574,1089,9312
2021,6,"521","521 - Kingston",1925,1254,565,106,1254,282,389,298,1411,216,873,1052,180,235,163,1347
2021,6,"529","529 - Peterborough",2353,1556,628,169,1556,338,459,415,1703,235,1144,1209,173,250,178,1752
2021,6,"532","532 - Oshawa",4517,2708,1600,209,2708,763,1046,677,3276,564,1838,2679,349,397,292,3479
2021,6,"535","535 - Toronto",75540,46373,22396,6771,46373,11825,17342,7185,55202,13153,33578,41962,5301,7151,7526,55562
2021,6,"537","537 - Hamilton",9040,5250,2998,792,5250,1416,2374,1120,6682,1238,4013,5027,761,906,893,6480
2021,6,"539","539 - St. Catharines--Niagara",7057,4602,2095,360,4602,1026,1429,1139,5037,881,3119,3938,621,979,648,4809
2021,6,"541","541 - Kitchener--Cambridge--Waterloo",7048,4187,2223,638,4187,1075,1786,852,5272,924,3163,3885,484,781,586,5197
2021,6,"543","543 - Brantford",1547,902,588,57,902,276,369,275,1113,159,586,961,163,207,148,1029
2021,6,"550","550 - Guelph",1239,786,397,56,786,186,267,170,899,170,548,691,153,151,118,817
2021,6,"555","555 - London",9036,5371,2659,1006,5371,1294,2371,1289,6544,1203,4179,4857,863,1362,727,6084
2021,6,"559","559 - Windsor",5328,2962,1653,713,2962,794,1572,641,3813,874,2333,2995,550,771,501,3506
2021,6,"568","568 - Barrie",1838,1200,556,82,1200,298,340,281,1321,236,862,976,198,263,212,1165
2021,6,"580","580 - Greater Sudbury",2565,1638,814,113,1638,386,541,359,1961,245,1151,1414,248,257,241,1819
2021,6,"595","595 - Thunder Bay",2121,1359,660,102,1359,310,452,355,1598,168,926,1195,225,311,190,1395
2021,9,"505","505 - Ottawa--Gatineau",12696,7566,3932,1198,7566,1727,3403,1595,9005,2096,5640,7056,1252,1602,761,9081
2021,9,"521","521 - Kingston",1877,1217,563,97,1217,280,380,280,1374,223,830,1047,201,249,125,1302
2021,9,"529","529 - Peterborough",2290,1491,642,157,1491,343,456,388,1659,243,1099,1191,207,236,133,1714
2021,9,"532","532 - Oshawa",4237,2557,1501,179,2557,708,972,610,3058,569,1719,2518,336,432,159,3310
2021,9,"535","535 - Toronto",72568,44423,21920,6225,44423,11390,16755,6698,52859,13011,31882,40686,5556,7470,4270,55272
2021,9,"537","537 - Hamilton",8556,4936,2901,719,4936,1329,2291,1047,6296,1213,3713,4843,807,992,461,6296
2021,9,"539","539 - St. Catharines--Niagara",6772,4386,2047,339,4386,984,1402,1038,4883,851,2961,3811,641,979,399,4753
2021,9,"541","541 - Kitchener--Cambridge--Waterloo",6810,4025,2185,600,4025,1055,1730,795,5101,914,3023,3787,606,740,372,5092
2021,9,"543","543 - Brantford",1465,857,553,55,857,254,354,234,1066,165,556,909,166,224,76,999
2021,9,"550","550 - Guelph",1158,740,364,54,740,162,256,142,845,171,524,634,151,179,65,763
2021,9,"555","555 - London",8678,5144,2573,961,5144,1256,2278,1164,6340,1174,3990,4688,938,1341,499,5900
2021,9,"559","559 - Windsor",5152,2860,1605,687,2860,763,1529,588,3701,863,2261,2891,567,814,330,3441
2021,9,"568","568 - Barrie",1750,1123,550,77,1123,294,333,234,1287,229,820,930,210,263,105,1172
2021,9,"580","580 - Greater Sudbury",2405,1551,766,88,1551,348,506,299,1856,250,1078,1327,247,271,95,1792
2021,9,"595","595 - Thunder Bay",1963,1255,615,93,1255,290,418,310,1496,157,840,1123,216,287,142,1318
2021,12,"505","505 - Ottawa--Gatineau",13565,8246,4108,1211,8246,1881,3438,1647,9690,2228,6126,7439,2709,1495,829,8532
2021,12,"521","521 - Kingston",2047,1371,580,96,1371,266,410,263,1531,253,961,1086,395,238,134,1280
2021,12,"529","529 - Peterborough",2427,1604,659,164,1604,341,482,374,1792,261,1170,1257,434,226,134,1633
2021,12,"532","532 - Oshawa",4557,2821,1534,202,2821,752,984,632,3283,642,1899,2658,812,437,198,3110
2021,12,"535","535 - Toronto",77978,48898,22583,6497,48898,12042,17038,7137,56630,14211,34942,43036,14059,7318,3728,52873
2021,12,"537","537 - Hamilton",9286,5550,2977,759,5550,1408,2328,1050,6892,1344,4147,5139,1916,989,431,5950
2021,12,"539","539 - St. Catharines--Niagara",7907,5226,2276,405,5226,1128,1553,1107,5761,1039,3596,4311,1856,908,522,4621
2021,12,"541","541 - Kitchener--Cambridge--Waterloo",7348,4453,2273,622,4453,1110,1785,834,5509,1005,3365,3983,1264,734,423,4927
2021,12,"543","543 - Brantford",1628,981,586,61,981,274,373,241,1197,190,641,987,350,217,103,958
2021,12,"550","550 - Guelph",1306,836,411,59,836,200,270,150,966,190,581,725,325,173,78,730
2021,12,"555","555 - London",9437,5767,2665,1005,5767,1335,2335,1222,6912,1303,4417,5020,1976,1251,664,5546
2021,12,"559","559 - Windsor",5519,3158,1668,693,3158,815,1546,613,3963,943,2473,3046,1127,772,404,3216
2021,12,"568","568 - Barrie",1915,1257,574,84,1257,301,357,234,1427,254,909,1006,468,255,117,1075
2021,12,"580","580 - Greater Sudbury",2738,1830,817,91,1830,400,508,340,2118,280,1269,1469,617,289,130,1702
2021,12,"595","595 - Thunder Bay",2081,1348,640,93,1348,303,430,305,1599,177,912,1169,396,270,147,1268
2022,3,"505","505 - Ottawa--Gatineau",14334,8927,4178,1229,8927,1939,3468,1787,10249,2298,6643,7691,2978,2252,865,8239
2022,3,"521","521 - Kingston",2207,1502,592,113,1502,272,433,295,1664,248,1051,1156,455,357,150,1245
2022,3,"529","529 - Peterborough",2577,1719,690,168,1719,363,495,379,1906,292,1249,1328,481,369,122,1605
2022,3,"532","532 - Oshawa",4837,3054,1576,207,3054,762,1021,678,3501,658,2076,2761,971,693,242,2931
2022,3,"535","535 - Toronto",82901,53136,22848,6917,53136,12316,17449,8006,60084,14811,38352,44549,15643,12008,4321,50929
2022,3,"537","537 - Hamilton",9903,6038,3089,776,6038,1431,2434,1114,7419,1370,4553,5350,2121,1486,558,5738
2022,3,"539","539 - St. Catharines--Niagara",8535,5709,2375,451,5709,1201,1625,1193,6220,1122,3984,4551,1780,1567,622,4566
2022,3,"541","541 - Kitchener--Cambridge--Waterloo",7646,4709,2318,619,4709,1134,1803,871,5737,1038,3544,4102,1210,1162,460,4814
2022,3,"543","543 - Brantford",1774,1088,616,70,1088,293,393,256,1321,197,719,1055,436,298,134,906
2022,3,"550","550 - Guelph",1447,960,416,71,960,198,289,166,1066,215,668,779,343,290,94,720
2022,3,"555","555 - London",9944,6221,2695,1028,6221,1386,2337,1270,7289,1385,4745,5199,1939,1903,757,5345
2022,3,"559","559 - Windsor",5824,3410,1704,710,3410,852,1562,666,4191,967,2649,3175,1247,982,467,3128
2022,3,"568","568 - Barrie",2116,1431,598,87,1431,318,367,252,1597,267,1033,1083,527,408,137,1044
2022,3,"580","580 - Greater Sudbury",2922,2002,821,99,2002,398,522,354,2249,319,1407,1515,639,511,159,1613
2022,3,"595","595 - Thunder Bay",2238,1471,671,96,1471,321,446,328,1714,196,991,1247,443,368,148,1279
2022,6,"505","505 - Ottawa--Gatineau",14926,9296,4306,1324,9296,2018,3612,1907,10672,2347,6922,8004,2673,3349,813,8091
2022,6,"521","521 - Kingston",2241,1523,612,106,1523,275,443,296,1686,259,1059,1182,373,515,134,1219
2022,6,"529","529 - Peterborough",2621,1747,708,166,1747,369,505,373,1954,294,1269,1352,382,562,110,1567
2022,6,"532","532 - Oshawa",4961,3105,1639,217,3105,786,1070,683,3632,646,2122,2839,797,1053,232,2879
2022,6,"535","535 - Toronto",86617,55780,23528,7309,55780,12816,18021,8810,62726,15081,40384,46233,15060,18153,4013,49391
2022,6,"537","537 - Hamilton",9988,6062,3157,769,6062,1486,2440,1104,7528,1356,4509,5479,1652,2257,558,5521
2022,6,"539","539 - St. Catharines--Niagara",8544,5652,2418,474,5652,1246,1646,1163,6298,1083,3916,4628,1231,2198,533,4582
2022,6,"541","541 - Kitchener--Cambridge--Waterloo",7667,4714,2318,635,4714,1129,1824,867,5760,1040,3560,4107,1048,1511,408,4700
2022,6,"543","543 - Brantford",1845,1107,667,71,1107,308,430,267,1387,191,757,1088,369,456,120,900
2022,6,"550","550 - Guelph",1470,954,447,69,954,215,301,159,1105,206,679,791,276,389,89,716
2022,6,"555","555 - London",10110,6328,2741,1041,6328,1400,2382,1284,7434,1392,4803,5307,1662,2550,642,5256
2022,6,"559","559 - Windsor",6143,3628,1806,709,3628,890,1625,732,4412,999,2740,3403,1189,1416,434,3104
2022,6,"568","568 - Barrie",2054,1377,587,90,1377,308,369,252,1549,253,987,1067,384,563,117,990
2022,6,"580","580 - Greater Sudbury",2915,1969,843,103,1969,414,532,340,2272,303,1387,1528,487,711,153,1564
2022,6,"595","595 - Thunder Bay",2323,1525,691,107,1525,342,456,330,1794,199,1031,1292,417,501,147,1258
2022,9,"505","505 - Ottawa--Gatineau",15390,9548,4386,1456,9548,2080,3762,1886,11091,2413,7189,8201,2738,3880,856,7916
2022,9,"521","521 - Kingston",2262,1540,616,106,1540,283,439,301,1699,262,1058,1204,363,569,136,1194
2022,9,"529","529 - Peterborough",2595,1725,710,160,1725,359,511,366,1933,296,1252,1343,348,614,139,1494
2022,9,"532","532 - Oshawa",4979,3149,1613,217,3149,772,1058,670,3667,642,2156,2823,750,1183,265,2781
2022,9,"535","535 - Toronto",89368,57910,23860,7598,57910,13065,18393,9183,64958,15227,42302,47066,15192,22329,4137,47710
2022,9,"537","537 - Hamilton",10191,6179,3246,766,6179,1534,2478,1094,7713,1384,4613,5578,1702,2520,553,5416
2022,9,"539","539 - St. Catharines--Niagara",8777,5780,2458,539,5780,1261,1736,1176,6531,1070,4084,4693,1410,2338,506,4523
2022,9,"541","541 - Kitchener--Cambridge--Waterloo",7703,4765,2307,631,4765,1099,1839,836,5822,1045,3564,4139,1096,1616,423,4568
2022,9,"543","543 - Brantford",1893,1130,685,78,1130,325,438,280,1423,190,771,1122,337,544,111,901
2022,9,"550","550 - Guelph",1468,952,448,68,952,216,300,136,1123,209,685,783,243,422,106,697
2022,9,"555","555 - London",10003,6259,2698,1046,6259,1353,2391,1237,7401,1365,4763,5240,1534,2695,654,5120
2022,9,"559","559 - Windsor",6317,3749,1858,710,3749,891,1677,749,4577,991,2858,3459,1231,1605,415,3066
2022,9,"568","568 - Barrie",2065,1370,608,87,1370,318,377,233,1567,265,979,1086,391,580,136,958
2022,9,"580","580 - Greater Sudbury",2942,1975,859,108,1975,433,534,348,2285,309,1385,1557,487,775,186,1494
2022,9,"595","595 - Thunder Bay",2281,1485,694,102,1485,339,457,333,1747,201,1023,1258,374,546,152,1209
2022,12,"505","505 - Ottawa--Gatineau",15223,9488,4278,1457,9488,2012,3723,1765,11058,2400,7193,8030,2557,3447,1677,7542
2022,12,"521","521 - Kingston",2289,1563,616,110,1563,288,438,288,1740,261,1083,1206,332,530,259,1168
2022,12,"529","529 - Peterborough",2545,1704,693,148,1704,343,498,339,1911,295,1234,1311,321,484,307,1433
2022,12,"532","532 - Oshawa",4933,3151,1569,213,3151,738,1044,636,3662,635,2170,2763,710,1037,516,2670
2022,12,"535","535 - Toronto",91103,59452,23599,8052,59452,13110,18541,9285,66514,15304,44077,47026,15129,21699,9060,45215
2022,12,"537","537 - Hamilton",10100,6190,3112,798,6190,1488,2422,1062,7655,1383,4649,5451,1696,2116,1180,5108
2022,12,"539","539 - St. Catharines--Niagara",8934,5946,2425,563,5946,1262,1726,1216,6657,1061,4269,4665,1534,1834,1193,4373
2022,12,"541","541 - Kitchener--Cambridge--Waterloo",7653,4783,2246,624,4783,1058,1812,814,5798,1041,3574,4079,1062,1457,766,4368
2022,12,"543","543 - Brantford",1883,1143,668,72,1143,320,420,251,1436,196,770,1113,316,479,224,864
2022,12,"550","550 - Guelph",1453,946,438,69,946,199,308,146,1093,214,676,777,248,330,200,675
2022,12,"555","555 - London",9958,6336,2625,997,6336,1316,2306,1226,7337,1395,4783,5175,1567,2215,1236,4940
2022,12,"559","559 - Windsor",6401,3859,1811,731,3859,868,1674,728,4650,1023,2956,3445,1111,1577,738,2975
2022,12,"568","568 - Barrie",2143,1444,602,97,1444,304,395,243,1615,285,1019,1124,444,521,276,902
2022,12,"580","580 - Greater Sudbury",2910,2002,808,100,2002,420,488,350,2249,311,1400,1510,456,627,375,1452
2022,12,"595","595 - Thunder Bay",2302,1512,695,95,1512,336,454,346,1753,203,1036,1266,382,485,253,1182
2023,3,"505","505 - Ottawa--Gatineau",15689,9971,4291,1427,9971,2015,3703,1887,11390,2412,7564,8125,2881,3414,2033,7361
2023,3,"521","521 - Kingston",2338,1618,614,106,1618,287,433,324,1760,254,1106,1232,371,467,359,1141
2023,3,"529","529 - Peterborough",2608,1757,702,149,1757,349,502,345,1959,304,1297,1311,379,446,371,1412
2023,3,"532","532 - Oshawa",5061,3258,1574,229,3258,744,1059,663,3763,635,2280,2781,776,1014,700,2571
2023,3,"535","535 - Toronto",95988,63840,23543,8605,63840,13321,18827,10358,70049,15581,47731,48257,17249,22566,12405,43768
2023,3,"537","537 - Hamilton",10502,6526,3154,822,6526,1538,2438,1173,7902,1427,4896,5606,1817,2185,1501,4999
2023,3,"539","539 - St. Catharines--Niagara",10831,7319,2591,921,7319,1423,2089,1554,8114,1163,5626,5205,2937,1994,1503,4397
2023,3,"541","541 - Kitchener--Cambridge--Waterloo",7896,4992,2269,635,4992,1085,1819,862,5973,1061,3742,4154,1256,1450,927,4263
2023,3,"543","543 - Brantford",1982,1224,671,87,1224,321,437,272,1501,209,856,1126,348,452,332,850
2023,3,"550","550 - Guelph",1499,980,448,71,980,200,319,151,1134,214,672,827,276,322,220,681
2023,3,"555","555 - London",10422,6720,2674,1028,6720,1360,2342,1309,7703,1410,5092,5330,1725,2236,1524,4937
2023,3,"559","559 - Windsor",7220,4454,1893,873,4454,929,1837,876,5318,1026,3581,3639,1736,1616,919,2949
2023,3,"568","568 - Barrie",2298,1586,620,92,1586,311,401,283,1729,286,1127,1171,518,513,360,907
2023,3,"580","580 - Greater Sudbury",2964,2069,797,98,2069,398,497,372,2281,311,1439,1525,455,607,480,1422
2023,3,"595","595 - Thunder Bay",2381,1569,719,93,1569,361,451,353,1823,205,1095,1286,386,497,317,1181
2023,6,"505","505 - Ottawa--Gatineau",16095,10293,4315,1487,10293,2040,3762,2029,11624,2442,7729,8366,2833,3673,1822,7767
2023,6,"521","521 - Kingston",2449,1702,622,125,1702,288,459,342,1854,253,1186,1263,434,471,329,1215
2023,6,"529","529 - Peterborough",2608,1741,715,152,1741,353,514,340,1963,305,1288,1320,330,470,279,1529
2023,6,"532","532 - Oshawa",5119,3308,1568,243,3308,753,1058,643,3841,635,2323,2796,790,1023,575,2731
2023,6,"535","535 - Toronto",99217,66515,23662,9040,66515,13530,19172,10980,72498,15739,49749,49468,17381,23983,11863,45990
2023,6,"537","537 - Hamilton",10569,6536,3205,828,6536,1558,2475,1170,7993,1406,4935,5634,1754,2287,1220,5308
2023,6,"539","539 - St. Catharines--Niagara",10466,6927,2630,909,6927,1420,2119,1460,7857,1149,5243,5223,2032,2424,1089,4921
2023,6,"541","541 - Kitchener--Cambridge--Waterloo",8016,5106,2271,639,5106,1078,1832,878,6070,1068,3759,4257,1244,1508,809,4455
2023,6,"543","543 - Brantford",1997,1247,669,81,1247,309,441,273,1524,200,861,1136,329,440,292,936
2023,6,"550","550 - Guelph",1537,1023,442,72,1023,200,314,170,1160,207,711,826,272,335,191,739
2023,6,"555","555 - London",10527,6737,2719,1071,6737,1384,2406,1347,7784,1396,5134,5393,1658,2300,1298,5271
2023,6,"559","559 - Windsor",7398,4569,1937,892,4569,959,1870,931,5437,1030,3616,3782,1424,1892,875,3207
2023,6,"568","568 - Barrie",2378,1603,664,111,1603,343,432,290,1797,291,1128,1250,480,603,296,999
2023,6,"580","580 - Greater Sudbury",2897,1997,806,94,1997,381,519,359,2254,284,1365,1532,437,578,355,1527
2023,6,"595","595 - Thunder Bay",2321,1511,724,86,1511,358,452,329,1800,192,1052,1269,319,485,292,1225
2023,9,"505","505 - Ottawa--Gatineau",16526,10607,4330,1589,10607,2064,3855,2058,12029,2439,7980,8546,3130,3590,1779,8027
2023,9,"521","521 - Kingston",2405,1667,621,117,1667,283,455,317,1834,254,1155,1250,317,521,274,1293
2023,9,"529","529 - Peterborough",2589,1712,733,144,1712,358,519,318,1969,302,1259,1330,288,465,255,1581
2023,9,"532","532 - Oshawa",5136,3363,1525,248,3363,746,1027,625,3896,615,2355,2781,836,968,528,2804
2023,9,"535","535 - Toronto",103376,70544,23480,9352,70544,13537,19295,11117,76275,15984,52668,50708,18919,24782,12248,47427
2023,9,"537","537 - Hamilton",10826,6747,3194,885,6747,1590,2489,1170,8257,1399,5084,5742,1857,2307,1181,5481
2023,9,"539","539 - St. Catharines--Niagara",9862,6513,2613,736,6513,1380,1969,1308,7448,1106,4807,5055,1284,2460,1023,5095
2023,9,"541","541 - Kitchener--Cambridge--Waterloo",8101,5195,2273,633,5195,1120,1786,878,6145,1078,3862,4239,1253,1565,793,4490
2023,9,"543","543 - Brantford",2019,1279,658,82,1279,302,438,275,1542,202,886,1133,303,435,260,1021
2023,9,"550","550 - Guelph",1530,1012,442,76,1012,193,325,145,1187,198,724,806,270,331,171,758
2023,9,"555","555 - London",10621,6842,2715,1064,6842,1393,2386,1333,7905,1383,5167,5454,1678,2288,1190,5465
2023,9,"559","559 - Windsor",7287,4480,1948,859,4480,969,1838,944,5294,1049,3506,3781,1191,1880,895,3321
2023,9,"568","568 - Barrie",2427,1667,648,112,1667,336,424,273,1849,305,1187,1240,480,605,271,1071
2023,9,"580","580 - Greater Sudbury",2857,1986,780,91,1986,365,506,329,2237,291,1363,1494,422,565,306,1564
2023,9,"595","595 - Thunder Bay",2209,1433,687,89,1433,336,440,296,1721,192,1011,1198,267,438,282,1222
2023,12,"505","505 - Ottawa--Gatineau",17210,11284,4305,1621,11284,2115,3811,2171,12576,2463,8419,8791,3446,3857,1765,8142
2023,12,"521","521 - Kingston",2444,1721,608,115,1721,291,432,326,1863,255,1178,1266,397,453,264,1330
2023,12,"529","529 - Peterborough",2620,1751,724,145,1751,353,516,310,2010,300,1285,1335,323,444,241,1612
2023,12,"532","532 - Oshawa",5281,3464,1539,278,3464,755,1062,614,4039,628,2444,2837,950,993,533,2805
2023,12,"535","535 - Toronto",109189,75791,23483,9915,75791,13820,19578,11743,81151,16295,57022,52167,21150,26473,12847,48719
2023,12,"537","537 - Hamilton",11258,7136,3188,934,7136,1572,2550,1173,8672,1413,5380,5878,2046,2373,1278,5561
2023,12,"539","539 - St. Catharines--Niagara",10814,7468,2610,736,7468,1357,1989,1352,8306,1156,5439,5375,2324,2194,1083,5213
2023,12,"541","541 - Kitchener--Cambridge--Waterloo",8270,5374,2250,646,5374,1107,1789,876,6283,1111,4003,4267,1247,1667,801,4555
2023,12,"543","543 - Brantford",2054,1311,654,89,1311,299,444,283,1580,191,926,1128,330,422,242,1060
2023,12,"550","550 - Guelph",1544,1047,423,74,1047,179,318,156,1196,192,737,807,301,325,164,754
2023,12,"555","555 - London",10863,7083,2715,1065,7083,1383,2397,1347,8112,1404,5360,5503,1757,2273,1239,5594
2023,12,"559","559 - Windsor",7687,4891,1922,874,4891,970,1826,981,5604,1102,3797,3890,1532,1808,901,3446
2023,12,"568","568 - Barrie",2542,1751,670,121,1751,349,442,286,1948,308,1269,1273,516,622,316,1088
2023,12,"580","580 - Greater Sudbury",2845,1995,757,93,1995,360,490,325,2243,277,1379,1466,465,524,296,1560
2023,12,"595","595 - Thunder Bay",2234,1467,677,90,1467,335,432,316,1728,190,1036,1198,323,387,258,1266
2024,3,"505","505 - Ottawa--Gatineau",18164,12200,4333,1631,12200,2124,3840,2400,13283,2481,9012,9152,3572,4336,1917,8339
2024,3,"521","521 - Kingston",2495,1760,612,123,1760,296,439,336,1909,250,1226,1269,350,522,254,1369
2024,3,"529","529 - Peterborough",2713,1845,718,150,1845,357,511,323,2081,309,1352,1361,388,431,269,1625
2024,3,"532","532 - Oshawa",5562,3689,1546,327,3689,791,1082,673,4249,640,2670,2892,950,1194,580,2838
2024,3,"535","535 - Toronto",116576,82328,23654,10594,82328,14090,20158,12801,87346,16429,62803,53773,23037,28808,14477,50254
2024,3,"537","537 - Hamilton",12068,7841,3251,976,7841,1591,2636,1292,9304,1472,5911,6157,2126,2756,1396,5790
2024,3,"539","539 - St. Catharines--Niagara",11153,7774,2640,739,7774,1365,2014,1450,8490,1213,5696,5457,1968,2479,1366,5340
2024,3,"541","541 - Kitchener--Cambridge--Waterloo",8487,5606,2215,666,5606,1094,1787,914,6437,1136,4203,4284,1327,1674,912,4574
2024,3,"543","543 - Brantford",2114,1392,633,89,1392,300,422,291,1627,196,975,1139,362,429,249,1074
2024,3,"550","550 - Guelph",1614,1124,417,73,1124,183,307,173,1227,214,788,826,267,388,187,772
2024,3,"555","555 - London",11276,7411,2794,1071,7411,1424,2441,1421,8430,1425,5633,5643,1688,2473,1365,5750
2024,3,"559","559 - Windsor",7918,5076,1940,902,5076,993,1849,998,5830,1090,3948,3970,1289,1987,1046,3596
2024,3,"568","568 - Barrie",2654,1835,692,127,1835,353,466,306,2036,312,1335,1319,497,656,349,1152
2024,3,"580","580 - Greater Sudbury",2942,2051,789,102,2051,390,501,349,2306,287,1447,1495,491,560,319,1572
2024,3,"595","595 - Thunder Bay",2270,1511,678,81,1511,325,434,324,1756,190,1066,1204,347,394,257,1272
2024,6,"505","505 - Ottawa--Gatineau",18892,12645,4458,1789,12645,2192,4055,2511,13863,2518,9345,9547,3518,4840,2013,8521
2024,6,"521","521 - Kingston",2571,1789,646,136,1789,324,458,357,1964,250,1233,1338,436,500,278,1357
2024,6,"529","529 - Peterborough",2724,1858,722,144,1858,367,499,344,2077,303,1352,1372,358,497,258,1611
2024,6,"532","532 - Oshawa",5667,3800,1521,346,3800,768,1099,722,4268,677,2731,2936,992,1269,584,2822
2024,6,"535","535 - Toronto",123343,87717,24249,11377,87717,14690,20936,13760,92967,16616,67690,55653,24843,32476,14404,51620
2024,6,"537","537 - Hamilton",12580,8145,3380,1055,8145,1669,2766,1420,9645,1515,6148,6432,2212,2942,1421,6005
2024,6,"539","539 - St. Catharines--Niagara",11134,7724,2671,739,7724,1381,2029,1495,8382,1257,5643,5491,1670,2690,1267,5507
2024,6,"541","541 - Kitchener--Cambridge--Waterloo",8784,5840,2248,696,5840,1089,1855,986,6682,1116,4323,4461,1447,1791,901,4645
2024,6,"543","543 - Brantford",2187,1434,658,95,1434,314,439,299,1697,191,990,1197,394,450,247,1096
2024,6,"550","550 - Guelph",1687,1172,427,88,1172,196,319,189,1287,211,826,861,338,363,179,807
2024,6,"555","555 - London",11529,7597,2821,1111,7597,1440,2492,1461,8633,1435,5785,5744,1734,2577,1343,5875
2024,6,"559","559 - Windsor",8042,5090,2019,933,5090,1006,1946,1043,5928,1071,4028,4014,1340,1951,1018,3733
2024,6,"568","568 - Barrie",2760,1947,686,127,1947,356,457,336,2100,324,1408,1352,546,669,329,1216
2024,6,"580","580 - Greater Sudbury",2962,2066,794,102,2066,406,490,345,2321,296,1440,1522,499,578,290,1595
2024,6,"595","595 - Thunder Bay",2209,1465,667,77,1465,326,418,306,1711,192,1029,1180,328,413,227,1241
2024,9,"505","505 - Ottawa--Gatineau",19302,12850,4537,1915,12850,2246,4206,2490,14229,2583,9498,9804,3772,4877,1992,8661
2024,9,"521","521 - Kingston",2562,1772,660,130,1772,321,469,349,1964,249,1246,1316,434,497,262,1369
2024,9,"529","529 - Peterborough",2762,1916,714,132,1916,360,486,341,2125,296,1395,1367,365,521,233,1643
2024,9,"532","532 - Oshawa",5792,3913,1517,362,3913,807,1072,715,4383,694,2888,2904,1052,1318,578,2844
2024,9,"535","535 - Toronto",127959,91224,24571,12164,91224,15149,21586,14223,96591,17145,70951,57008,24598,35834,14221,53306
2024,9,"537","537 - Hamilton",12936,8359,3495,1082,8359,1732,2845,1461,9902,1573,6348,6588,2269,2990,1446,6231
2024,9,"539","539 - St. Catharines--Niagara",11200,7735,2719,746,7735,1381,2084,1462,8427,1311,5654,5546,1941,2457,1066,5736
2024,9,"541","541 - Kitchener--Cambridge--Waterloo",9156,6119,2293,744,6119,1120,1917,1007,6998,1151,4498,4658,1584,1884,897,4791
2024,9,"543","543 - Brantford",2273,1517,666,90,1517,306,450,338,1721,214,1031,1242,430,494,228,1121
2024,9,"550","550 - Guelph",1724,1198,438,88,1198,204,322,193,1319,212,846,878,354,399,169,802
2024,9,"555","555 - London",11587,7628,2821,1138,7628,1451,2508,1427,8701,1459,5821,5766,1828,2566,1251,5942
2024,9,"559","559 - Windsor",8155,5164,2061,930,5164,1020,1971,1008,6048,1099,4076,4079,1419,1931,937,3868
2024,9,"568","568 - Barrie",2904,2058,711,135,2058,382,464,353,2235,316,1511,1393,628,725,329,1222
2024,9,"580","580 - Greater Sudbury",2954,2039,789,126,2039,413,502,357,2321,276,1419,1535,520,621,269,1544
2024,9,"595","595 - Thunder Bay",2175,1471,633,71,1471,314,390,300,1674,201,1038,1137,351,388,196,1240
2024,12,"505","505 - Ottawa--Gatineau",19319,12797,4509,2013,12797,2240,4282,2393,14297,2629,9547,9772,3466,4806,2315,8732
2024,12,"521","521 - Kingston",2581,1820,637,124,1820,316,445,358,1956,267,1282,1299,394,522,254,1411
2024,12,"529","529 - Peterborough",2811,1988,696,127,1988,359,464,356,2143,312,1453,1358,411,507,258,1635
2024,12,"532","532 - Oshawa",5735,3885,1465,385,3885,773,1077,694,4337,704,2868,2867,1001,1329,581,2824
2024,12,"535","535 - Toronto",129519,92464,24532,12523,92464,15387,21668,14132,97885,17502,72099,57420,22537,36781,16243,53958
2024,12,"537","537 - Hamilton",13373,8741,3523,1109,8741,1751,2881,1514,10229,1630,6662,6711,2463,2936,1592,6382
2024,12,"539","539 - St. Catharines--Niagara",11384,7752,2816,816,7752,1422,2210,1485,8550,1349,5766,5618,1963,2420,1215,5786
2024,12,"541","541 - Kitchener--Cambridge--Waterloo",9242,6214,2278,750,6214,1127,1901,1015,7062,1165,4609,4633,1480,2007,925,4830
2024,12,"543","543 - Brantford",2381,1579,712,90,1579,325,477,342,1812,227,1101,1280,467,514,248,1152
2024,12,"550","550 - Guelph",1808,1264,453,91,1264,227,317,190,1387,231,910,898,361,427,207,813
2024,12,"555","555 - London",11293,7507,2714,1072,7507,1398,2388,1380,8458,1455,5678,5615,1713,2441,1304,5835
2024,12,"559","559 - Windsor",8104,5189,2000,915,5189,997,1918,1026,5991,1087,4095,4009,1299,1921,998,3886
2024,12,"568","568 - Barrie",2882,2054,697,131,2054,383,445,331,2233,318,1514,1368,581,723,325,1253
2024,12,"580","580 - Greater Sudbury",2840,1955,751,134,1955,401,484,313,2244,283,1396,1444,477,603,275,1485
2024,12,"595","595 - Thunder Bay",2217,1547,591,79,1547,289,381,292,1718,207,1118,1099,374,421,200,1222
2025,3,"505","505 - Ottawa--Gatineau",19102,12823,4447,1832,12823,2231,4048,2319,14132,2651,9478,9624,3135,4727,2405,8835
2025,3,"521","521 - Kingston",2627,1852,646,129,1852,318,457,342,2009,276,1325,1302,401,550,260,1416
2025,3,"529","529 - Peterborough",2848,2030,689,129,2030,363,455,376,2132,340,1499,1349,399,518,284,1647
2025,3,"532","532 - Oshawa",6028,4123,1505,400,4123,800,1105,736,4545,747,3043,2985,1163,1377,652,2836
2025,3,"535","535 - Toronto",129740,93027,24242,12471,93027,15356,21357,14178,97692,17870,72276,57464,20072,36808,18114,54746
2025,3,"537","537 - Hamilton",13637,9050,3486,1101,9050,1734,2853,1535,10401,1701,6884,6753,2274,3136,1657,6570
2025,3,"539","539 - St. Catharines--Niagara",11348,7733,2840,775,7733,1423,2192,1514,8495,1339,5706,5642,1787,2504,1249,5808
2025,3,"541","541 - Kitchener--Cambridge--Waterloo",9421,6373,2290,758,6373,1119,1929,1034,7151,1236,4730,4691,1331,2192,974,4924
2025,3,"543","543 - Brantford",2470,1663,706,101,1663,327,480,354,1866,250,1161,1309,459,604,260,1147
2025,3,"550","550 - Guelph",1950,1392,471,87,1392,223,335,210,1488,252,987,963,398,497,204,851
2025,3,"555","555 - London",11282,7570,2673,1039,7570,1373,2339,1354,8480,1448,5672,5610,1521,2507,1364,5890
2025,3,"559","559 - Windsor",8018,5166,1989,863,5166,963,1889,990,5911,1117,4054,3964,1055,1999,996,3968
2025,3,"568","568 - Barrie",2972,2121,709,142,2121,389,462,342,2303,327,1567,1405,575,761,352,1284
2025,3,"580","580 - Greater Sudbury",2966,2063,765,138,2063,402,501,317,2348,301,1476,1490,538,619,311,1498
2025,3,"595","595 - Thunder Bay",2228,1582,567,79,1582,262,384,307,1694,227,1134,1094,344,478,226,1180
2025,6,"505","505 - Ottawa--Gatineau",19198,12800,4513,1885,12800,2304,4094,2334,14162,2702,9348,9850,3611,4333,2209,9045
2025,6,"521","521 - Kingston",2781,1959,692,130,1959,333,489,365,2125,291,1413,1368,462,544,312,1463
2025,6,"529","529 - Peterborough",2863,2046,679,138,2046,357,460,379,2142,342,1502,1361,367,568,270,1658
2025,6,"532","532 - Oshawa",6202,4233,1575,394,4233,844,1125,776,4645,781,3093,3109,1189,1442,681,2890
2025,6,"535","535 - Toronto",130393,93244,24782,12367,93244,15622,21527,14393,97870,18130,71706,58687,19438,33846,19757,57352
2025,6,"537","537 - Hamilton",13744,9070,3594,1080,9070,1804,2870,1631,10392,1721,6865,6879,2228,2996,1700,6820
2025,6,"539","539 - St. Catharines--Niagara",11253,7633,2859,761,7633,1431,2189,1518,8382,1353,5617,5636,1599,2479,1210,5965
2025,6,"541","541 - Kitchener--Cambridge--Waterloo",9757,6605,2380,772,6605,1209,1943,1137,7354,1266,4814,4943,1586,2075,1051,5045
2025,6,"543","543 - Brantford",2573,1725,744,104,1725,337,511,354,1969,250,1215,1358,472,627,267,1207
2025,6,"550","550 - Guelph",2021,1450,481,90,1450,230,341,226,1527,268,1022,999,407,512,207,895
2025,6,"555","555 - London",11523,7732,2770,1021,7732,1431,2360,1433,8628,1462,5723,5800,1774,2406,1300,6043
2025,6,"559","559 - Windsor",8352,5366,2077,909,5366,1031,1955,1096,6105,1151,4188,4164,1294,1792,1047,4219
2025,6,"568","568 - Barrie",3065,2192,727,146,2192,411,462,353,2353,359,1597,1468,626,777,346,1316
2025,6,"580","580 - Greater Sudbury",3064,2144,788,132,2144,420,500,330,2437,297,1512,1552,604,606,326,1528
2025,6,"595","595 - Thunder Bay",2197,1542,568,87,1542,274,381,306,1676,215,1091,1106,375,438,226,1158
2025,9,"505","505 - Ottawa--Gatineau",19089,12723,4539,1827,12723,2307,4059,2246,14034,2809,9192,9897,3792,4043,2184,9070
2025,9,"521","521 - Kingston",2739,1916,690,133,1916,339,484,340,2124,275,1378,1361,422,546,303,1468
2025,9,"529","529 - Peterborough",2860,2021,702,137,2021,363,476,377,2152,331,1480,1380,373,560,274,1653
2025,9,"532","532 - Oshawa",6324,4317,1636,371,4317,845,1162,784,4758,782,3081,3243,1199,1472,709,2944
2025,9,"535","535 - Toronto",128358,91536,24818,12004,91536,15536,21286,13828,96233,18297,69571,58787,19918,29742,20139,58559
2025,9,"537","537 - Hamilton",13934,9226,3631,1077,9226,1848,2860,1660,10501,1773,6981,6953,2381,2936,1687,6930
2025,9,"539","539 - St. Catharines--Niagara",10850,7394,2767,689,7394,1392,2064,1453,8047,1350,5405,5445,1602,2154,1236,5858
2025,9,"541","541 - Kitchener--Cambridge--Waterloo",9940,6754,2433,753,6754,1219,1967,1129,7494,1317,4910,5030,1759,1983,1160,5038
2025,9,"543","543 - Brantford",2629,1773,752,104,1773,344,512,328,2041,260,1248,1381,457,630,307,1235
2025,9,"550","550 - Guelph",2008,1447,471,90,1447,227,334,212,1536,260,1018,990,365,514,248,881
2025,9,"555","555 - London",11476,7699,2782,995,7699,1458,2319,1460,8569,1447,5671,5805,1916,2296,1251,6013
2025,9,"559","559 - Windsor",8435,5418,2122,895,5418,1049,1968,1121,6154,1160,4155,4280,1451,1712,1048,4224
2025,9,"568","568 - Barrie",3119,2248,725,146,2248,406,465,372,2365,382,1585,1534,686,725,383,1325
2025,9,"580","580 - Greater Sudbury",2981,2077,784,120,2077,411,493,324,2365,292,1449,1532,518,672,303,1488
2025,9,"595","595 - Thunder Bay",1963,1372,513,78,1372,248,343,241,1524,198,965,998,286,405,195,1077
2025,12,"505","505 - Ottawa--Gatineau",18992,12779,4453,1760,12779,2293,3920,2228,13954,2810,9188,9804,3801,3921,2246,9024
2025,12,"521","521 - Kingston",2753,1956,676,121,1956,331,466,348,2114,291,1398,1355,418,574,272,1489
2025,12,"529","529 - Peterborough",2879,2056,686,137,2056,365,458,364,2184,331,1495,1384,398,481,306,1694
2025,12,"532","532 - Oshawa",6200,4256,1589,355,4256,817,1127,747,4685,768,3053,3147,1043,1436,726,2995
2025,12,"535","535 - Toronto",126147,89672,24779,11696,89672,15448,21027,13174,94437,18536,67804,58343,19471,26974,18985,60717
2025,12,"537","537 - Hamilton",13881,9280,3540,1061,9280,1793,2808,1661,10436,1784,6953,6928,2310,2879,1638,7054
2025,12,"539","539 - St. Catharines--Niagara",10880,7463,2758,659,7463,1365,2052,1445,8097,1338,5424,5456,1635,2050,1296,5899
2025,12,"541","541 - Kitchener--Cambridge--Waterloo",9872,6745,2410,717,6745,1194,1933,1071,7491,1310,4933,4939,1589,1998,1161,5124
2025,12,"543","543 - Brantford",2588,1758,735,95,1758,346,484,338,1992,258,1242,1346,473,565,325,1225
2025,12,"550","550 - Guelph",2027,1463,476,88,1463,236,328,219,1542,266,1017,1010,354,474,290,909
2025,12,"555","555 - London",11278,7575,2723,980,7575,1432,2271,1394,8454,1430,5537,5741,1841,2209,1272,5956
2025,12,"559","559 - Windsor",8425,5442,2087,896,5442,1041,1942,1110,6100,1215,4197,4228,1371,1716,978,4360
2025,12,"568","568 - Barrie",3137,2266,731,140,2266,425,446,358,2384,395,1609,1528,635,793,380,1329
2025,12,"580","580 - Greater Sudbury",2977,2126,746,105,2126,389,462,348,2325,304,1470,1507,511,660,305,1501
2025,12,"595","595 - Thunder Bay",1984,1395,514,75,1395,249,340,245,1542,197,972,1012,337,357,226,1064
2026,3,"505","505 - Ottawa--Gatineau",19146,13002,4477,1667,13002,2287,3857,2167,14112,2867,9285,9861,3520,4295,2017,9314
2026,3,"521","521 - Kingston",2851,2039,686,126,2039,339,473,359,2177,315,1455,1396,427,601,292,1531
2026,3,"529","529 - Peterborough",2918,2090,680,148,2090,369,459,386,2198,334,1534,1384,400,524,303,1691
2026,3,"532","532 - Oshawa",6306,4368,1595,343,4368,831,1107,779,4715,812,3151,3155,1015,1453,772,3066
2026,3,"535","535 - Toronto",125611,89531,24570,11510,89531,15363,20717,12896,93872,18843,67242,58369,17936,27495,16723,63457
2026,3,"537","537 - Hamilton",14278,9609,3602,1067,9609,1869,2800,1700,10756,1822,7194,7084,2208,3066,1672,7332
2026,3,"539","539 - St. Catharines--Niagara",10921,7571,2709,641,7571,1348,2002,1471,8095,1355,5459,5462,1446,2155,1244,6076
2026,3,"541","541 - Kitchener--Cambridge--Waterloo",10098,6916,2451,731,6916,1242,1940,1133,7643,1322,4986,5112,1533,2197,1044,5324
2026,3,"543","543 - Brantford",2606,1795,716,95,1795,335,476,336,2019,251,1273,1333,405,620,328,1253
2026,3,"550","550 - Guelph",2045,1476,494,75,1476,248,321,230,1545,270,1027,1018,305,485,274,981
2026,3,"555","555 - London",11320,7607,2737,976,7607,1430,2283,1388,8527,1405,5548,5772,1673,2346,1207,6094
2026,3,"559","559 - Windsor",8496,5538,2071,887,5538,1030,1928,1109,6162,1225,4224,4272,1240,1848,918,4490
2026,3,"568","568 - Barrie",3162,2296,729,137,2296,418,448,360,2414,388,1660,1502,606,782,375,1399
2026,3,"580","580 - Greater Sudbury",3028,2189,754,85,2189,386,453,355,2358,315,1518,1510,514,644,346,1524
2026,3,"595","595 - Thunder Bay",2057,1467,517,73,1467,255,335,251,1600,206,1023,1034,365,402,232,1058
