"year","board_number","board_name","board_type","junior_kindergarten_enrolment","kindergarten_enrolment","grade_1_enrolment","grade_2_enrolment","grade_3_enrolment","grade_4_enrolment","grade_5_enrolment","grade_6_enrolment","grade_7_enrolment","grade_8_enrolment","total_enrolment"
"2011-2012","B28010","Algoma DSB","Pub Dist Sch Brd (E/F)",658,649,652,602,610,617,651,655,676,714,6484
"2011-2012","B67202","Algonquin and Lakeshore CDSB","Cath Dist Sch Brd (E/F)",776,720,724,755,713,759,761,776,786,794,7564
"2011-2012","B66010","Avon Maitland DSB","Pub Dist Sch Brd (E/F)",973,1004,1021,1019,1018,1030,1076,1043,1106,1213,10503
"2011-2012","B66001","Bluewater DSB","Pub Dist Sch Brd (E/F)",1104,1134,1132,1127,1071,1098,1228,1136,1233,1343,11606
"2011-2012","B67164","Brant Haldimand Norfolk CDSB","Cath Dist Sch Brd (E/F)",584,592,605,661,623,646,680,673,708,696,6468
"2011-2012","B67008","Bruce-Grey CDSB","Cath Dist Sch Brd (E/F)",245,206,249,220,244,213,249,246,244,271,2387
"2011-2012","B67172","CDSB of Eastern Ontario","Cath Dist Sch Brd (E/F)",746,784,817,789,888,864,965,957,1108,1185,9103
"2011-2012","B66311","CÉP de l'Est de l'Ontario","Pub Dist Sch Brd (E/F)",1042,1053,982,900,812,822,724,709,781,724,8549
"2011-2012","B66303","CS Viamonde","Pub Dist Sch Brd (E/F)",1004,1008,929,832,766,653,650,581,473,496,7392
"2011-2012","B67300","CSD des Écoles catholiques du Sud-Ouest","Cath Dist Sch Brd (E/F)",847,888,899,796,719,662,613,595,607,484,7110
"2011-2012","B28118","CSD du Grand Nord de l'Ontario","Pub Dist Sch Brd (E/F)",190,168,154,177,162,120,143,134,149,144,1541
"2011-2012","B28100","CSD du Nord-Est de l'Ontario","Pub Dist Sch Brd (E/F)",198,147,171,140,136,138,136,148,147,127,1488
"2011-2012","B67318","CSDC Centre-Sud","Cath Dist Sch Brd (E/F)",1244,1283,1308,1193,1166,1073,1067,937,995,894,11160
"2011-2012","B67326","CSDC de l'Est ontarien","Cath Dist Sch Brd (E/F)",781,716,754,733,678,673,735,684,739,721,7214
"2011-2012","B29130","CSDC des Aurores boréales","Cath Dist Sch Brd (E/F)",69,85,66,65,77,63,58,46,59,45,633
"2011-2012","B29106","CSDC des Grandes Rivières","Cath Dist Sch Brd (E/F)",404,455,402,398,421,432,441,452,484,487,4376
"2011-2012","B67334","CSDC du Centre-Est de l'Ontario","Cath Dist Sch Brd (E/F)",1776,1814,1646,1626,1543,1539,1432,1433,1286,1305,15400
"2011-2012","B29122","CSDC du Nouvel-Ontario","Cath Dist Sch Brd (E/F)",525,606,512,525,519,506,495,485,446,460,5079
"2011-2012","B29114","CSDC Franco-Nord","Cath Dist Sch Brd (E/F)",191,200,168,194,179,207,211,205,202,214,1971
"2011-2012","B66150","DSB Niagara","Pub Dist Sch Brd (E/F)",2230,2239,2277,2364,2359,2362,2609,2480,2622,2786,24328
"2011-2012","B28002","DSB Ontario North East","Pub Dist Sch Brd (E/F)",419,433,438,435,416,427,433,496,473,487,4457
"2011-2012","B67083","Dufferin-Peel CDSB","Cath Dist Sch Brd (E/F)",4151,4323,4846,5027,4858,5042,5405,5462,5702,6020,50836
"2011-2012","B67105","Durham CDSB","Cath Dist Sch Brd (E/F)",1242,1321,1339,1371,1467,1454,1547,1525,1617,1588,14471
"2011-2012","B66060","Durham DSB","Pub Dist Sch Brd (E/F)",4144,4263,4543,4522,4652,4500,4830,4711,5003,5067,46235
"2011-2012","B66168","Grand Erie DSB","Pub Dist Sch Brd (E/F)",1557,1712,1712,1661,1739,1696,1858,1807,1868,1915,17525
"2011-2012","B66028","Greater Essex County DSB","Pub Dist Sch Brd (E/F)",2261,2281,2388,2312,2407,2313,2464,2487,2475,2546,23934
"2011-2012","B67113","Halton CDSB","Cath Dist Sch Brd (E/F)",1737,1810,1918,2005,2049,1998,2143,1965,2122,2208,19955
"2011-2012","B66133","Halton DSB","Pub Dist Sch Brd (E/F)",3756,3933,4170,4240,4200,4019,3916,3816,3859,3755,39664
"2011-2012","B67121","Hamilton-Wentworth CDSB","Cath Dist Sch Brd (E/F)",1663,1671,1848,1808,1840,1848,1988,1891,1976,2009,18542
"2011-2012","B66141","Hamilton-Wentworth DSB","Pub Dist Sch Brd (E/F)",3170,3336,3327,3352,3466,3280,3510,3455,3592,3836,34324
"2011-2012","B66222","Hastings & Prince Edward DSB","Pub Dist Sch Brd (E/F)",980,1019,992,1028,1002,1027,1056,1051,1107,1171,10433
"2011-2012","B67016","Huron Perth CDSB","Cath Dist Sch Brd (E/F)",297,299,309,317,302,303,318,305,326,344,3120
"2011-2012","B29025","Huron-Superior CDSB","Cath Dist Sch Brd (E/F)",309,301,346,362,384,356,396,423,424,454,3755
"2011-2012","B66079","Kawartha Pine Ridge DSB","Pub Dist Sch Brd (E/F)",2000,2056,2098,2190,2046,2238,2275,2241,2340,2505,21989
"2011-2012","B28045","Keewatin-Patricia DSB","Pub Dist Sch Brd (E/F)",255,244,252,270,278,288,277,304,321,324,2813
"2011-2012","B29050","Kenora CDSB","Cath Dist Sch Brd (E/F)",125,117,123,127,102,102,141,96,124,125,1182
"2011-2012","B28061","Lakehead DSB","Pub Dist Sch Brd (E/F)",563,570,665,579,620,578,629,624,729,712,6269
"2011-2012","B66036","Lambton Kent DSB","Pub Dist Sch Brd (E/F)",1389,1473,1426,1544,1440,1453,1586,1502,1551,1673,15037
"2011-2012","B66206","Limestone DSB","Pub Dist Sch Brd (E/F)",1263,1307,1331,1265,1281,1331,1326,1336,1396,1457,13293
"2011-2012","B67032","London District Catholic School Board","Cath Dist Sch Brd (E/F)",1072,1124,1150,1182,1258,1231,1335,1325,1365,1407,12449
"2011-2012","B15199","Moose Factory Island DSAB","Public School Board",41,32,34,29,31,30,30,40,16,19,302
"2011-2012","B15202","Moosonee DSAB","Public School Board",24,29,31,39,23,19,24,26,27,23,265
"2011-2012","B28037","Near North DSB","Pub Dist Sch Brd (E/F)",596,658,642,668,611,679,682,691,735,796,6758
"2011-2012","B67156","Niagara CDSB","Cath Dist Sch Brd (E/F)",1370,1455,1486,1516,1562,1527,1607,1562,1659,1767,15511
"2011-2012","B29017","Nipissing-Parry Sound CDSB","Cath Dist Sch Brd (E/F)",203,168,211,207,227,214,209,245,213,226,2123
"2011-2012","B29009","Northeastern CDSB","Cath Dist Sch Brd (E/F)",181,176,168,171,196,189,212,214,209,257,1973
"2011-2012","B29041","Northwest CDSB","Cath Dist Sch Brd (E/F)",140,149,152,133,117,128,131,158,141,165,1414
"2011-2012","B67180","Ottawa CDSB","Cath Dist Sch Brd (E/F)",1978,2130,2224,2276,2362,2356,2449,2473,2857,3015,24120
"2011-2012","B66184","Ottawa-Carleton DSB","Pub Dist Sch Brd (E/F)",4355,4705,4792,5096,5045,4830,4884,4805,4661,4991,48164
"2011-2012","B66125","Peel DSB","Pub Dist Sch Brd (E/F)",9821,10390,11210,11113,10959,10668,11173,10941,11143,11270,108688
"2011-2012","B79910","Penetanguishene PSSB","Prot Sep Sch Brd (Sch Auth)",29,17,24,22,26,21,23,22,21,21,226
"2011-2012","B67067","Peterborough Victoria Northumberland and Clarington CDSB","Cath Dist Sch Brd (E/F)",907,915,903,892,903,882,1020,928,1001,1061,9412
"2011-2012","B28029","Rainbow DSB","Pub Dist Sch Brd (E/F)",808,814,806,807,816,842,944,937,949,975,8698
"2011-2012","B28053","Rainy River DSB","Pub Dist Sch Brd (E/F)",153,160,175,180,163,179,180,177,184,180,1731
"2011-2012","B67199","Renfrew County CDSB","Cath Dist Sch Brd (E/F)",346,302,344,331,365,341,393,359,363,395,3539
"2011-2012","B66214","Renfrew County DSB","Pub Dist Sch Brd (E/F)",563,566,550,590,597,611,617,589,637,622,5942
"2011-2012","B66109","Simcoe County DSB","Pub Dist Sch Brd (E/F)",3155,3269,3292,3354,3412,3355,3614,3440,3804,3794,34489
"2011-2012","B67091","Simcoe Muskoka CDSB","Cath Dist Sch Brd (E/F)",1137,1269,1256,1298,1368,1344,1320,1333,1401,1535,13261
"2011-2012","B67040","St Clair CDSB","Cath Dist Sch Brd (E/F)",536,619,618,636,649,639,655,653,740,745,6490
"2011-2012","B29033","Sudbury CDSB","Cath Dist Sch Brd (E/F)",373,371,368,370,369,420,410,447,496,525,4149
"2011-2012","B29076","Superior North CDSB","Cath Dist Sch Brd (E/F)",67,63,73,78,67,77,76,59,73,95,728
"2011-2012","B28070","Superior-Greenstone DSB","Pub Dist Sch Brd (E/F)",89,79,76,67,83,80,76,103,107,90,850
"2011-2012","B66044","Thames Valley DSB","Pub Dist Sch Brd (E/F)",4797,4971,4884,4961,4894,4994,5141,5005,5321,5393,50361
"2011-2012","B29068","Thunder Bay CDSB","Cath Dist Sch Brd (E/F)",540,527,539,533,562,595,608,603,605,638,5750
"2011-2012","B67059","Toronto CDSB","Cath Dist Sch Brd (E/F)",5415,5570,5905,5805,6034,5904,6420,6327,6722,6707,60809
"2011-2012","B66052","Toronto DSB","Pub Dist Sch Brd (E/F)",17883,18271,18030,17532,17087,16743,16783,16963,16270,17049,172611
"2011-2012","B66087","Trillium Lakelands DSB","Pub Dist Sch Brd (E/F)",1077,992,1066,1031,1080,1036,1157,1179,1234,1217,11069
"2011-2012","B66192","Upper Canada DSB","Pub Dist Sch Brd (E/F)",1739,1815,1732,1795,1831,1714,1810,1889,1918,1935,18178
"2011-2012","B66117","Upper Grand DSB","Pub Dist Sch Brd (E/F)",2039,2288,2098,2155,2159,2138,2166,2192,2306,2292,21833
"2011-2012","B67148","Waterloo CDSB","Cath Dist Sch Brd (E/F)",1301,1480,1430,1499,1486,1545,1527,1523,1600,1620,15011
"2011-2012","B66176","Waterloo Region DSB","Pub Dist Sch Brd (E/F)",4095,4221,4252,4174,4138,3913,4188,4024,4150,4293,41448
"2011-2012","B67130","Wellington CDSB","Cath Dist Sch Brd (E/F)",467,500,546,555,563,582,607,617,678,651,5766
"2011-2012","B67024","Windsor-Essex CDSB","Cath Dist Sch Brd (E/F)",1140,1284,1375,1398,1454,1539,1618,1643,1698,1712,14861
"2011-2012","B67075","York CDSB","Cath Dist Sch Brd (E/F)",3300,3487,3675,3803,3713,3875,3997,3872,3896,3965,37583
"2011-2012","B66095","York Region DSB","Pub Dist Sch Brd (E/F)",6700,6821,7806,8054,7942,8168,8183,8345,8389,8456,78864
"2012-2013","B28010","Algoma DSB","Pub Dist Sch Brd (E/F)",654,675,651,641,606,625,627,639,680,761,6559
"2012-2013","B67202","Algonquin and Lakeshore CDSB","Cath Dist Sch Brd (E/F)",776,828,741,739,757,713,778,755,749,775,7611
"2012-2013","B66010","Avon Maitland DSB","Pub Dist Sch Brd (E/F)",972,1009,1029,1005,1016,1013,1015,1068,1050,1091,10268
"2012-2013","B66001","Bluewater DSB","Pub Dist Sch Brd (E/F)",1114,1165,1120,1126,1127,1080,1098,1237,1125,1227,11419
"2012-2013","B67164","Brant Haldimand Norfolk CDSB","Cath Dist Sch Brd (E/F)",555,607,605,608,669,623,653,676,657,702,6355
"2012-2013","B67008","Bruce-Grey CDSB","Cath Dist Sch Brd (E/F)",228,263,218,251,222,246,217,252,259,246,2402
"2012-2013","B67172","CDSB of Eastern Ontario","Cath Dist Sch Brd (E/F)",753,790,815,812,793,884,868,981,1015,1112,8823
"2012-2013","B66311","CÉP de l'Est de l'Ontario","Pub Dist Sch Brd (E/F)",1089,1081,1050,957,920,818,832,739,807,804,9097
"2012-2013","B67300","Conseil scolaire catholique Providence","Cath Dist Sch Brd (E/F)",870,862,867,865,782,713,649,588,577,605,7378
"2012-2013","B66303","CS Viamonde","Pub Dist Sch Brd (E/F)",1034,1096,969,927,834,749,625,611,502,472,7819
"2012-2013","B28118","CSD du Grand Nord de l'Ontario","Pub Dist Sch Brd (E/F)",184,182,167,159,179,164,120,138,147,160,1600
"2012-2013","B28100","CSD du Nord-Est de l'Ontario","Pub Dist Sch Brd (E/F)",176,202,158,166,128,135,130,131,128,144,1498
"2012-2013","B67318","CSDC Centre-Sud","Cath Dist Sch Brd (E/F)",1361,1327,1313,1307,1189,1166,1055,1048,928,980,11674
"2012-2013","B67326","CSDC de l'Est ontarien","Cath Dist Sch Brd (E/F)",746,778,743,740,734,681,703,707,659,729,7220
"2012-2013","B29130","CSDC des Aurores boréales","Cath Dist Sch Brd (E/F)",70,70,80,64,59,70,62,55,42,55,627
"2012-2013","B29106","CSDC des Grandes Rivières","Cath Dist Sch Brd (E/F)",432,392,450,396,402,418,439,436,441,479,4285
"2012-2013","B67334","CSDC du Centre-Est de l'Ontario","Cath Dist Sch Brd (E/F)",1812,1866,1827,1668,1633,1549,1548,1462,1262,1315,15942
"2012-2013","B29122","CSDC du Nouvel-Ontario","Cath Dist Sch Brd (E/F)",545,529,599,493,525,515,502,494,464,429,5095
"2012-2013","B29114","CSDC Franco-Nord","Cath Dist Sch Brd (E/F)",199,191,205,170,198,178,204,210,221,205,1981
"2012-2013","B66150","DSB Niagara","Pub Dist Sch Brd (E/F)",2207,2291,2306,2301,2376,2404,2406,2641,2508,2706,24146
"2012-2013","B28002","DSB Ontario North East","Pub Dist Sch Brd (E/F)",443,436,442,445,432,433,432,425,478,483,4449
"2012-2013","B67083","Dufferin-Peel CDSB","Cath Dist Sch Brd (E/F)",4288,4482,4748,4939,5088,4934,5127,5515,5521,5761,50403
"2012-2013","B67105","Durham CDSB","Cath Dist Sch Brd (E/F)",1256,1353,1380,1405,1412,1473,1500,1564,1537,1644,14524
"2012-2013","B66060","Durham DSB","Pub Dist Sch Brd (E/F)",4219,4445,4618,4616,4618,4785,4574,4886,4812,5062,46635
"2012-2013","B66168","Grand Erie DSB","Pub Dist Sch Brd (E/F)",1686,1657,1724,1718,1673,1765,1731,1888,1832,1856,17530
"2012-2013","B66028","Greater Essex County DSB","Pub Dist Sch Brd (E/F)",2258,2405,2333,2389,2324,2414,2333,2473,2524,2477,23930
"2012-2013","B67113","Halton CDSB","Cath Dist Sch Brd (E/F)",1820,1940,1969,1998,2079,2119,2054,2197,1999,2150,20325
"2012-2013","B66133","Halton DSB","Pub Dist Sch Brd (E/F)",3697,4145,4417,4293,4382,4309,4136,4020,3974,3904,41277
"2012-2013","B67121","Hamilton-Wentworth CDSB","Cath Dist Sch Brd (E/F)",1724,1760,1748,1885,1837,1857,1869,2011,1919,1984,18594
"2012-2013","B66141","Hamilton-Wentworth DSB","Pub Dist Sch Brd (E/F)",3125,3466,3447,3328,3356,3474,3292,3535,3491,3664,34178
"2012-2013","B66222","Hastings & Prince Edward DSB","Pub Dist Sch Brd (E/F)",995,1053,1028,992,1020,1012,1031,1076,1060,1124,10391
"2012-2013","B67016","Huron Perth CDSB","Cath Dist Sch Brd (E/F)",295,312,298,308,318,309,306,320,310,323,3099
"2012-2013","B29025","Huron-Superior CDSB","Cath Dist Sch Brd (E/F)",344,322,314,342,363,376,349,409,406,407,3632
"2012-2013","B66079","Kawartha Pine Ridge DSB","Pub Dist Sch Brd (E/F)",2076,2107,2084,2107,2202,2082,2257,2291,2239,2382,21827
"2012-2013","B28045","Keewatin-Patricia DSB","Pub Dist Sch Brd (E/F)",266,275,261,259,272,292,295,286,317,321,2844
"2012-2013","B29050","Kenora CDSB","Cath Dist Sch Brd (E/F)",119,132,125,121,129,96,100,141,101,131,1195
"2012-2013","B28061","Lakehead DSB","Pub Dist Sch Brd (E/F)",594,600,571,654,579,622,576,628,614,731,6169
"2012-2013","B66036","Lambton Kent DSB","Pub Dist Sch Brd (E/F)",1384,1471,1481,1443,1540,1446,1447,1584,1508,1543,14847
"2012-2013","B66206","Limestone DSB","Pub Dist Sch Brd (E/F)",1281,1304,1334,1336,1274,1270,1343,1335,1371,1394,13242
"2012-2013","B67032","London District Catholic School Board","Cath Dist Sch Brd (E/F)",1043,1119,1157,1162,1177,1248,1221,1324,1311,1351,12113
"2012-2013","B15199","Moose Factory Island DSAB","Public School Board",23,36,32,33,28,28,25,27,20,11,263
"2012-2013","B15202","Moosonee DSAB","Public School Board",27,25,29,34,40,23,20,22,22,25,267
"2012-2013","B28037","Near North DSB","Pub Dist Sch Brd (E/F)",678,628,654,632,667,609,681,708,705,725,6687
"2012-2013","B67156","Niagara CDSB","Cath Dist Sch Brd (E/F)",1372,1434,1474,1507,1526,1540,1524,1600,1549,1638,15164
"2012-2013","B29017","Nipissing-Parry Sound CDSB","Cath Dist Sch Brd (E/F)",186,214,168,215,202,237,208,203,238,213,2084
"2012-2013","B29009","Northeastern CDSB","Cath Dist Sch Brd (E/F)",165,187,188,172,159,197,182,211,229,192,1882
"2012-2013","B29041","Northwest CDSB","Cath Dist Sch Brd (E/F)",130,123,143,145,130,105,123,124,157,134,1314
"2012-2013","B67180","Ottawa CDSB","Cath Dist Sch Brd (E/F)",2225,2188,2268,2289,2346,2456,2422,2532,2719,2924,24369
"2012-2013","B66184","Ottawa-Carleton DSB","Pub Dist Sch Brd (E/F)",4414,4718,4807,4786,5091,5053,4897,4894,4660,4820,48140
"2012-2013","B66125","Peel DSB","Pub Dist Sch Brd (E/F)",9852,10365,11382,11295,11124,11049,10750,11099,11071,11260,109247
"2012-2013","B79910","Penetanguishene PSSB","Prot Sep Sch Brd (Sch Auth)",22,31,17,27,21,26,20,22,23,23,232
"2012-2013","B67067","Peterborough Victoria Northumberland and Clarington CDSB","Cath Dist Sch Brd (E/F)",918,920,945,933,915,922,900,1036,925,988,9402
"2012-2013","B28029","Rainbow DSB","Pub Dist Sch Brd (E/F)",837,854,798,814,796,817,843,943,896,976,8574
"2012-2013","B28053","Rainy River DSB","Pub Dist Sch Brd (E/F)",155,181,160,178,174,172,179,188,192,193,1772
"2012-2013","B67199","Renfrew County CDSB","Cath Dist Sch Brd (E/F)",315,378,320,342,344,368,339,386,354,349,3495
"2012-2013","B66214","Renfrew County DSB","Pub Dist Sch Brd (E/F)",571,590,565,549,580,598,606,613,595,647,5914
"2012-2013","B66109","Simcoe County DSB","Pub Dist Sch Brd (E/F)",3188,3351,3354,3350,3431,3507,3456,3685,3515,3864,34701
"2012-2013","B67091","Simcoe Muskoka CDSB","Cath Dist Sch Brd (E/F)",1215,1252,1307,1287,1316,1370,1316,1342,1343,1411,13159
"2012-2013","B67040","St Clair CDSB","Cath Dist Sch Brd (E/F)",628,553,622,621,631,643,643,649,643,739,6372
"2012-2013","B29033","Sudbury CDSB","Cath Dist Sch Brd (E/F)",385,399,397,388,382,370,428,419,500,504,4172
"2012-2013","B29076","Superior North CDSB","Cath Dist Sch Brd (E/F)",78,72,65,80,76,81,85,81,65,76,759
"2012-2013","B28070","Superior-Greenstone DSB","Pub Dist Sch Brd (E/F)",81,89,83,79,65,81,78,80,98,104,838
"2012-2013","B66044","Thames Valley DSB","Pub Dist Sch Brd (E/F)",4775,5229,5092,4905,4984,4928,5019,5154,5043,5350,50479
"2012-2013","B29068","Thunder Bay CDSB","Cath Dist Sch Brd (E/F)",545,543,531,545,531,560,597,606,599,606,5663
"2012-2013","B67059","Toronto CDSB","Cath Dist Sch Brd (E/F)",5443,5688,5883,5998,5891,6104,5961,6501,6438,6775,60682
"2012-2013","B66052","Toronto DSB","Pub Dist Sch Brd (E/F)",17798,18730,18374,17605,17243,16847,16548,16491,16512,16397,172545
"2012-2013","B66087","Trillium Lakelands DSB","Pub Dist Sch Brd (E/F)",1077,1122,1001,1080,1032,1086,1037,1147,1178,1230,10990
"2012-2013","B66192","Upper Canada DSB","Pub Dist Sch Brd (E/F)",1655,1796,1824,1727,1799,1860,1717,1820,1877,1921,17996
"2012-2013","B66117","Upper Grand DSB","Pub Dist Sch Brd (E/F)",2149,2210,2298,2130,2149,2188,2143,2174,2216,2330,21987
"2012-2013","B67148","Waterloo CDSB","Cath Dist Sch Brd (E/F)",1302,1386,1507,1430,1499,1504,1539,1524,1501,1622,14814
"2012-2013","B66176","Waterloo Region DSB","Pub Dist Sch Brd (E/F)",3973,4441,4289,4279,4204,4149,3968,4226,4061,4188,41778
"2012-2013","B67130","Wellington CDSB","Cath Dist Sch Brd (E/F)",493,484,508,542,569,554,577,590,613,675,5605
"2012-2013","B67024","Windsor-Essex CDSB","Cath Dist Sch Brd (E/F)",1111,1166,1304,1385,1383,1459,1530,1605,1644,1682,14269
"2012-2013","B67075","York CDSB","Cath Dist Sch Brd (E/F)",3221,3476,3697,3740,3873,3749,3868,3995,3858,3897,37374
"2012-2013","B66095","York Region DSB","Pub Dist Sch Brd (E/F)",6650,7305,8042,7969,8327,8195,8447,8466,8563,8642,80606
"2013-2014","B28010","Algoma DSB","Pub Dist Sch Brd (E/F)",634,661,665,652,644,610,637,619,643,737,6502
"2013-2014","B67202","Algonquin and Lakeshore CDSB","Cath Dist Sch Brd (E/F)",768,816,846,765,741,761,716,788,737,747,7685
"2013-2014","B66010","Avon Maitland DSB","Pub Dist Sch Brd (E/F)",968,1010,1021,1038,1007,1014,1008,1052,1066,1067,10251
"2013-2014","B66001","Bluewater DSB","Pub Dist Sch Brd (E/F)",1026,1202,1156,1126,1129,1121,1087,1103,1235,1118,11303
"2013-2014","B67164","Brant Haldimand Norfolk CDSB","Cath Dist Sch Brd (E/F)",553,580,620,622,616,665,633,671,677,655,6292
"2013-2014","B67008","Bruce-Grey CDSB","Cath Dist Sch Brd (E/F)",271,256,272,222,262,230,251,228,255,253,2500
"2013-2014","B67172","CDSB of Eastern Ontario","Cath Dist Sch Brd (E/F)",760,814,816,813,808,819,879,862,1042,1009,8622
"2013-2014","B66311","CÉP de l'Est de l'Ontario","Pub Dist Sch Brd (E/F)",1114,1132,1076,1030,949,903,845,846,790,797,9482
"2013-2014","B67300","Conseil scolaire catholique Providence","Cath Dist Sch Brd (E/F)",835,872,858,855,846,779,705,636,576,573,7535
"2013-2014","B66303","CS Viamonde","Pub Dist Sch Brd (E/F)",1120,1107,1050,976,917,843,750,634,584,514,8495
"2013-2014","B28118","CSD du Grand Nord de l'Ontario","Pub Dist Sch Brd (E/F)",169,179,188,174,153,172,158,123,143,151,1610
"2013-2014","B28100","CSD du Nord-Est de l'Ontario","Pub Dist Sch Brd (E/F)",217,181,202,161,162,139,129,124,107,123,1545
"2013-2014","B67318","CSDC Centre-Sud","Cath Dist Sch Brd (E/F)",1347,1452,1355,1330,1307,1184,1134,1060,1007,906,12082
"2013-2014","B67326","CSDC de l'Est ontarien","Cath Dist Sch Brd (E/F)",776,756,796,729,731,730,694,667,695,659,7233
"2013-2014","B29130","CSDC des Aurores boréales","Cath Dist Sch Brd (E/F)",67,72,61,73,67,57,65,65,60,44,631
"2013-2014","B29106","CSDC des Grandes Rivières","Cath Dist Sch Brd (E/F)",465,442,394,440,395,387,416,439,435,429,4242
"2013-2014","B67334","CSDC du Centre-Est de l'Ontario","Cath Dist Sch Brd (E/F)",1753,1860,1844,1817,1672,1632,1554,1577,1303,1292,16304
"2013-2014","B29122","CSDC du Nouvel-Ontario","Cath Dist Sch Brd (E/F)",560,545,535,577,492,515,513,488,482,453,5160
"2013-2014","B29114","CSDC Franco-Nord","Cath Dist Sch Brd (E/F)",194,201,195,204,175,192,186,199,225,225,1996
"2013-2014","B66150","DSB Niagara","Pub Dist Sch Brd (E/F)",2361,2308,2373,2314,2295,2438,2446,2429,2660,2534,24158
"2013-2014","B28002","DSB Ontario North East","Pub Dist Sch Brd (E/F)",437,462,422,442,409,453,470,392,407,467,4361
"2013-2014","B67083","Dufferin-Peel CDSB","Cath Dist Sch Brd (E/F)",4175,4662,4885,4832,5029,5163,5019,5234,5544,5594,50137
"2013-2014","B67105","Durham CDSB","Cath Dist Sch Brd (E/F)",1365,1341,1472,1401,1444,1454,1485,1503,1570,1555,14590
"2013-2014","B66060","Durham DSB","Pub Dist Sch Brd (E/F)",4345,4414,4718,4691,4731,4704,4833,4673,4967,4871,46947
"2013-2014","B66168","Grand Erie DSB","Pub Dist Sch Brd (E/F)",1633,1799,1711,1747,1726,1697,1792,1731,1896,1836,17568
"2013-2014","B66028","Greater Essex County DSB","Pub Dist Sch Brd (E/F)",2243,2396,2433,2350,2430,2361,2444,2362,2490,2546,24055
"2013-2014","B67113","Halton CDSB","Cath Dist Sch Brd (E/F)",1962,2071,2095,2062,2064,2129,2188,2122,2236,2021,20950
"2013-2014","B66133","Halton DSB","Pub Dist Sch Brd (E/F)",3642,4048,4637,4508,4421,4536,4438,4270,4183,4009,42692
"2013-2014","B67121","Hamilton-Wentworth CDSB","Cath Dist Sch Brd (E/F)",1750,1875,1818,1781,1904,1844,1898,1875,2019,1915,18679
"2013-2014","B66141","Hamilton-Wentworth DSB","Pub Dist Sch Brd (E/F)",3284,3414,3513,3447,3344,3397,3470,3333,3574,3543,34319
"2013-2014","B66222","Hastings & Prince Edward DSB","Pub Dist Sch Brd (E/F)",919,1032,1035,1004,994,1016,1018,1041,1067,1066,10192
"2013-2014","B67016","Huron Perth CDSB","Cath Dist Sch Brd (E/F)",292,306,325,297,306,321,319,296,314,304,3080
"2013-2014","B29025","Huron-Superior CDSB","Cath Dist Sch Brd (E/F)",323,352,329,324,349,365,365,349,395,397,3548
"2013-2014","B66079","Kawartha Pine Ridge DSB","Pub Dist Sch Brd (E/F)",2096,2190,2122,2086,2098,2218,2101,2253,2296,2221,21681
"2013-2014","B28045","Keewatin-Patricia DSB","Pub Dist Sch Brd (E/F)",271,274,275,252,264,277,289,289,287,313,2791
"2013-2014","B29050","Kenora CDSB","Cath Dist Sch Brd (E/F)",112,122,125,125,116,121,95,100,145,101,1162
"2013-2014","B28061","Lakehead DSB","Pub Dist Sch Brd (E/F)",609,625,602,569,646,580,617,578,624,604,6054
"2013-2014","B66036","Lambton Kent DSB","Pub Dist Sch Brd (E/F)",1352,1463,1493,1466,1430,1539,1431,1451,1597,1514,14736
"2013-2014","B66206","Limestone DSB","Pub Dist Sch Brd (E/F)",1282,1326,1325,1317,1322,1275,1274,1335,1376,1373,13205
"2013-2014","B67032","London District Catholic School Board","Cath Dist Sch Brd (E/F)",988,1125,1150,1162,1181,1173,1248,1226,1301,1312,11866
"2013-2014","B15199","Moose Factory Island DSAB","Public School Board",41,33,39,35,34,28,26,27,14,20,297
"2013-2014","B15202","Moosonee DSAB","Public School Board",30,32,31,30,30,36,20,16,20,21,266
"2013-2014","B28037","Near North DSB","Pub Dist Sch Brd (E/F)",610,704,618,655,620,659,624,671,721,704,6586
"2013-2014","B67156","Niagara CDSB","Cath Dist Sch Brd (E/F)",1312,1451,1466,1498,1525,1510,1536,1496,1583,1570,14947
"2013-2014","B29017","Nipissing-Parry Sound CDSB","Cath Dist Sch Brd (E/F)",187,195,199,171,215,204,232,212,181,242,2038
"2013-2014","B29009","Northeastern CDSB","Cath Dist Sch Brd (E/F)",164,173,184,183,175,153,189,182,231,229,1863
"2013-2014","B29041","Northwest CDSB","Cath Dist Sch Brd (E/F)",141,133,131,148,143,127,108,123,119,155,1328
"2013-2014","B67180","Ottawa CDSB","Cath Dist Sch Brd (E/F)",2545,2484,2337,2392,2428,2484,2555,2503,2887,2838,25453
"2013-2014","B66184","Ottawa-Carleton DSB","Pub Dist Sch Brd (E/F)",4259,4785,4862,4849,4777,5067,5046,4916,4652,4751,47964
"2013-2014","B66125","Peel DSB","Pub Dist Sch Brd (E/F)",9828,10655,11374,11602,11378,11271,11189,10737,11221,11237,110492
"2013-2014","B79910","Penetanguishene PSSB","Prot Sep Sch Brd (Sch Auth)",20,22,29,17,28,21,23,20,21,23,224
"2013-2014","B67067","Peterborough Victoria Northumberland and Clarington CDSB","Cath Dist Sch Brd (E/F)",914,977,943,988,954,943,948,923,1041,931,9562
"2013-2014","B28029","Rainbow DSB","Pub Dist Sch Brd (E/F)",812,873,855,814,813,821,833,844,939,925,8529
"2013-2014","B28053","Rainy River DSB","Pub Dist Sch Brd (E/F)",149,173,181,166,180,180,174,180,196,197,1776
"2013-2014","B67199","Renfrew County CDSB","Cath Dist Sch Brd (E/F)",369,370,405,332,347,352,361,349,385,361,3631
"2013-2014","B66214","Renfrew County DSB","Pub Dist Sch Brd (E/F)",535,593,583,551,529,580,607,594,617,599,5788
"2013-2014","B66109","Simcoe County DSB","Pub Dist Sch Brd (E/F)",3343,3368,3444,3386,3415,3479,3589,3508,3716,3573,34821
"2013-2014","B67091","Simcoe Muskoka CDSB","Cath Dist Sch Brd (E/F)",1251,1333,1302,1372,1318,1354,1357,1353,1366,1355,13361
"2013-2014","B67040","St Clair CDSB","Cath Dist Sch Brd (E/F)",598,649,558,625,628,620,644,634,640,643,6239
"2013-2014","B29033","Sudbury CDSB","Cath Dist Sch Brd (E/F)",400,385,416,399,386,384,384,431,465,499,4149
"2013-2014","B29076","Superior North CDSB","Cath Dist Sch Brd (E/F)",71,71,72,61,76,75,91,80,80,70,747
"2013-2014","B28070","Superior-Greenstone DSB","Pub Dist Sch Brd (E/F)",78,87,80,81,81,67,76,77,87,91,805
"2013-2014","B66044","Thames Valley DSB","Pub Dist Sch Brd (E/F)",4791,5185,5291,5157,4911,5032,4947,5032,5231,5058,50635
"2013-2014","B29068","Thunder Bay CDSB","Cath Dist Sch Brd (E/F)",556,555,553,531,546,533,567,589,597,603,5630
"2013-2014","B67059","Toronto CDSB","Cath Dist Sch Brd (E/F)",5615,5760,6039,5964,6070,5947,6117,6011,6524,6437,60484
"2013-2014","B66052","Toronto DSB","Pub Dist Sch Brd (E/F)",17653,18589,18844,17973,17339,16982,16599,16269,15969,16677,172894
"2013-2014","B66087","Trillium Lakelands DSB","Pub Dist Sch Brd (E/F)",983,1096,1134,1005,1073,1039,1090,1019,1159,1176,10774
"2013-2014","B66192","Upper Canada DSB","Pub Dist Sch Brd (E/F)",1672,1747,1814,1808,1735,1805,1859,1714,1811,1917,17882
"2013-2014","B66117","Upper Grand DSB","Pub Dist Sch Brd (E/F)",2144,2292,2203,2287,2136,2159,2183,2141,2198,2225,21968
"2013-2014","B67148","Waterloo CDSB","Cath Dist Sch Brd (E/F)",1353,1399,1405,1507,1441,1518,1509,1519,1515,1486,14652
"2013-2014","B66176","Waterloo Region DSB","Pub Dist Sch Brd (E/F)",3982,4292,4537,4286,4272,4201,4148,3964,4273,4148,42103
"2013-2014","B67130","Wellington CDSB","Cath Dist Sch Brd (E/F)",466,512,514,529,548,580,564,589,601,624,5527
"2013-2014","B67024","Windsor-Essex CDSB","Cath Dist Sch Brd (E/F)",1064,1160,1200,1331,1389,1399,1463,1532,1586,1639,13763
"2013-2014","B67075","York CDSB","Cath Dist Sch Brd (E/F)",3163,3353,3773,3772,3808,3908,3760,3912,4002,3868,37319
"2013-2014","B66095","York Region DSB","Pub Dist Sch Brd (E/F)",6912,7287,8489,8258,8195,8583,8367,8648,8687,8801,82227
"2014-2015","B28010","Algoma DSB","Pub Dist Sch Brd (E/F)",580,647,633,656,644,648,611,637,639,713,6408
"2014-2015","B67202","Algonquin and Lakeshore CDSB","Cath Dist Sch Brd (E/F)",770,794,827,855,795,746,758,731,741,736,7753
"2014-2015","B66010","Avon Maitland DSB","Pub Dist Sch Brd (E/F)",930,1023,1012,1025,1035,1011,1020,1019,1062,1087,10224
"2014-2015","B66001","Bluewater DSB","Pub Dist Sch Brd (E/F)",1110,1104,1201,1144,1131,1125,1142,1089,1101,1255,11402
"2014-2015","B67164","Brant Haldimand Norfolk CDSB","Cath Dist Sch Brd (E/F)",563,605,610,629,645,619,663,636,674,689,6333
"2014-2015","B67008","Bruce-Grey CDSB","Cath Dist Sch Brd (E/F)",246,288,254,272,221,266,226,250,221,256,2500
"2014-2015","B67172","CDSB of Eastern Ontario","Cath Dist Sch Brd (E/F)",759,806,823,842,806,844,833,886,960,1070,8629
"2014-2015","B66303","CS Viamonde","Pub Dist Sch Brd (E/F)",1051,1143,1102,1042,965,878,826,731,601,587,8926
"2014-2015","B28118","CSD du Grand Nord de l'Ontario","Pub Dist Sch Brd (E/F)",165,183,194,185,180,153,177,152,147,141,1677
"2014-2015","B28100","CSD du Nord-Est de l'Ontario","Pub Dist Sch Brd (E/F)",155,219,179,197,146,165,126,129,102,97,1515
"2014-2015","B67318","CSDC Centre-Sud","Cath Dist Sch Brd (E/F)",1372,1405,1451,1342,1316,1293,1151,1116,1003,984,12433
"2014-2015","B29114","CSDC Franco-Nord","Cath Dist Sch Brd (E/F)",220,198,201,188,206,167,190,179,230,220,1999
"2014-2015","B67326","CSDC de l'Est ontarien","Cath Dist Sch Brd (E/F)",744,765,770,773,715,730,742,679,653,694,7265
"2014-2015","B29130","CSDC des Aurores boréales","Cath Dist Sch Brd (E/F)",64,67,73,62,78,62,57,68,65,57,653
"2014-2015","B29106","CSDC des Grandes Rivières","Cath Dist Sch Brd (E/F)",439,465,426,390,438,381,391,417,423,430,4200
"2014-2015","B67334","CSDC du Centre-Est de l'Ontario","Cath Dist Sch Brd (E/F)",1749,1783,1915,1811,1800,1682,1632,1563,1387,1308,16630
"2014-2015","B29122","CSDC du Nouvel-Ontario","Cath Dist Sch Brd (E/F)",557,551,527,531,557,492,510,498,453,476,5152
"2014-2015","B67300","Conseil scolaire catholique Providence","Cath Dist Sch Brd (E/F)",790,835,870,828,840,827,771,692,626,572,7651
"2014-2015","B66311","CÉP de l'Est de l'Ontario","Pub Dist Sch Brd (E/F)",1137,1158,1134,1059,1037,958,901,852,929,800,9965
"2014-2015","B66150","DSB Niagara","Pub Dist Sch Brd (E/F)",2241,2467,2400,2411,2346,2356,2473,2478,2467,2705,24344
"2014-2015","B28002","DSB Ontario North East","Pub Dist Sch Brd (E/F)",416,444,459,432,423,411,466,419,416,427,4313
"2014-2015","B67083","Dufferin-Peel CDSB","Cath Dist Sch Brd (E/F)",4297,4580,4902,4958,4916,5068,5225,5083,5279,5568,49876
"2014-2015","B67105","Durham CDSB","Cath Dist Sch Brd (E/F)",1335,1459,1428,1479,1406,1483,1466,1489,1487,1568,14600
"2014-2015","B66060","Durham DSB","Pub Dist Sch Brd (E/F)",4374,4544,4600,4770,4772,4803,4786,4902,4789,5057,47397
"2014-2015","B66168","Grand Erie DSB","Pub Dist Sch Brd (E/F)",1632,1736,1803,1722,1750,1750,1713,1818,1739,1882,17545
"2014-2015","B66028","Greater Essex County DSB","Pub Dist Sch Brd (E/F)",2157,2370,2451,2433,2334,2446,2379,2444,2401,2508,23923
"2014-2015","B67113","Halton CDSB","Cath Dist Sch Brd (E/F)",2081,2193,2211,2154,2132,2138,2181,2239,2117,2246,21692
"2014-2015","B66133","Halton DSB","Pub Dist Sch Brd (E/F)",3534,4040,4452,4705,4584,4470,4651,4485,4365,4232,43518
"2014-2015","B67121","Hamilton-Wentworth CDSB","Cath Dist Sch Brd (E/F)",1725,1840,1904,1839,1805,1917,1875,1897,1874,2000,18676
"2014-2015","B66141","Hamilton-Wentworth DSB","Pub Dist Sch Brd (E/F)",3110,3530,3481,3520,3431,3345,3427,3522,3358,3641,34365
"2014-2015","B66222","Hastings & Prince Edward DSB","Pub Dist Sch Brd (E/F)",934,984,1034,1025,1007,988,1022,994,1051,1090,10129
"2014-2015","B67016","Huron Perth CDSB","Cath Dist Sch Brd (E/F)",306,310,317,323,291,309,313,312,286,312,3079
"2014-2015","B29025","Huron-Superior CDSB","Cath Dist Sch Brd (E/F)",393,345,356,333,333,355,359,365,330,382,3551
"2014-2015","B66079","Kawartha Pine Ridge DSB","Pub Dist Sch Brd (E/F)",2012,2181,2244,2163,2108,2108,2205,2127,2239,2302,21689
"2014-2015","B28045","Keewatin-Patricia DSB","Pub Dist Sch Brd (E/F)",258,286,288,271,242,270,276,276,274,286,2727
"2014-2015","B29050","Kenora CDSB","Cath Dist Sch Brd (E/F)",99,120,126,128,135,117,132,102,125,144,1228
"2014-2015","B28061","Lakehead DSB","Pub Dist Sch Brd (E/F)",618,640,624,605,571,623,564,602,577,620,6044
"2014-2015","B66036","Lambton Kent DSB","Pub Dist Sch Brd (E/F)",1322,1435,1473,1490,1470,1445,1538,1450,1462,1597,14682
"2014-2015","B66206","Limestone DSB","Pub Dist Sch Brd (E/F)",1244,1333,1351,1294,1304,1309,1270,1276,1395,1353,13129
"2014-2015","B67032","London District Catholic School Board","Cath Dist Sch Brd (E/F)",1113,1086,1187,1197,1225,1189,1203,1267,1229,1298,11994
"2014-2015","B15199","Moose Factory Island DSAB","Public School Board",38,41,39,38,34,36,27,30,12,12,307
"2014-2015","B15202","Moosonee DSAB","Public School Board",23,29,33,25,31,24,36,17,14,18,250
"2014-2015","B28037","Near North DSB","Pub Dist Sch Brd (E/F)",631,628,700,633,653,648,678,634,693,729,6627
"2014-2015","B67156","Niagara CDSB","Cath Dist Sch Brd (E/F)",1253,1395,1523,1478,1533,1510,1520,1541,1506,1594,14853
"2014-2015","B29017","Nipissing-Parry Sound CDSB","Cath Dist Sch Brd (E/F)",161,199,207,211,177,207,206,231,197,188,1984
"2014-2015","B29009","Northeastern CDSB","Cath Dist Sch Brd (E/F)",137,164,181,190,185,175,149,184,185,207,1757
"2014-2015","B29041","Northwest CDSB","Cath Dist Sch Brd (E/F)",143,151,130,137,141,143,116,106,119,114,1300
"2014-2015","B67180","Ottawa CDSB","Cath Dist Sch Brd (E/F)",2493,2702,2567,2490,2494,2500,2579,2614,2826,2973,26238
"2014-2015","B66184","Ottawa-Carleton DSB","Pub Dist Sch Brd (E/F)",4374,4653,4892,4845,4843,4782,5047,5060,4699,4795,47990
"2014-2015","B66125","Peel DSB","Pub Dist Sch Brd (E/F)",10144,10716,11540,11588,11743,11518,11394,11241,10837,11413,112134
"2014-2015","B79910","Penetanguishene PSSB","Prot Sep Sch Brd (Sch Auth)",16,21,22,29,20,26,19,23,21,22,219
"2014-2015","B67067","Peterborough Victoria Northumberland and Clarington CDSB","Cath Dist Sch Brd (E/F)",985,962,984,975,1022,982,982,982,965,1042,9881
"2014-2015","B28029","Rainbow DSB","Pub Dist Sch Brd (E/F)",823,854,893,833,815,834,835,845,816,985,8533
"2014-2015","B28053","Rainy River DSB","Pub Dist Sch Brd (E/F)",166,154,172,177,166,183,182,182,184,203,1769
"2014-2015","B67199","Renfrew County CDSB","Cath Dist Sch Brd (E/F)",350,386,374,389,325,342,350,352,345,384,3597
"2014-2015","B66214","Renfrew County DSB","Pub Dist Sch Brd (E/F)",614,571,585,590,560,528,592,623,616,621,5900
"2014-2015","B66109","Simcoe County DSB","Pub Dist Sch Brd (E/F)",3196,3545,3456,3534,3482,3498,3579,3617,3578,3755,35240
"2014-2015","B67091","Simcoe Muskoka CDSB","Cath Dist Sch Brd (E/F)",1216,1354,1358,1344,1390,1356,1325,1372,1360,1384,13459
"2014-2015","B67040","St Clair CDSB","Cath Dist Sch Brd (E/F)",601,613,664,570,628,630,622,645,644,637,6254
"2014-2015","B29033","Sudbury CDSB","Cath Dist Sch Brd (E/F)",388,409,390,417,409,380,377,390,456,463,4079
"2014-2015","B29076","Superior North CDSB","Cath Dist Sch Brd (E/F)",66,76,72,77,64,81,77,84,81,80,758
"2014-2015","B28070","Superior-Greenstone DSB","Pub Dist Sch Brd (E/F)",85,78,86,79,89,71,70,74,75,85,792
"2014-2015","B66044","Thames Valley DSB","Pub Dist Sch Brd (E/F)",4598,5209,5266,5344,5169,4955,5053,4974,5105,5298,50971
"2014-2015","B29068","Thunder Bay CDSB","Cath Dist Sch Brd (E/F)",526,561,563,536,527,559,536,576,579,595,5558
"2014-2015","B67059","Toronto CDSB","Cath Dist Sch Brd (E/F)",5578,5852,5962,6072,5988,6041,5924,6206,6027,6572,60222
"2014-2015","B66052","Toronto DSB","Pub Dist Sch Brd (E/F)",17755,18316,18481,18340,17590,17056,16619,16117,15766,15987,172027
"2014-2015","B66087","Trillium Lakelands DSB","Pub Dist Sch Brd (E/F)",1036,1024,1101,1109,1004,1078,1043,1097,1037,1173,10702
"2014-2015","B66192","Upper Canada DSB","Pub Dist Sch Brd (E/F)",1631,1777,1754,1818,1832,1739,1790,1870,1694,1805,17710
"2014-2015","B66117","Upper Grand DSB","Pub Dist Sch Brd (E/F)",2211,2263,2322,2184,2306,2163,2165,2168,2168,2222,22172
"2014-2015","B67148","Waterloo CDSB","Cath Dist Sch Brd (E/F)",1227,1421,1426,1412,1520,1472,1515,1498,1501,1492,14484
"2014-2015","B66176","Waterloo Region DSB","Pub Dist Sch Brd (E/F)",3971,4331,4337,4512,4279,4259,4206,4168,4015,4334,42412
"2014-2015","B67130","Wellington CDSB","Cath Dist Sch Brd (E/F)",440,491,529,532,540,559,597,572,602,599,5461
"2014-2015","B67024","Windsor-Essex CDSB","Cath Dist Sch Brd (E/F)",1024,1142,1185,1229,1357,1390,1389,1475,1536,1604,13331
"2014-2015","B67075","York CDSB","Cath Dist Sch Brd (E/F)",3079,3412,3665,3837,3782,3846,3942,3782,3914,4007,37266
"2014-2015","B66095","York Region DSB","Pub Dist Sch Brd (E/F)",6866,7577,8318,8684,8455,8420,8746,8554,8810,8869,83299
"2015-2016","B28010","Algoma DSB","Pub Dist Sch Brd (E/F)",614,570,648,631,660,641,646,618,665,695,6388
"2015-2016","B67202","Algonquin and Lakeshore CDSB","Cath Dist Sch Brd (E/F)",705,812,813,825,839,787,752,756,700,735,7724
"2015-2016","B66010","Avon Maitland DSB","Pub Dist Sch Brd (E/F)",886,967,1016,1004,1023,1015,1007,1010,1012,1071,10011
"2015-2016","B66001","Bluewater DSB","Pub Dist Sch Brd (E/F)",1079,1194,1108,1186,1147,1109,1134,1132,1084,1107,11280
"2015-2016","B67164","Brant Haldimand Norfolk CDSB","Cath Dist Sch Brd (E/F)",561,594,609,635,627,655,641,666,640,677,6305
"2015-2016","B67008","Bruce-Grey CDSB","Cath Dist Sch Brd (E/F)",286,264,303,262,279,224,277,239,252,225,2611
"2015-2016","B67172","CDSB of Eastern Ontario","Cath Dist Sch Brd (E/F)",712,821,808,836,855,840,848,842,995,979,8536
"2015-2016","B66303","CS Viamonde","Pub Dist Sch Brd (E/F)",1048,1087,1124,1084,1013,930,861,816,626,586,9175
"2015-2016","B28118","CSD du Grand Nord de l'Ontario","Pub Dist Sch Brd (E/F)",196,173,188,185,176,188,154,172,168,143,1743
"2015-2016","B28100","CSD du Nord-Est de l'Ontario","Pub Dist Sch Brd (E/F)",169,169,218,190,193,149,155,128,121,101,1593
"2015-2016","B67318","CSDC Centre-Sud","Cath Dist Sch Brd (E/F)",1348,1400,1429,1467,1329,1319,1275,1111,1136,994,12808
"2015-2016","B29114","CSDC Franco-Nord","Cath Dist Sch Brd (E/F)",209,214,197,194,193,201,164,188,177,223,1960
"2015-2016","B67326","CSDC de l'Est ontarien","Cath Dist Sch Brd (E/F)",747,753,791,762,760,718,733,714,674,655,7307
"2015-2016","B29130","CSDC des Aurores boréales","Cath Dist Sch Brd (E/F)",61,65,70,77,62,77,59,54,67,62,654
"2015-2016","B29106","CSDC des Grandes Rivières","Cath Dist Sch Brd (E/F)",428,426,454,419,388,432,392,391,410,418,4158
"2015-2016","B67334","CSDC du Centre-Est de l'Ontario","Cath Dist Sch Brd (E/F)",1694,1794,1852,1903,1798,1803,1681,1672,1391,1387,16975
"2015-2016","B29122","CSDC du Nouvel-Ontario","Cath Dist Sch Brd (E/F)",494,554,541,529,523,543,478,501,471,454,5088
"2015-2016","B67300","Conseil scolaire catholique Providence","Cath Dist Sch Brd (E/F)",842,800,823,843,821,827,810,760,704,619,7849
"2015-2016","B66311","CÉP de l'Est de l'Ontario","Pub Dist Sch Brd (E/F)",1078,1190,1178,1139,1078,1056,955,886,900,952,10412
"2015-2016","B66150","DSB Niagara","Pub Dist Sch Brd (E/F)",2207,2289,2556,2417,2428,2383,2404,2523,2534,2474,24215
"2015-2016","B28002","DSB Ontario North East","Pub Dist Sch Brd (E/F)",410,426,438,451,387,418,419,442,406,403,4200
"2015-2016","B67083","Dufferin-Peel CDSB","Cath Dist Sch Brd (E/F)",4373,4484,4738,5005,5001,5012,5157,5301,5157,5326,49554
"2015-2016","B67105","Durham CDSB","Cath Dist Sch Brd (E/F)",1239,1400,1501,1453,1494,1420,1500,1474,1477,1487,14445
"2015-2016","B66060","Durham DSB","Pub Dist Sch Brd (E/F)",4403,4586,4824,4700,4831,4900,4882,4859,5003,4844,47832
"2015-2016","B66168","Grand Erie DSB","Pub Dist Sch Brd (E/F)",1627,1759,1756,1807,1765,1753,1757,1735,1821,1760,17540
"2015-2016","B66028","Greater Essex County DSB","Pub Dist Sch Brd (E/F)",2055,2273,2351,2392,2438,2326,2431,2366,2424,2398,23454
"2015-2016","B67113","Halton CDSB","Cath Dist Sch Brd (E/F)",2062,2206,2243,2270,2205,2166,2179,2217,2256,2145,21949
"2015-2016","B66133","Halton DSB","Pub Dist Sch Brd (E/F)",3611,3767,4389,4543,4779,4657,4556,4728,4597,4424,44051
"2015-2016","B67121","Hamilton-Wentworth CDSB","Cath Dist Sch Brd (E/F)",1685,1812,1859,1927,1854,1809,1919,1885,1891,1880,18521
"2015-2016","B66141","Hamilton-Wentworth DSB","Pub Dist Sch Brd (E/F)",3178,3335,3508,3488,3477,3474,3361,3425,3514,3416,34176
"2015-2016","B66222","Hastings & Prince Edward DSB","Pub Dist Sch Brd (E/F)",918,1012,975,1064,1028,1019,1003,1033,1022,1056,10130
"2015-2016","B67016","Huron Perth CDSB","Cath Dist Sch Brd (E/F)",297,321,306,321,319,297,305,313,307,276,3062
"2015-2016","B29025","Huron-Superior CDSB","Cath Dist Sch Brd (E/F)",373,419,351,359,337,339,362,356,350,315,3561
"2015-2016","B66079","Kawartha Pine Ridge DSB","Pub Dist Sch Brd (E/F)",2052,2171,2224,2250,2192,2127,2127,2207,2148,2270,21768
"2015-2016","B28045","Keewatin-Patricia DSB","Pub Dist Sch Brd (E/F)",264,281,281,283,278,254,281,290,301,282,2795
"2015-2016","B29050","Kenora CDSB","Cath Dist Sch Brd (E/F)",108,91,115,122,122,131,115,126,99,117,1146
"2015-2016","B28061","Lakehead DSB","Pub Dist Sch Brd (E/F)",556,631,634,613,583,567,615,582,597,574,5952
"2015-2016","B66036","Lambton Kent DSB","Pub Dist Sch Brd (E/F)",1353,1363,1437,1462,1476,1464,1433,1542,1440,1440,14410
"2015-2016","B66206","Limestone DSB","Pub Dist Sch Brd (E/F)",1239,1287,1337,1332,1312,1281,1306,1275,1310,1386,13065
"2015-2016","B67032","London District Catholic School Board","Cath Dist Sch Brd (E/F)",1135,1163,1149,1214,1235,1237,1228,1202,1290,1233,12086
"2015-2016","B15199","Moose Factory Island DSAB","Public School Board",29,42,47,35,36,36,38,29,NA,10,NA
"2015-2016","B15202","Moosonee DSAB","Public School Board",27,24,33,28,20,26,25,33,16,14,246
"2015-2016","B28037","Near North DSB","Pub Dist Sch Brd (E/F)",641,667,638,699,650,659,662,672,671,716,6675
"2015-2016","B67156","Niagara CDSB","Cath Dist Sch Brd (E/F)",1317,1324,1415,1536,1511,1550,1521,1531,1562,1528,14795
"2015-2016","B29017","Nipissing-Parry Sound CDSB","Cath Dist Sch Brd (E/F)",160,164,200,191,200,176,201,201,211,186,1890
"2015-2016","B29009","Northeastern CDSB","Cath Dist Sch Brd (E/F)",156,136,176,182,202,191,171,163,206,178,1761
"2015-2016","B29041","Northwest CDSB","Cath Dist Sch Brd (E/F)",125,160,151,134,130,138,140,106,91,114,1289
"2015-2016","B67180","Ottawa CDSB","Cath Dist Sch Brd (E/F)",2546,2694,2778,2680,2606,2556,2566,2660,3028,2919,27033
"2015-2016","B66184","Ottawa-Carleton DSB","Pub Dist Sch Brd (E/F)",4335,4630,4705,4849,4799,4843,4758,5037,4728,4835,47519
"2015-2016","B66125","Peel DSB","Pub Dist Sch Brd (E/F)",10163,10550,10974,11439,11516,11690,11495,11337,11261,10979,111404
"2015-2016","B79910","Penetanguishene PSSB","Prot Sep Sch Brd (Sch Auth)",25,18,25,27,28,23,27,22,21,20,236
"2015-2016","B67067","Peterborough Victoria Northumberland and Clarington CDSB","Cath Dist Sch Brd (E/F)",993,1020,997,1021,993,1029,990,1001,1009,955,10008
"2015-2016","B28029","Rainbow DSB","Pub Dist Sch Brd (E/F)",785,837,860,910,846,838,841,844,828,837,8426
"2015-2016","B28053","Rainy River DSB","Pub Dist Sch Brd (E/F)",147,165,168,173,183,171,177,187,182,190,1743
"2015-2016","B67199","Renfrew County CDSB","Cath Dist Sch Brd (E/F)",350,362,388,371,375,318,330,336,351,360,3541
"2015-2016","B66214","Renfrew County DSB","Pub Dist Sch Brd (E/F)",562,636,567,587,616,568,540,607,620,594,5897
"2015-2016","B66109","Simcoe County DSB","Pub Dist Sch Brd (E/F)",3269,3413,3614,3518,3592,3494,3549,3605,3644,3602,35300
"2015-2016","B67091","Simcoe Muskoka CDSB","Cath Dist Sch Brd (E/F)",1222,1302,1375,1407,1392,1441,1391,1370,1400,1391,13691
"2015-2016","B67040","St Clair CDSB","Cath Dist Sch Brd (E/F)",607,626,616,665,561,626,629,629,639,641,6239
"2015-2016","B29033","Sudbury CDSB","Cath Dist Sch Brd (E/F)",385,376,432,389,416,412,369,371,410,459,4019
"2015-2016","B29076","Superior North CDSB","Cath Dist Sch Brd (E/F)",53,70,72,74,78,61,78,85,82,81,734
"2015-2016","B28070","Superior-Greenstone DSB","Pub Dist Sch Brd (E/F)",73,87,73,85,79,91,65,66,75,72,766
"2015-2016","B66044","Thames Valley DSB","Pub Dist Sch Brd (E/F)",4792,4883,5234,5243,5358,5207,4950,5070,5007,5143,50887
"2015-2016","B29068","Thunder Bay CDSB","Cath Dist Sch Brd (E/F)",570,535,564,571,542,521,570,534,564,587,5558
"2015-2016","B67059","Toronto CDSB","Cath Dist Sch Brd (E/F)",5506,5790,6025,6050,6165,6082,6129,6077,6298,6186,60308
"2015-2016","B66052","Toronto DSB","Pub Dist Sch Brd (E/F)",17099,18090,17850,17943,17733,17115,16501,16179,15565,15780,169855
"2015-2016","B66087","Trillium Lakelands DSB","Pub Dist Sch Brd (E/F)",1016,1076,1049,1116,1109,1015,1098,1058,1093,1044,10674
"2015-2016","B66192","Upper Canada DSB","Pub Dist Sch Brd (E/F)",1595,1680,1787,1782,1845,1836,1759,1797,1812,1702,17595
"2015-2016","B66117","Upper Grand DSB","Pub Dist Sch Brd (E/F)",2190,2313,2290,2344,2229,2333,2201,2186,2225,2202,22513
"2015-2016","B67148","Waterloo CDSB","Cath Dist Sch Brd (E/F)",1329,1341,1486,1457,1465,1571,1515,1533,1521,1512,14730
"2015-2016","B66176","Waterloo Region DSB","Pub Dist Sch Brd (E/F)",3869,4298,4349,4324,4471,4276,4252,4258,4186,4073,42356
"2015-2016","B67130","Wellington CDSB","Cath Dist Sch Brd (E/F)",462,480,503,546,539,543,583,604,598,608,5466
"2015-2016","B67024","Windsor-Essex CDSB","Cath Dist Sch Brd (E/F)",1094,1114,1207,1230,1253,1379,1420,1406,1508,1570,13181
"2015-2016","B67075","York CDSB","Cath Dist Sch Brd (E/F)",3032,3246,3601,3723,3858,3759,3864,3992,3783,3930,36788
"2015-2016","B66095","York Region DSB","Pub Dist Sch Brd (E/F)",6801,7366,8342,8477,8869,8674,8620,8880,8725,8996,83750
"2016-2017","B28010","Algoma DSB","Pub Dist Sch Brd (E/F)",596,619,569,627,635,650,651,639,628,697,6311
"2016-2017","B67202","Algonquin and Lakeshore CDSB","Cath Dist Sch Brd (E/F)",779,751,814,806,826,830,791,745,738,704,7784
"2016-2017","B66010","Avon Maitland DSB","Pub Dist Sch Brd (E/F)",880,956,977,1037,1026,1028,1059,1023,1048,1040,10074
"2016-2017","B66001","Bluewater DSB","Pub Dist Sch Brd (E/F)",1116,1142,1204,1141,1198,1173,1118,1148,1161,1097,11498
"2016-2017","B67164","Brant Haldimand Norfolk CDSB","Cath Dist Sch Brd (E/F)",608,601,631,617,658,647,662,654,675,658,6411
"2016-2017","B67008","Bruce-Grey CDSB","Cath Dist Sch Brd (E/F)",257,307,278,313,280,281,238,285,247,253,2739
"2016-2017","B67172","CDSB of Eastern Ontario","Cath Dist Sch Brd (E/F)",782,756,875,822,847,872,837,861,978,1024,8654
"2016-2017","B66303","CS Viamonde","Pub Dist Sch Brd (E/F)",1054,1099,1123,1122,1058,995,923,855,699,631,9559
"2016-2017","B67318","CS catholique MonAvenir","Cath Dist Sch Brd (E/F)",1378,1437,1429,1433,1474,1349,1299,1264,1114,1128,13305
"2016-2017","B28118","CS public du Grand Nord de l'Ontario","Pub Dist Sch Brd (E/F)",197,199,179,180,187,170,196,152,191,170,1821
"2016-2017","B28100","CSD du Nord-Est de l'Ontario","Pub Dist Sch Brd (E/F)",194,183,170,209,193,195,155,154,100,120,1673
"2016-2017","B29114","CSDC Franco-Nord","Cath Dist Sch Brd (E/F)",200,203,214,197,197,192,198,160,203,171,1935
"2016-2017","B67326","CSDC de l'Est ontarien","Cath Dist Sch Brd (E/F)",722,755,765,790,762,762,739,727,682,657,7361
"2016-2017","B29130","CSDC des Aurores boréales","Cath Dist Sch Brd (E/F)",70,68,70,68,73,64,69,56,64,69,671
"2016-2017","B29106","CSDC des Grandes Rivières","Cath Dist Sch Brd (E/F)",410,434,416,444,408,389,424,393,386,400,4104
"2016-2017","B67334","CSDC du Centre-Est de l'Ontario","Cath Dist Sch Brd (E/F)",1772,1762,1862,1858,1914,1817,1808,1723,1604,1432,17552
"2016-2017","B29122","CSDC du Nouvel-Ontario","Cath Dist Sch Brd (E/F)",518,493,538,539,518,522,526,481,468,481,5084
"2016-2017","B67300","Conseil scolaire catholique Providence","Cath Dist Sch Brd (E/F)",860,862,803,820,820,806,825,799,770,698,8063
"2016-2017","B66311","CÉP de l'Est de l'Ontario","Pub Dist Sch Brd (E/F)",1126,1156,1229,1211,1190,1085,1078,976,928,893,10872
"2016-2017","B66150","DSB Niagara","Pub Dist Sch Brd (E/F)",2251,2328,2380,2626,2499,2516,2473,2481,2596,2596,24746
"2016-2017","B28002","DSB Ontario North East","Pub Dist Sch Brd (E/F)",397,411,435,441,425,403,429,391,431,402,4165
"2016-2017","B67083","Dufferin-Peel CDSB","Cath Dist Sch Brd (E/F)",4346,4556,4654,4837,5088,5071,5074,5226,5355,5193,49400
"2016-2017","B67105","Durham CDSB","Cath Dist Sch Brd (E/F)",1244,1315,1486,1550,1482,1523,1438,1532,1494,1494,14558
"2016-2017","B66060","Durham DSB","Pub Dist Sch Brd (E/F)",4364,4603,4844,4949,4845,4956,4989,4997,4969,5075,48591
"2016-2017","B66168","Grand Erie DSB","Pub Dist Sch Brd (E/F)",1623,1780,1797,1768,1848,1766,1768,1767,1769,1829,17715
"2016-2017","B66028","Greater Essex County DSB","Pub Dist Sch Brd (E/F)",2182,2274,2316,2411,2461,2532,2403,2515,2399,2478,23971
"2016-2017","B67113","Halton CDSB","Cath Dist Sch Brd (E/F)",2040,2195,2251,2306,2332,2269,2214,2200,2236,2301,22344
"2016-2017","B66133","Halton DSB","Pub Dist Sch Brd (E/F)",3532,3902,4147,4541,4688,4950,4791,4755,4883,4691,44880
"2016-2017","B67121","Hamilton-Wentworth CDSB","Cath Dist Sch Brd (E/F)",1665,1777,1831,1893,1954,1898,1810,1912,1908,1895,18543
"2016-2017","B66141","Hamilton-Wentworth DSB","Pub Dist Sch Brd (E/F)",3419,3417,3471,3574,3579,3571,3531,3431,3485,3630,35108
"2016-2017","B66222","Hastings & Prince Edward DSB","Pub Dist Sch Brd (E/F)",911,978,1030,990,1079,1056,1037,1006,1060,1027,10174
"2016-2017","B67016","Huron Perth CDSB","Cath Dist Sch Brd (E/F)",350,300,326,306,328,318,300,302,300,302,3132
"2016-2017","B29025","Huron-Superior CDSB","Cath Dist Sch Brd (E/F)",371,376,418,360,359,345,336,356,340,343,3604
"2016-2017","B66079","Kawartha Pine Ridge DSB","Pub Dist Sch Brd (E/F)",2094,2231,2234,2281,2292,2229,2160,2175,2230,2184,22110
"2016-2017","B28045","Keewatin-Patricia DSB","Pub Dist Sch Brd (E/F)",281,278,272,285,284,290,263,285,286,290,2814
"2016-2017","B29050","Kenora CDSB","Cath Dist Sch Brd (E/F)",84,110,91,109,126,121,122,123,115,98,1099
"2016-2017","B28061","Lakehead DSB","Pub Dist Sch Brd (E/F)",612,590,626,630,606,590,570,626,567,593,6010
"2016-2017","B66036","Lambton Kent DSB","Pub Dist Sch Brd (E/F)",1361,1425,1400,1454,1485,1504,1491,1444,1550,1485,14599
"2016-2017","B66206","Limestone DSB","Pub Dist Sch Brd (E/F)",1271,1282,1312,1340,1342,1333,1304,1310,1330,1308,13132
"2016-2017","B67032","London District Catholic School Board","Cath Dist Sch Brd (E/F)",1208,1212,1236,1207,1274,1287,1296,1262,1241,1312,12535
"2016-2017","B15199","Moose Factory Island DSAB","Public School Board",47,34,43,49,30,36,30,37,NA,10,NA
"2016-2017","B15202","Moosonee DSAB","Public School Board",26,27,27,26,27,24,33,22,33,19,264
"2016-2017","B28037","Near North DSB","Pub Dist Sch Brd (E/F)",589,663,666,647,688,640,664,653,700,686,6596
"2016-2017","B67156","Niagara CDSB","Cath Dist Sch Brd (E/F)",1314,1357,1394,1440,1534,1521,1552,1520,1527,1583,14742
"2016-2017","B29017","Nipissing-Parry Sound CDSB","Cath Dist Sch Brd (E/F)",155,161,167,200,198,207,186,197,184,210,1865
"2016-2017","B29009","Northeastern CDSB","Cath Dist Sch Brd (E/F)",175,171,140,187,189,206,194,172,175,204,1813
"2016-2017","B29041","Northwest CDSB","Cath Dist Sch Brd (E/F)",126,129,161,156,132,129,139,137,101,84,1294
"2016-2017","B67180","Ottawa CDSB","Cath Dist Sch Brd (E/F)",2657,2693,2792,2840,2757,2708,2656,2659,2976,3192,27930
"2016-2017","B66184","Ottawa-Carleton DSB","Pub Dist Sch Brd (E/F)",4358,4705,4841,4816,4941,4942,4941,4834,4869,4905,48152
"2016-2017","B66125","Peel DSB","Pub Dist Sch Brd (E/F)",10521,10694,11073,11265,11689,11693,11911,11720,11560,11530,113656
"2016-2017","B79910","Penetanguishene PSSB","Prot Sep Sch Brd (Sch Auth)",23,23,17,28,26,27,24,25,24,21,238
"2016-2017","B67067","Peterborough Victoria Northumberland and Clarington CDSB","Cath Dist Sch Brd (E/F)",964,1008,1041,1016,1053,1026,1052,1014,1012,1025,10211
"2016-2017","B28029","Rainbow DSB","Pub Dist Sch Brd (E/F)",793,821,844,864,906,870,846,868,859,855,8526
"2016-2017","B28053","Rainy River DSB","Pub Dist Sch Brd (E/F)",149,152,170,171,175,184,179,180,199,182,1741
"2016-2017","B67199","Renfrew County CDSB","Cath Dist Sch Brd (E/F)",356,378,370,395,374,373,314,332,339,355,3586
"2016-2017","B66214","Renfrew County DSB","Pub Dist Sch Brd (E/F)",613,576,629,573,592,621,591,541,613,604,5953
"2016-2017","B66109","Simcoe County DSB","Pub Dist Sch Brd (E/F)",3366,3460,3567,3732,3626,3710,3641,3651,3664,3710,36127
"2016-2017","B67091","Simcoe Muskoka CDSB","Cath Dist Sch Brd (E/F)",1238,1330,1375,1448,1468,1412,1421,1417,1407,1442,13958
"2016-2017","B67040","St Clair CDSB","Cath Dist Sch Brd (E/F)",571,616,640,638,669,568,632,633,622,633,6222
"2016-2017","B29033","Sudbury CDSB","Cath Dist Sch Brd (E/F)",391,391,386,429,389,418,405,372,396,414,3991
"2016-2017","B29076","Superior North CDSB","Cath Dist Sch Brd (E/F)",62,55,68,69,78,76,67,79,85,83,722
"2016-2017","B28070","Superior-Greenstone DSB","Pub Dist Sch Brd (E/F)",76,79,93,70,89,83,86,68,71,77,792
"2016-2017","B66044","Thames Valley DSB","Pub Dist Sch Brd (E/F)",4766,5201,5049,5387,5376,5512,5313,5090,5216,5132,52042
"2016-2017","B29068","Thunder Bay CDSB","Cath Dist Sch Brd (E/F)",524,595,542,566,567,551,525,566,532,571,5539
"2016-2017","B67059","Toronto CDSB","Cath Dist Sch Brd (E/F)",5806,5751,6014,6141,6140,6243,6176,6283,6187,6418,61159
"2016-2017","B66052","Toronto DSB","Pub Dist Sch Brd (E/F)",17660,17797,17994,17764,17729,17659,16963,16318,15922,15827,171633
"2016-2017","B66087","Trillium Lakelands DSB","Pub Dist Sch Brd (E/F)",1001,1067,1129,1063,1135,1112,1037,1130,1080,1118,10872
"2016-2017","B66192","Upper Canada DSB","Pub Dist Sch Brd (E/F)",1636,1670,1698,1807,1814,1861,1872,1776,1747,1831,17712
"2016-2017","B66117","Upper Grand DSB","Pub Dist Sch Brd (E/F)",2336,2347,2368,2308,2392,2242,2355,2212,2253,2281,23094
"2016-2017","B67148","Waterloo CDSB","Cath Dist Sch Brd (E/F)",1406,1419,1433,1546,1522,1529,1622,1559,1547,1538,15121
"2016-2017","B66176","Waterloo Region DSB","Pub Dist Sch Brd (E/F)",3937,4226,4435,4409,4363,4549,4350,4357,4313,4305,43244
"2016-2017","B67130","Wellington CDSB","Cath Dist Sch Brd (E/F)",445,492,495,532,567,559,554,592,627,604,5467
"2016-2017","B67024","Windsor-Essex CDSB","Cath Dist Sch Brd (E/F)",1167,1158,1165,1252,1254,1285,1396,1436,1446,1527,13086
"2016-2017","B67075","York CDSB","Cath Dist Sch Brd (E/F)",3031,3176,3446,3672,3768,3908,3800,3867,3983,3797,36448
"2016-2017","B66095","York Region DSB","Pub Dist Sch Brd (E/F)",7240,7267,8175,8485,8630,9089,8793,8778,8979,8905,84341
"2017-2018","B28010","Algoma DSB","Pub Dist Sch Brd (E/F)",612,621,628,594,646,662,670,661,645,672,6411
"2017-2018","B67202","Algonquin and Lakeshore CDSB","Cath Dist Sch Brd (E/F)",712,822,773,835,823,831,857,800,734,751,7938
"2017-2018","B66010","Avon Maitland DSB","Pub Dist Sch Brd (E/F)",948,933,966,981,1064,1046,1045,1070,1049,1064,10166
"2017-2018","B66001","Bluewater DSB","Pub Dist Sch Brd (E/F)",1137,1198,1199,1237,1168,1230,1194,1151,1172,1174,11860
"2017-2018","B67164","Brant Haldimand Norfolk CDSB","Cath Dist Sch Brd (E/F)",611,651,636,657,632,689,650,686,660,692,6564
"2017-2018","B67008","Bruce-Grey CDSB","Cath Dist Sch Brd (E/F)",289,273,312,287,309,286,287,248,288,246,2825
"2017-2018","B67172","CDSB of Eastern Ontario","Cath Dist Sch Brd (E/F)",800,823,791,887,838,872,883,844,976,950,8664
"2017-2018","B66303","CS Viamonde","Pub Dist Sch Brd (E/F)",1104,1128,1119,1104,1134,1027,1006,904,750,713,9989
"2017-2018","B67318","CS catholique MonAvenir","Cath Dist Sch Brd (E/F)",1368,1431,1440,1446,1432,1466,1320,1299,1289,1100,13591
"2017-2018","B28118","CS public du Grand Nord de l'Ontario","Pub Dist Sch Brd (E/F)",207,201,194,182,190,190,178,205,144,184,1875
"2017-2018","B28100","CSD du Nord-Est de l'Ontario","Pub Dist Sch Brd (E/F)",176,193,190,171,205,184,196,156,129,94,1694
"2017-2018","B29114","CSDC Franco-Nord","Cath Dist Sch Brd (E/F)",212,204,199,208,199,190,191,197,179,197,1976
"2017-2018","B67326","CSDC de l'Est ontarien","Cath Dist Sch Brd (E/F)",758,725,766,756,775,762,778,718,678,670,7386
"2017-2018","B29130","CSDC des Aurores boréales","Cath Dist Sch Brd (E/F)",68,69,74,71,71,76,61,73,63,62,688
"2017-2018","B29106","CSDC des Grandes Rivières","Cath Dist Sch Brd (E/F)",448,420,427,406,436,401,381,422,382,393,4116
"2017-2018","B67334","CSDC du Centre-Est de l'Ontario","Cath Dist Sch Brd (E/F)",1821,1908,1843,1908,1918,1979,1878,1829,1677,1654,18415
"2017-2018","B29122","CSDC du Nouvel-Ontario","Cath Dist Sch Brd (E/F)",474,511,486,529,518,510,514,509,462,484,4997
"2017-2018","B67300","Conseil scolaire catholique Providence","Cath Dist Sch Brd (E/F)",822,867,855,796,813,817,794,817,778,768,8127
"2017-2018","B66311","CÉP de l'Est de l'Ontario","Pub Dist Sch Brd (E/F)",1237,1228,1201,1285,1223,1210,1126,1081,980,947,11518
"2017-2018","B66150","DSB Niagara","Pub Dist Sch Brd (E/F)",2274,2375,2403,2471,2685,2571,2574,2535,2550,2652,25090
"2017-2018","B28002","DSB Ontario North East","Pub Dist Sch Brd (E/F)",396,411,421,434,420,435,417,413,401,422,4170
"2017-2018","B67083","Dufferin-Peel CDSB","Cath Dist Sch Brd (E/F)",4178,4564,4679,4758,4890,5167,5128,5118,5226,5388,49096
"2017-2018","B67105","Durham CDSB","Cath Dist Sch Brd (E/F)",1268,1321,1367,1515,1584,1505,1539,1449,1540,1509,14597
"2017-2018","B66060","Durham DSB","Pub Dist Sch Brd (E/F)",4322,4577,4892,4921,5088,4943,5067,5104,5075,5048,49037
"2017-2018","B66168","Grand Erie DSB","Pub Dist Sch Brd (E/F)",1642,1701,1797,1836,1784,1873,1794,1808,1780,1797,17812
"2017-2018","B66028","Greater Essex County DSB","Pub Dist Sch Brd (E/F)",2078,2396,2342,2427,2500,2561,2633,2487,2599,2501,24524
"2017-2018","B67113","Halton CDSB","Cath Dist Sch Brd (E/F)",2083,2148,2306,2309,2350,2384,2318,2253,2242,2280,22673
"2017-2018","B66133","Halton DSB","Pub Dist Sch Brd (E/F)",3497,3803,4193,4314,4634,4825,5059,4943,4861,4977,45106
"2017-2018","B67121","Hamilton-Wentworth CDSB","Cath Dist Sch Brd (E/F)",1774,1745,1812,1870,1927,1966,1920,1834,1941,1912,18701
"2017-2018","B66141","Hamilton-Wentworth DSB","Pub Dist Sch Brd (E/F)",3410,3588,3535,3505,3596,3617,3608,3574,3518,3591,35542
"2017-2018","B66222","Hastings & Prince Edward DSB","Pub Dist Sch Brd (E/F)",986,974,1001,1040,1001,1109,1061,1061,1036,1079,10348
"2017-2018","B67016","Huron Perth CDSB","Cath Dist Sch Brd (E/F)",303,362,318,339,312,334,323,305,293,301,3190
"2017-2018","B29025","Huron-Superior CDSB","Cath Dist Sch Brd (E/F)",360,387,381,400,372,348,339,329,340,342,3598
"2017-2018","B66079","Kawartha Pine Ridge DSB","Pub Dist Sch Brd (E/F)",2292,2230,2315,2286,2319,2377,2301,2227,2201,2259,22807
"2017-2018","B28045","Keewatin-Patricia DSB","Pub Dist Sch Brd (E/F)",268,295,279,278,291,284,290,266,300,292,2843
"2017-2018","B29050","Kenora CDSB","Cath Dist Sch Brd (E/F)",64,92,104,92,107,128,118,118,114,107,1044
"2017-2018","B28061","Lakehead DSB","Pub Dist Sch Brd (E/F)",595,636,593,630,639,616,610,587,616,564,6086
"2017-2018","B66036","Lambton Kent DSB","Pub Dist Sch Brd (E/F)",1283,1395,1442,1414,1471,1487,1547,1527,1463,1564,14593
"2017-2018","B66206","Limestone DSB","Pub Dist Sch Brd (E/F)",1212,1302,1269,1295,1336,1344,1336,1297,1331,1333,13055
"2017-2018","B67032","London District Catholic School Board","Cath Dist Sch Brd (E/F)",1295,1321,1298,1316,1281,1359,1351,1367,1326,1266,13180
"2017-2018","B15199","Moose Factory Island DSAB","Public School Board",31,40,32,44,42,29,33,31,11,7,300
"2017-2018","B15202","Moosonee DSAB","Public School Board",23,32,26,30,26,28,26,34,22,32,279
"2017-2018","B28037","Near North DSB","Pub Dist Sch Brd (E/F)",603,622,670,687,672,700,657,678,663,717,6669
"2017-2018","B67156","Niagara CDSB","Cath Dist Sch Brd (E/F)",1247,1334,1382,1395,1465,1533,1524,1515,1508,1545,14448
"2017-2018","B29017","Nipissing-Parry Sound CDSB","Cath Dist Sch Brd (E/F)",156,161,170,173,197,215,209,191,200,184,1856
"2017-2018","B29009","Northeastern CDSB","Cath Dist Sch Brd (E/F)",150,185,167,147,188,197,216,201,198,173,1822
"2017-2018","B29041","Northwest CDSB","Cath Dist Sch Brd (E/F)",128,129,123,165,160,123,128,137,128,90,1311
"2017-2018","B67180","Ottawa CDSB","Cath Dist Sch Brd (E/F)",2603,2840,2801,2916,2913,2873,2761,2732,2983,3104,28526
"2017-2018","B66184","Ottawa-Carleton DSB","Pub Dist Sch Brd (E/F)",4470,4678,4853,4910,4975,5048,5058,5104,4753,5087,48936
"2017-2018","B66125","Peel DSB","Pub Dist Sch Brd (E/F)",10266,10948,11072,11257,11404,11864,11762,12002,11890,11786,114251
"2017-2018","B79910","Penetanguishene PSSB","Prot Sep Sch Brd (Sch Auth)",33,32,29,17,32,29,31,29,30,28,290
"2017-2018","B67067","Peterborough Victoria Northumberland and Clarington CDSB","Cath Dist Sch Brd (E/F)",979,1020,1029,1069,1037,1086,1047,1057,1022,1012,10358
"2017-2018","B28029","Rainbow DSB","Pub Dist Sch Brd (E/F)",803,820,842,863,885,917,889,865,861,878,8623
"2017-2018","B28053","Rainy River DSB","Pub Dist Sch Brd (E/F)",159,170,156,180,168,184,186,176,190,202,1771
"2017-2018","B67199","Renfrew County CDSB","Cath Dist Sch Brd (E/F)",384,367,378,369,399,375,385,325,345,363,3690
"2017-2018","B66214","Renfrew County DSB","Pub Dist Sch Brd (E/F)",624,614,580,613,576,597,611,601,546,600,5962
"2017-2018","B66109","Simcoe County DSB","Pub Dist Sch Brd (E/F)",3262,3537,3580,3641,3812,3685,3778,3716,3718,3737,36466
"2017-2018","B67091","Simcoe Muskoka CDSB","Cath Dist Sch Brd (E/F)",1337,1356,1402,1448,1529,1528,1468,1473,1478,1450,14469
"2017-2018","B67040","St Clair CDSB","Cath Dist Sch Brd (E/F)",573,574,634,642,642,676,569,621,637,625,6193
"2017-2018","B29033","Sudbury CDSB","Cath Dist Sch Brd (E/F)",398,403,397,397,430,399,419,399,409,404,4055
"2017-2018","B29076","Superior North CDSB","Cath Dist Sch Brd (E/F)",65,63,58,69,70,79,79,62,77,86,708
"2017-2018","B28070","Superior-Greenstone DSB","Pub Dist Sch Brd (E/F)",64,77,82,90,69,86,77,85,67,70,767
"2017-2018","B66044","Thames Valley DSB","Pub Dist Sch Brd (E/F)",4919,5253,5432,5242,5552,5584,5671,5504,5278,5392,53827
"2017-2018","B29068","Thunder Bay CDSB","Cath Dist Sch Brd (E/F)",514,525,597,529,570,563,541,533,557,541,5470
"2017-2018","B67059","Toronto CDSB","Cath Dist Sch Brd (E/F)",5726,5982,5965,6159,6248,6214,6309,6304,6376,6275,61558
"2017-2018","B66052","Toronto DSB","Pub Dist Sch Brd (E/F)",17174,18232,17745,17775,17618,17691,17642,16784,16018,16288,172967
"2017-2018","B66087","Trillium Lakelands DSB","Pub Dist Sch Brd (E/F)",1003,1087,1117,1163,1106,1146,1132,1044,1132,1090,11020
"2017-2018","B66192","Upper Canada DSB","Pub Dist Sch Brd (E/F)",1678,1730,1746,1701,1826,1822,1898,1900,1743,1824,17868
"2017-2018","B66117","Upper Grand DSB","Pub Dist Sch Brd (E/F)",2254,2447,2373,2375,2346,2421,2270,2395,2259,2249,23389
"2017-2018","B67148","Waterloo CDSB","Cath Dist Sch Brd (E/F)",1454,1559,1536,1517,1613,1590,1592,1706,1593,1560,15720
"2017-2018","B66176","Waterloo Region DSB","Pub Dist Sch Brd (E/F)",3934,4349,4350,4491,4484,4464,4666,4437,4408,4470,44053
"2017-2018","B67130","Wellington CDSB","Cath Dist Sch Brd (E/F)",498,463,524,523,544,597,574,564,601,622,5510
"2017-2018","B67024","Windsor-Essex CDSB","Cath Dist Sch Brd (E/F)",1119,1226,1209,1222,1296,1307,1316,1430,1487,1479,13091
"2017-2018","B67075","York CDSB","Cath Dist Sch Brd (E/F)",2739,3086,3364,3476,3675,3783,3925,3793,3834,3971,35646
"2017-2018","B66095","York Region DSB","Pub Dist Sch Brd (E/F)",6488,7772,8033,8358,8706,8821,9281,8998,8952,9099,84508
"2018-2019","B28010","Algoma DSB","Pub Dist Sch Brd (E/F)",655,640,625,650,595,655,670,670,680,700,6535
"2018-2019","B67202","Algonquin and Lakeshore CDSB","Cath Dist Sch Brd (E/F)",745,750,820,780,845,835,820,860,750,740,7945
"2018-2019","B66010","Avon Maitland DSB","Pub Dist Sch Brd (E/F)",980,985,940,975,990,1050,1050,1060,1085,1075,10195
"2018-2019","B66001","Bluewater DSB","Pub Dist Sch Brd (E/F)",1205,1220,1245,1235,1270,1190,1265,1210,1160,1195,12195
"2018-2019","B67164","Brant Haldimand Norfolk CDSB","Cath Dist Sch Brd (E/F)",630,645,695,660,660,645,700,665,695,665,6665
"2018-2019","B67008","Bruce-Grey CDSB","Cath Dist Sch Brd (E/F)",340,300,280,310,290,320,290,290,255,285,2955
"2018-2019","B67172","CDSB of Eastern Ontario","Cath Dist Sch Brd (E/F)",790,835,845,815,920,860,915,910,985,1010,8885
"2018-2019","B66303","CS Viamonde","Pub Dist Sch Brd (E/F)",1205,1170,1170,1135,1125,1135,1025,995,785,735,10485
"2018-2019","B67318","CS catholique MonAvenir","Cath Dist Sch Brd (E/F)",1300,1405,1420,1410,1415,1410,1410,1300,1315,1285,13675
"2018-2019","B28118","CS public du Grand Nord de l'Ontario","Pub Dist Sch Brd (E/F)",200,200,200,195,180,185,190,170,200,150,1870
"2018-2019","B28100","CSD du Nord-Est de l'Ontario","Pub Dist Sch Brd (E/F)",205,185,185,190,170,195,170,195,125,110,1725
"2018-2019","B29114","CSDC Franco-Nord","Cath Dist Sch Brd (E/F)",170,210,200,195,205,200,185,180,220,175,1935
"2018-2019","B67326","CSDC de l'Est ontarien","Cath Dist Sch Brd (E/F)",775,770,745,765,755,775,765,750,705,670,7485
"2018-2019","B29130","CSDC des Aurores boréales","Cath Dist Sch Brd (E/F)",70,70,70,75,65,70,75,65,80,65,705
"2018-2019","B29106","CSDC des Grandes Rivières","Cath Dist Sch Brd (E/F)",425,435,415,415,395,430,395,380,410,390,4090
"2018-2019","B67334","CSDC du Centre-Est de l'Ontario","Cath Dist Sch Brd (E/F)",1845,1920,1970,1895,1930,1960,1990,1890,1725,1695,18815
"2018-2019","B29122","CSDC du Nouvel-Ontario","Cath Dist Sch Brd (E/F)",540,485,495,485,520,505,495,510,490,450,4965
"2018-2019","B67300","Conseil scolaire catholique Providence","Cath Dist Sch Brd (E/F)",885,840,865,840,795,795,800,770,800,770,8165
"2018-2019","B66311","CÉP de l'Est de l'Ontario","Pub Dist Sch Brd (E/F)",1260,1335,1315,1240,1295,1225,1235,1130,1115,1030,12180
"2018-2019","B66150","DSB Niagara","Pub Dist Sch Brd (E/F)",2410,2375,2545,2475,2545,2725,2630,2655,2620,2595,25580
"2018-2019","B28002","DSB Ontario North East","Pub Dist Sch Brd (E/F)",380,420,430,430,415,455,430,390,425,405,4180
"2018-2019","B67083","Dufferin-Peel CDSB","Cath Dist Sch Brd (E/F)",4255,4390,4730,4795,4870,5000,5230,5225,5135,5255,48885
"2018-2019","B67105","Durham CDSB","Cath Dist Sch Brd (E/F)",1350,1340,1400,1420,1570,1635,1565,1580,1485,1565,14915
"2018-2019","B66060","Durham DSB","Pub Dist Sch Brd (E/F)",4355,4530,4915,5050,5075,5220,5090,5215,5205,5180,49835
"2018-2019","B66168","Grand Erie DSB","Pub Dist Sch Brd (E/F)",1675,1740,1705,1825,1855,1825,1910,1825,1825,1810,17995
"2018-2019","B66028","Greater Essex County DSB","Pub Dist Sch Brd (E/F)",2130,2240,2440,2410,2485,2595,2630,2660,2525,2665,24780
"2018-2019","B67113","Halton CDSB","Cath Dist Sch Brd (E/F)",2110,2190,2305,2335,2395,2430,2475,2390,2290,2290,23215
"2018-2019","B66133","Halton DSB","Pub Dist Sch Brd (E/F)",3595,3800,4090,4475,4475,4850,4990,5225,5100,4995,45605
"2018-2019","B67121","Hamilton-Wentworth CDSB","Cath Dist Sch Brd (E/F)",1720,1825,1785,1860,1900,1955,2005,1925,1875,1960,18820
"2018-2019","B66141","Hamilton-Wentworth DSB","Pub Dist Sch Brd (E/F)",3455,3560,3680,3555,3520,3605,3635,3655,3640,3595,35900
"2018-2019","B66222","Hastings & Prince Edward DSB","Pub Dist Sch Brd (E/F)",870,1025,990,1025,1050,1060,1125,1085,1095,1050,10370
"2018-2019","B67016","Huron Perth CDSB","Cath Dist Sch Brd (E/F)",320,320,370,320,350,320,340,320,300,295,3255
"2018-2019","B29025","Huron-Superior CDSB","Cath Dist Sch Brd (E/F)",335,365,400,380,410,365,360,350,325,330,3615
"2018-2019","B66079","Kawartha Pine Ridge DSB","Pub Dist Sch Brd (E/F)",2320,2490,2300,2340,2305,2360,2410,2325,2260,2215,23330
"2018-2019","B28045","Keewatin-Patricia DSB","Pub Dist Sch Brd (E/F)",270,275,290,275,285,295,285,300,295,290,2850
"2018-2019","B29050","Kenora CDSB","Cath Dist Sch Brd (E/F)",70,70,95,110,95,105,125,120,110,115,1020
"2018-2019","B28061","Lakehead DSB","Pub Dist Sch Brd (E/F)",640,635,630,595,640,635,620,595,580,610,6185
"2018-2019","B66036","Lambton Kent DSB","Pub Dist Sch Brd (E/F)",1365,1345,1435,1445,1440,1530,1505,1555,1550,1495,14665
"2018-2019","B66206","Limestone DSB","Pub Dist Sch Brd (E/F)",1240,1265,1310,1290,1310,1350,1355,1345,1365,1350,13180
"2018-2019","B67032","London District Catholic School Board","Cath Dist Sch Brd (E/F)",1370,1375,1390,1380,1365,1365,1400,1405,1405,1370,13825
"2018-2019","B15199","Moose Factory Island DSAB","Public School Board",30,35,45,30,45,45,30,35,NA,NA,310
"2018-2019","B15202","Moosonee DSAB","Public School Board",25,25,30,25,30,25,30,25,NA,NA,260
"2018-2019","B28037","Near North DSB","Pub Dist Sch Brd (E/F)",620,630,620,680,675,695,720,675,680,705,6700
"2018-2019","B67156","Niagara CDSB","Cath Dist Sch Brd (E/F)",1275,1330,1370,1420,1410,1495,1545,1505,1495,1520,14365
"2018-2019","B29017","Nipissing-Parry Sound CDSB","Cath Dist Sch Brd (E/F)",175,170,170,165,175,200,205,205,180,195,1840
"2018-2019","B29009","Northeastern CDSB","Cath Dist Sch Brd (E/F)",155,165,205,175,160,185,220,220,205,185,1875
"2018-2019","B29041","Northwest CDSB","Cath Dist Sch Brd (E/F)",105,130,120,125,160,160,120,110,125,115,1270
"2018-2019","B67180","Ottawa CDSB","Cath Dist Sch Brd (E/F)",2585,2815,2990,2960,3060,3045,3015,2845,3095,3140,29545
"2018-2019","B66184","Ottawa-Carleton DSB","Pub Dist Sch Brd (E/F)",4485,4750,4850,4970,5020,5095,5210,5190,5015,4955,49535
"2018-2019","B66125","Peel DSB","Pub Dist Sch Brd (E/F)",10145,10850,11460,11345,11480,11585,12090,11875,12200,12065,115100
"2018-2019","B79910","Penetanguishene PSSB","Prot Sep Sch Brd (Sch Auth)",55,35,35,30,25,35,30,35,30,35,345
"2018-2019","B67067","Peterborough Victoria Northumberland and Clarington CDSB","Cath Dist Sch Brd (E/F)",980,990,1030,1030,1090,1055,1080,1045,1040,1015,10350
"2018-2019","B28029","Rainbow DSB","Pub Dist Sch Brd (E/F)",855,850,860,880,880,910,945,910,870,905,8870
"2018-2019","B28053","Rainy River DSB","Pub Dist Sch Brd (E/F)",140,170,170,160,180,165,190,185,180,195,1740
"2018-2019","B67199","Renfrew County CDSB","Cath Dist Sch Brd (E/F)",375,405,375,375,375,400,375,380,320,360,3735
"2018-2019","B66214","Renfrew County DSB","Pub Dist Sch Brd (E/F)",580,620,610,570,615,585,595,600,610,535,5935
"2018-2019","B66109","Simcoe County DSB","Pub Dist Sch Brd (E/F)",3625,3505,3640,3660,3730,3885,3775,3845,3765,3780,37205
"2018-2019","B67091","Simcoe Muskoka CDSB","Cath Dist Sch Brd (E/F)",1315,1420,1415,1445,1505,1575,1575,1490,1530,1510,14780
"2018-2019","B67040","St Clair CDSB","Cath Dist Sch Brd (E/F)",510,595,585,640,645,645,670,580,615,625,6115
"2018-2019","B29033","Sudbury CDSB","Cath Dist Sch Brd (E/F)",380,425,415,385,405,435,385,425,430,425,4105
"2018-2019","B29076","Superior North CDSB","Cath Dist Sch Brd (E/F)",55,65,60,65,75,65,75,75,65,70,665
"2018-2019","B28070","Superior-Greenstone DSB","Pub Dist Sch Brd (E/F)",70,65,80,80,90,70,90,80,80,65,770
"2018-2019","B66044","Thames Valley DSB","Pub Dist Sch Brd (E/F)",5065,5340,5430,5565,5400,5660,5740,5825,5660,5395,55080
"2018-2019","B29068","Thunder Bay CDSB","Cath Dist Sch Brd (E/F)",510,530,535,585,530,570,565,555,525,570,5470
"2018-2019","B67059","Toronto CDSB","Cath Dist Sch Brd (E/F)",5915,6000,6225,6135,6295,6345,6410,6500,6405,6485,62715
"2018-2019","B66052","Toronto DSB","Pub Dist Sch Brd (E/F)",17010,17775,18300,17545,17645,17580,17520,17430,16325,16360,173485
"2018-2019","B66087","Trillium Lakelands DSB","Pub Dist Sch Brd (E/F)",1015,1065,1110,1120,1160,1120,1165,1145,1060,1130,11080
"2018-2019","B66192","Upper Canada DSB","Pub Dist Sch Brd (E/F)",1605,1735,1780,1775,1730,1845,1840,1920,1835,1765,17830
"2018-2019","B66117","Upper Grand DSB","Pub Dist Sch Brd (E/F)",2300,2340,2475,2385,2400,2390,2425,2310,2425,2290,23745
"2018-2019","B67148","Waterloo CDSB","Cath Dist Sch Brd (E/F)",1525,1595,1635,1615,1590,1680,1660,1640,1725,1615,16285
"2018-2019","B66176","Waterloo Region DSB","Pub Dist Sch Brd (E/F)",4095,4295,4450,4435,4535,4545,4510,4745,4505,4495,44610
"2018-2019","B67130","Wellington CDSB","Cath Dist Sch Brd (E/F)",555,540,495,555,545,565,635,590,590,605,5665
"2018-2019","B67024","Windsor-Essex CDSB","Cath Dist Sch Brd (E/F)",1175,1210,1300,1260,1265,1335,1360,1385,1505,1525,13320
"2018-2019","B67075","York CDSB","Cath Dist Sch Brd (E/F)",2535,2895,3360,3425,3530,3720,3815,3950,3790,3855,34880
"2018-2019","B66095","York Region DSB","Pub Dist Sch Brd (E/F)",6830,7185,8830,8370,8625,8970,9070,9595,9290,9205,85970
"2018-2019","N/A","Provincial Total",NA,129160,134535,140790,140030,141855,144775,146225,146080,143225,142350,1409030
"2019-2020","B28010","Algoma DSB","Pub Dist Sch Brd (E/F)",575,630,695,645,635,655,610,675,705,745,6570
"2019-2020","B67202","Algonquin and Lakeshore CDSB","Cath Dist Sch Brd (E/F)",660,775,765,745,840,775,835,810,750,795,7755
"2019-2020","B66010","Avon Maitland DSB","Pub Dist Sch Brd (E/F)",960,985,1040,1010,955,1000,1015,1075,1070,1090,10200
"2019-2020","B66001","Bluewater DSB","Pub Dist Sch Brd (E/F)",1035,1255,1270,1230,1260,1245,1285,1200,1320,1250,12355
"2019-2020","B67164","Brant Haldimand Norfolk CDSB","Cath Dist Sch Brd (E/F)",665,660,690,680,735,680,695,670,725,690,6885
"2019-2020","B67008","Bruce-Grey CDSB","Cath Dist Sch Brd (E/F)",290,300,350,285,270,310,280,320,280,290,2980
"2019-2020","B67172","CDSB of Eastern Ontario","Cath Dist Sch Brd (E/F)",775,910,870,890,885,875,965,920,1065,1050,9205
"2019-2020","B66311","CEP de l'Est de l'Ontario","Pub Dist Sch Brd (E/F)",1185,1255,1390,1375,1360,1270,1340,1220,1215,1180,12785
"2019-2020","B66303","CS Viamonde","Pub Dist Sch Brd (E/F)",1185,1165,1275,1155,1175,1105,1110,1120,855,810,10960
"2019-2020","B67318","CS catholique MonAvenir","Cath Dist Sch Brd (E/F)",1160,1275,1305,1350,1365,1370,1335,1345,1420,1350,13275
"2019-2020","B28118","CS public du Grand Nord de l'Ontario","Pub Dist Sch Brd (E/F)",205,210,200,195,190,195,185,195,190,195,1965
"2019-2020","B28100","CS public du Nord-Est de l'Ontario","Pub Dist Sch Brd (E/F)",180,185,190,180,190,170,165,190,135,160,1735
"2019-2020","B29114","CSDC Franco-Nord","Cath Dist Sch Brd (E/F)",170,170,165,205,180,185,200,175,190,205,1845
"2019-2020","B67326","CSDC de l'Est ontarien","Cath Dist Sch Brd (E/F)",750,790,800,750,730,750,750,790,740,745,7590
"2019-2020","B29130","CSDC des Aurores boreales","Cath Dist Sch Brd (E/F)",75,85,70,65,70,65,60,65,80,70,695
"2019-2020","B29106","CSDC des Grandes Rivieres","Cath Dist Sch Brd (E/F)",385,400,405,405,390,395,380,420,395,380,3960
"2019-2020","B67334","CSDC du Centre-Est de l'Ontario","Cath Dist Sch Brd (E/F)",1815,1930,1930,1985,2020,1940,1955,2000,1865,1840,19285
"2019-2020","B29122","CSDC du Nouvel-Ontario","Cath Dist Sch Brd (E/F)",470,520,500,435,455,455,480,470,460,450,4690
"2019-2020","B67300","Conseil scolaire catholique Providence","Cath Dist Sch Brd (E/F)",745,790,865,790,800,785,755,745,755,720,7745
"2019-2020","B66150","DSB Niagara","Pub Dist Sch Brd (E/F)",2220,2345,2555,2515,2640,2575,2650,2840,2795,2770,25910
"2019-2020","B28002","DSB Ontario North East","Pub Dist Sch Brd (E/F)",335,380,410,425,465,420,430,460,410,415,4150
"2019-2020","B67083","Dufferin-Peel CDSB","Cath Dist Sch Brd (E/F)",3605,4150,4320,4400,4610,4735,4795,4930,5155,5135,45840
"2019-2020","B67105","Durham CDSB","Cath Dist Sch Brd (E/F)",1250,1445,1485,1470,1470,1450,1635,1640,1600,1625,15070
"2019-2020","B66060","Durham DSB","Pub Dist Sch Brd (E/F)",4330,4685,4950,4920,5255,5410,5315,5465,5340,5390,51065
"2019-2020","B66168","Grand Erie DSB","Pub Dist Sch Brd (E/F)",1490,1725,1750,1775,1740,1820,1845,1830,1900,1830,17700
"2019-2020","B66028","Greater Essex County DSB","Pub Dist Sch Brd (E/F)",1970,2230,2360,2345,2520,2515,2585,2675,2695,2770,24660
"2019-2020","B67113","Halton CDSB","Cath Dist Sch Brd (E/F)",1815,2080,2280,2330,2350,2440,2475,2520,2530,2455,23280
"2019-2020","B66133","Halton DSB","Pub Dist Sch Brd (E/F)",3480,3770,4095,4350,4515,4780,4765,5155,5240,5465,45615
"2019-2020","B67121","Hamilton-Wentworth CDSB","Cath Dist Sch Brd (E/F)",1660,1885,1825,1870,1845,1935,1935,2025,2015,1985,18985
"2019-2020","B66141","Hamilton-Wentworth DSB","Pub Dist Sch Brd (E/F)",2850,3350,3550,3625,3675,3545,3565,3615,3685,3745,35210
"2019-2020","B66222","Hastings & Prince Edward DSB","Pub Dist Sch Brd (E/F)",815,940,915,1030,1005,1050,1050,1075,1140,1090,10105
"2019-2020","B67016","Huron Perth CDSB","Cath Dist Sch Brd (E/F)",270,325,320,310,370,305,345,315,345,310,3210
"2019-2020","B29025","Huron-Superior CDSB","Cath Dist Sch Brd (E/F)",265,310,345,375,405,370,405,355,340,340,3505
"2019-2020","B66079","Kawartha Pine Ridge DSB","Pub Dist Sch Brd (E/F)",2050,2310,2420,2505,2345,2355,2345,2420,2455,2430,23640
"2019-2020","B28045","Keewatin-Patricia DSB","Pub Dist Sch Brd (E/F)",255,285,260,245,290,260,280,290,285,295,2740
"2019-2020","B29050","Kenora CDSB","Cath Dist Sch Brd (E/F)",60,75,80,75,95,110,95,105,130,110,940
"2019-2020","B28061","Lakehead DSB","Pub Dist Sch Brd (E/F)",565,610,630,600,605,570,610,640,600,560,5985
"2019-2020","B66036","Lambton Kent DSB","Pub Dist Sch Brd (E/F)",1210,1425,1380,1335,1410,1445,1430,1510,1490,1565,14200
"2019-2020","B66206","Limestone DSB","Pub Dist Sch Brd (E/F)",1240,1285,1300,1295,1300,1305,1315,1365,1445,1435,13290
"2019-2020","B67032","London District Catholic School Board","Cath Dist Sch Brd (E/F)",1130,1335,1475,1455,1475,1430,1410,1430,1465,1465,14065
"2019-2020","B15199","Moose Factory Island DSAB","Public School Board",20,35,30,40,35,30,45,30,NA,10,280
"2019-2020","B15202","Moosonee DSAB","Public School Board",20,25,25,25,30,25,25,30,25,25,265
"2019-2020","B28037","Near North DSB","Pub Dist Sch Brd (E/F)",525,630,650,625,620,675,665,690,745,700,6520
"2019-2020","B67156","Niagara CDSB","Cath Dist Sch Brd (E/F)",1120,1310,1340,1380,1370,1445,1435,1485,1535,1500,13925
"2019-2020","B29017","Nipissing-Parry Sound CDSB","Cath Dist Sch Brd (E/F)",165,190,195,185,175,180,190,220,195,205,1900
"2019-2020","B29009","Northeastern CDSB","Cath Dist Sch Brd (E/F)",175,145,180,175,190,185,150,205,225,190,1825
"2019-2020","B29041","Northwest CDSB","Cath Dist Sch Brd (E/F)",125,130,110,135,130,115,155,150,110,100,1260
"2019-2020","B67180","Ottawa CSB","Cath Dist Sch Brd (E/F)",2455,2845,2860,3015,3240,3195,3250,3175,3340,3280,30660
"2019-2020","B66184","Ottawa-Carleton DSB","Pub Dist Sch Brd (E/F)",3755,4480,4900,4965,4920,5085,5085,5295,5285,5185,48960
"2019-2020","B66125","Peel DSB","Pub Dist Sch Brd (E/F)",9535,10495,10655,11255,11455,11475,11505,11575,12155,11980,112070
"2019-2020","B79910","Penetanguishene PSSB","Prot Sep Sch Brd (Sch Auth)",30,50,40,35,35,30,25,35,30,30,345
"2019-2020","B67067","Peterborough Victoria Northumberland and Clarington CDSB","Cath Dist Sch Brd (E/F)",770,930,1005,1005,1020,1015,1115,1040,1070,1025,9990
"2019-2020","B28029","Rainbow DSB","Pub Dist Sch Brd (E/F)",695,840,910,880,855,910,915,900,965,915,8780
"2019-2020","B28053","Rainy River DSB","Pub Dist Sch Brd (E/F)",110,140,160,170,150,155,175,160,185,190,1595
"2019-2020","B67199","Renfrew County CDSB","Cath Dist Sch Brd (E/F)",315,390,375,395,365,355,360,360,355,375,3645
"2019-2020","B66214","Renfrew County DSB","Pub Dist Sch Brd (E/F)",505,590,620,610,585,575,625,615,580,600,5910
"2019-2020","B66109","Simcoe County DSB","Pub Dist Sch Brd (E/F)",3220,3525,3890,3620,3685,3710,3835,3985,3845,3965,37275
"2019-2020","B67091","Simcoe Muskoka CDSB","Cath Dist Sch Brd (E/F)",1325,1455,1460,1475,1515,1510,1565,1640,1655,1525,15125
"2019-2020","B67040","St Clair CDSB","Cath Dist Sch Brd (E/F)",540,560,540,610,605,650,665,655,685,580,6095
"2019-2020","B29033","Sudbury CDSB","Cath Dist Sch Brd (E/F)",375,415,435,465,450,425,435,460,455,505,4425
"2019-2020","B29076","Superior North CDSB","Cath Dist Sch Brd (E/F)",70,65,60,65,65,70,75,60,65,70,660
"2019-2020","B28070","Superior-Greenstone DSB","Pub Dist Sch Brd (E/F)",55,65,70,55,80,70,85,70,90,80,715
"2019-2020","B66044","Thames Valley DSB","Pub Dist Sch Brd (E/F)",4410,5235,5415,5460,5595,5695,5575,5825,5940,5990,55145
"2019-2020","B29068","Thunder Bay CDSB","Cath Dist Sch Brd (E/F)",410,460,480,520,505,565,530,565,540,565,5135
"2019-2020","B67059","Toronto CDSB","Cath Dist Sch Brd (E/F)",4985,5610,5980,5995,6200,6065,6255,6305,6395,6505,60295
"2019-2020","B66052","Toronto DSB","Pub Dist Sch Brd (E/F)",14865,16830,17190,17280,17525,16870,17120,16925,16665,17160,168430
"2019-2020","B66087","Trillium Lakelands DSB","Pub Dist Sch Brd (E/F)",1005,1105,1045,1075,1090,1135,1160,1110,1205,1175,11105
"2019-2020","B66192","Upper Canada DSB","Pub Dist Sch Brd (E/F)",1520,1645,1715,1770,1800,1750,1765,1875,1835,1890,17565
"2019-2020","B66117","Upper Grand DSB","Pub Dist Sch Brd (E/F)",2170,2290,2350,2350,2465,2390,2365,2425,2450,2365,23620
"2019-2020","B67148","Waterloo CDSB","Cath Dist Sch Brd (E/F)",1475,1640,1700,1655,1705,1690,1660,1720,1730,1685,16665
"2019-2020","B66176","Waterloo Region DSB","Pub Dist Sch Brd (E/F)",3620,4250,4420,4315,4440,4430,4545,4605,4565,4830,44015
"2019-2020","B67130","Wellington CDSB","Cath Dist Sch Brd (E/F)",495,540,590,570,535,595,560,595,655,625,5755
"2019-2020","B67024","Windsor-Essex CDSB","Cath Dist Sch Brd (E/F)",1090,1205,1260,1250,1360,1300,1325,1385,1450,1465,13085
"2019-2020","B67075","York CDSB","Cath Dist Sch Brd (E/F)",2330,2620,2970,3225,3495,3540,3615,3820,3840,3985,33435
"2019-2020","B66095","York Region DSB","Pub Dist Sch Brd (E/F)",6235,7250,8235,8295,9260,8705,9045,9355,9545,9990,85915
"2020-2021","B28010","Algoma DSB","Pub Dist Sch Brd (E/F)",575,630,695,645,635,655,610,675,705,745,6570
"2020-2021","B67202","Algonquin and Lakeshore CDSB","Cath Dist Sch Brd (E/F)",660,775,765,745,840,775,835,810,750,795,7755
"2020-2021","B66010","Avon Maitland DSB","Pub Dist Sch Brd (E/F)",960,985,1040,1010,955,1000,1015,1075,1070,1090,10200
"2020-2021","B66001","Bluewater DSB","Pub Dist Sch Brd (E/F)",1035,1255,1270,1230,1260,1245,1285,1200,1320,1250,12355
"2020-2021","B67164","Brant Haldimand Norfolk CDSB","Cath Dist Sch Brd (E/F)",665,660,690,680,735,680,695,670,725,690,6885
"2020-2021","B67008","Bruce-Grey CDSB","Cath Dist Sch Brd (E/F)",290,300,350,285,270,310,280,320,280,290,2980
"2020-2021","B67172","CDSB of Eastern Ontario","Cath Dist Sch Brd (E/F)",775,910,870,890,885,875,965,920,1065,1050,9205
"2020-2021","B66303","CS Viamonde","Pub Dist Sch Brd (E/F)",1185,1165,1275,1155,1175,1105,1110,1120,855,810,10960
"2020-2021","B67318","CS catholique MonAvenir","Cath Dist Sch Brd (E/F)",1160,1275,1305,1350,1365,1370,1335,1345,1420,1350,13275
"2020-2021","B28118","CS public du Grand Nord de l'Ontario","Pub Dist Sch Brd (E/F)",205,210,200,195,190,195,185,195,190,195,1965
"2020-2021","B28100","CS public du Nord-Est de l'Ontario","Pub Dist Sch Brd (E/F)",180,185,190,180,190,170,165,190,135,160,1735
"2020-2021","B29114","CSDC Franco-Nord","Cath Dist Sch Brd (E/F)",170,170,165,205,180,185,200,175,190,205,1845
"2020-2021","B67326","CSDC de l'Est ontarien","Cath Dist Sch Brd (E/F)",750,790,800,750,730,750,750,790,740,745,7590
"2020-2021","B29130","CSDC des Aurores boréales","Cath Dist Sch Brd (E/F)",75,85,70,65,70,65,60,65,80,70,695
"2020-2021","B29106","CSDC des Grandes Rivières","Cath Dist Sch Brd (E/F)",385,400,405,405,390,395,380,420,395,380,3960
"2020-2021","B67334","CSDC du Centre-Est de l'Ontario","Cath Dist Sch Brd (E/F)",1815,1930,1930,1985,2020,1940,1955,2000,1865,1840,19285
"2020-2021","B29122","CSDC du Nouvel-Ontario","Cath Dist Sch Brd (E/F)",470,520,500,435,455,455,480,470,460,450,4690
"2020-2021","B67300","Conseil scolaire catholique Providence","Cath Dist Sch Brd (E/F)",745,790,865,790,800,785,755,745,755,720,7745
"2020-2021","B66311","CÉP de l'Est de l'Ontario","Pub Dist Sch Brd (E/F)",1185,1255,1390,1375,1360,1270,1340,1220,1215,1180,12785
"2020-2021","B66150","DSB Niagara","Pub Dist Sch Brd (E/F)",2220,2345,2555,2515,2640,2575,2650,2840,2795,2770,25910
"2020-2021","B28002","DSB Ontario North East","Pub Dist Sch Brd (E/F)",335,380,410,425,465,420,430,460,410,415,4150
"2020-2021","B67083","Dufferin-Peel CDSB","Cath Dist Sch Brd (E/F)",3605,4150,4320,4400,4610,4735,4795,4930,5155,5135,45840
"2020-2021","B67105","Durham CDSB","Cath Dist Sch Brd (E/F)",1250,1445,1485,1470,1470,1450,1635,1640,1600,1625,15070
"2020-2021","B66060","Durham DSB","Pub Dist Sch Brd (E/F)",4330,4685,4950,4920,5255,5410,5315,5465,5340,5390,51065
"2020-2021","B66168","Grand Erie DSB","Pub Dist Sch Brd (E/F)",1490,1725,1750,1775,1740,1820,1845,1830,1900,1830,17700
"2020-2021","B66028","Greater Essex County DSB","Pub Dist Sch Brd (E/F)",1970,2230,2360,2345,2520,2515,2585,2675,2695,2770,24660
"2020-2021","B67113","Halton CDSB","Cath Dist Sch Brd (E/F)",1815,2080,2280,2330,2350,2440,2475,2520,2530,2455,23280
"2020-2021","B66133","Halton DSB","Pub Dist Sch Brd (E/F)",3480,3770,4095,4350,4515,4780,4765,5155,5240,5465,45615
"2020-2021","B67121","Hamilton-Wentworth CDSB","Cath Dist Sch Brd (E/F)",1660,1885,1825,1870,1845,1935,1935,2025,2015,1985,18985
"2020-2021","B66141","Hamilton-Wentworth DSB","Pub Dist Sch Brd (E/F)",2850,3350,3550,3625,3675,3545,3565,3615,3685,3745,35210
"2020-2021","B66222","Hastings & Prince Edward DSB","Pub Dist Sch Brd (E/F)",815,940,915,1030,1005,1050,1050,1075,1140,1090,10105
"2020-2021","B67016","Huron Perth CDSB","Cath Dist Sch Brd (E/F)",270,325,320,310,370,305,345,315,345,310,3210
"2020-2021","B29025","Huron-Superior CDSB","Cath Dist Sch Brd (E/F)",265,310,345,375,405,370,405,355,340,340,3505
"2020-2021","B66079","Kawartha Pine Ridge DSB","Pub Dist Sch Brd (E/F)",2050,2310,2420,2505,2345,2355,2345,2420,2455,2430,23640
"2020-2021","B28045","Keewatin-Patricia DSB","Pub Dist Sch Brd (E/F)",255,285,260,245,290,260,280,290,285,295,2740
"2020-2021","B29050","Kenora CDSB","Cath Dist Sch Brd (E/F)",60,75,80,75,95,110,95,105,130,110,940
"2020-2021","B28061","Lakehead DSB","Pub Dist Sch Brd (E/F)",565,610,630,600,605,570,610,640,600,560,5985
"2020-2021","B66036","Lambton Kent DSB","Pub Dist Sch Brd (E/F)",1210,1425,1380,1335,1410,1445,1430,1510,1490,1565,14200
"2020-2021","B66206","Limestone DSB","Pub Dist Sch Brd (E/F)",1240,1285,1300,1295,1300,1305,1315,1370,1445,1435,13290
"2020-2021","B67032","London District Catholic School Board","Cath Dist Sch Brd (E/F)",1130,1335,1475,1455,1475,1430,1410,1430,1465,1465,14065
"2020-2021","B15199","Moose Factory Island DSAB","Public School Board",20,35,30,40,35,30,45,30,NA,10,280
"2020-2021","B15202","Moosonee DSAB","Public School Board",20,25,25,25,30,25,25,30,25,25,265
"2020-2021","B28037","Near North DSB","Pub Dist Sch Brd (E/F)",525,630,650,625,620,675,665,690,745,700,6520
"2020-2021","B67156","Niagara CDSB","Cath Dist Sch Brd (E/F)",1120,1310,1340,1380,1370,1445,1435,1485,1535,1500,13925
"2020-2021","B29017","Nipissing-Parry Sound CDSB","Cath Dist Sch Brd (E/F)",165,190,195,185,175,180,190,220,195,205,1900
"2020-2021","B29009","Northeastern CDSB","Cath Dist Sch Brd (E/F)",175,145,180,175,190,185,150,205,225,190,1825
"2020-2021","B29041","Northwest CDSB","Cath Dist Sch Brd (E/F)",125,130,110,135,130,115,155,150,110,100,1260
"2020-2021","B67180","Ottawa CSB","Cath Dist Sch Brd (E/F)",2455,2845,2860,3015,3240,3195,3250,3175,3340,3280,30660
"2020-2021","B66184","Ottawa-Carleton DSB","Pub Dist Sch Brd (E/F)",3755,4480,4900,4965,4920,5085,5085,5295,5285,5185,48960
"2020-2021","B66125","Peel DSB","Pub Dist Sch Brd (E/F)",9535,10495,10655,11255,11455,11475,11505,11575,12155,11980,112070
"2020-2021","B79910","Penetanguishene PSSB","Prot Sep Sch Brd (Sch Auth)",30,50,40,35,35,30,25,35,30,30,345
"2020-2021","B67067","Peterborough Victoria Northumberland and Clarington CDSB","Cath Dist Sch Brd (E/F)",770,930,1005,1005,1020,1015,1115,1040,1070,1025,9990
"2020-2021","B28029","Rainbow DSB","Pub Dist Sch Brd (E/F)",695,840,910,880,855,910,915,900,965,915,8780
"2020-2021","B28053","Rainy River DSB","Pub Dist Sch Brd (E/F)",110,140,160,170,150,155,175,160,185,190,1595
"2020-2021","B67199","Renfrew County CDSB","Cath Dist Sch Brd (E/F)",315,390,375,395,365,355,360,360,355,375,3645
"2020-2021","B66214","Renfrew County DSB","Pub Dist Sch Brd (E/F)",505,590,620,610,585,575,625,615,580,600,5910
"2020-2021","B66109","Simcoe County DSB","Pub Dist Sch Brd (E/F)",3220,3525,3890,3620,3685,3710,3835,3985,3845,3965,37275
"2020-2021","B67091","Simcoe Muskoka CDSB","Cath Dist Sch Brd (E/F)",1325,1455,1460,1475,1515,1510,1565,1640,1655,1525,15125
"2020-2021","B67040","St Clair CDSB","Cath Dist Sch Brd (E/F)",540,560,540,610,605,650,665,655,685,580,6095
"2020-2021","B29033","Sudbury CDSB","Cath Dist Sch Brd (E/F)",375,415,435,465,450,425,435,460,455,505,4425
"2020-2021","B29076","Superior North CDSB","Cath Dist Sch Brd (E/F)",70,65,60,65,65,70,75,60,65,70,660
"2020-2021","B28070","Superior-Greenstone DSB","Pub Dist Sch Brd (E/F)",55,65,70,55,80,70,85,70,90,80,715
"2020-2021","B66044","Thames Valley DSB","Pub Dist Sch Brd (E/F)",4410,5235,5415,5460,5595,5695,5575,5825,5940,5990,55145
"2020-2021","B29068","Thunder Bay CDSB","Cath Dist Sch Brd (E/F)",410,460,480,520,505,565,530,565,540,565,5135
"2020-2021","B67059","Toronto CDSB","Cath Dist Sch Brd (E/F)",4985,5610,5980,5995,6200,6065,6255,6305,6395,6505,60295
"2020-2021","B66052","Toronto DSB","Pub Dist Sch Brd (E/F)",14865,16830,17190,17280,17525,16870,17120,16925,16665,17160,168430
"2020-2021","B66087","Trillium Lakelands DSB","Pub Dist Sch Brd (E/F)",1005,1105,1045,1075,1090,1135,1160,1110,1205,1175,11105
"2020-2021","B66192","Upper Canada DSB","Pub Dist Sch Brd (E/F)",1520,1645,1715,1770,1800,1750,1765,1875,1835,1890,17565
"2020-2021","B66117","Upper Grand DSB","Pub Dist Sch Brd (E/F)",2170,2290,2350,2350,2465,2390,2365,2425,2450,2365,23620
"2020-2021","B67148","Waterloo CDSB","Cath Dist Sch Brd (E/F)",1475,1640,1700,1655,1705,1690,1660,1720,1730,1685,16665
"2020-2021","B66176","Waterloo Region DSB","Pub Dist Sch Brd (E/F)",3620,4250,4420,4315,4440,4430,4545,4605,4565,4830,44015
"2020-2021","B67130","Wellington CDSB","Cath Dist Sch Brd (E/F)",495,540,590,570,535,595,560,595,655,625,5755
"2020-2021","B67024","Windsor-Essex CDSB","Cath Dist Sch Brd (E/F)",1090,1205,1260,1250,1360,1300,1325,1385,1450,1465,13085
"2020-2021","B67075","York CDSB","Cath Dist Sch Brd (E/F)",2330,2620,2970,3225,3495,3540,3615,3820,3840,3985,33435
"2020-2021","B66095","York Region DSB","Pub Dist Sch Brd (E/F)",6235,7250,8235,8295,9260,8705,9045,9355,9545,9990,85915
"2020-2021","N/A","Provincial Total",NA,116670,131220,137350,138590,142425,141645,143580,146415,147690,148465,1394040
"2021-2022","B28010","Algoma DSB","Pub Dist Sch Brd (E/F)",675,655,655,720,660,665,685,630,730,800,6870
"2021-2022","B67202","Algonquin and Lakeshore CDSB","Cath Dist Sch Brd (E/F)",725,735,815,790,765,850,785,835,765,770,7845
"2021-2022","B66010","Avon Maitland DSB","Pub Dist Sch Brd (E/F)",945,1060,990,1045,1015,945,1015,1005,1100,1090,10205
"2021-2022","B66001","Bluewater DSB","Pub Dist Sch Brd (E/F)",1160,1230,1340,1345,1290,1315,1285,1355,1260,1330,12910
"2021-2022","B67164","Brant Haldimand Norfolk CDSB","Cath Dist Sch Brd (E/F)",635,785,715,735,720,770,705,715,710,735,7220
"2021-2022","B67008","Bruce-Grey CDSB","Cath Dist Sch Brd (E/F)",300,320,315,365,295,280,320,280,320,285,3080
"2021-2022","B67172","CDSB of Eastern Ontario","Cath Dist Sch Brd (E/F)",780,890,955,890,935,905,895,970,1080,1075,9375
"2021-2022","B66303","CS Viamonde","Pub Dist Sch Brd (E/F)",1050,1170,1140,1220,1115,1120,1060,1075,940,830,10715
"2021-2022","B67318","CS catholique MonAvenir","Cath Dist Sch Brd (E/F)",1010,1130,1250,1215,1285,1305,1305,1270,1295,1360,12435
"2021-2022","B28118","CS public du Grand Nord de l'Ontario","Pub Dist Sch Brd (E/F)",205,220,210,195,200,190,200,180,185,180,1960
"2021-2022","B28100","CS public du Nord-Est de l'Ontario","Pub Dist Sch Brd (E/F)",175,190,185,180,175,180,170,160,145,120,1675
"2021-2022","B29114","CSDC Franco-Nord","Cath Dist Sch Brd (E/F)",160,180,165,165,200,185,185,195,195,185,1810
"2021-2022","B67326","CSDC de l'Est ontarien","Cath Dist Sch Brd (E/F)",780,800,785,810,760,740,745,785,765,735,7710
"2021-2022","B29130","CSDC des Aurores boréales","Cath Dist Sch Brd (E/F)",80,75,80,65,65,65,60,60,65,70,680
"2021-2022","B29106","CSDC des Grandes Rivières","Cath Dist Sch Brd (E/F)",405,390,390,390,400,385,395,375,425,395,3950
"2021-2022","B67334","CSDC du Centre-Est de l'Ontario","Cath Dist Sch Brd (E/F)",1725,1880,1910,1905,1950,1990,1910,1955,1895,1880,18995
"2021-2022","B29122","CSDC du Nouvel-Ontario","Cath Dist Sch Brd (E/F)",400,455,495,480,410,440,440,465,425,430,4445
"2021-2022","B67300","Conseil scolaire catholique Providence","Cath Dist Sch Brd (E/F)",715,755,770,815,755,770,760,730,715,730,7515
"2021-2022","B66311","CÉP de l'Est de l'Ontario","Pub Dist Sch Brd (E/F)",1155,1260,1275,1385,1355,1330,1255,1330,1155,1200,12705
"2021-2022","B66150","DSB Niagara","Pub Dist Sch Brd (E/F)",2505,2645,2620,2735,2665,2740,2700,2750,2990,2860,27215
"2021-2022","B28002","DSB Ontario North East","Pub Dist Sch Brd (E/F)",350,415,425,440,430,490,430,425,465,460,4325
"2021-2022","B67083","Dufferin-Peel CDSB","Cath Dist Sch Brd (E/F)",3475,3800,4165,4220,4300,4545,4575,4685,4785,5045,43590
"2021-2022","B67105","Durham CDSB","Cath Dist Sch Brd (E/F)",1315,1365,1550,1525,1495,1490,1455,1625,1645,1580,15035
"2021-2022","B66060","Durham DSB","Pub Dist Sch Brd (E/F)",4610,4970,5095,5110,5095,5405,5530,5440,5595,5425,52275
"2021-2022","B66168","Grand Erie DSB","Pub Dist Sch Brd (E/F)",1615,1825,1890,1835,1855,1800,1895,1910,1910,1965,18495
"2021-2022","B66028","Greater Essex County DSB","Pub Dist Sch Brd (E/F)",1960,2240,2255,2360,2360,2560,2515,2625,2695,2755,24315
"2021-2022","B67113","Halton CDSB","Cath Dist Sch Brd (E/F)",1700,1980,2140,2260,2345,2350,2470,2475,2525,2525,22765
"2021-2022","B66133","Halton DSB","Pub Dist Sch Brd (E/F)",3610,4040,4090,4430,4505,4695,4875,4890,5215,5290,45640
"2021-2022","B67121","Hamilton-Wentworth CDSB","Cath Dist Sch Brd (E/F)",1725,1825,1955,1850,1895,1860,1955,1935,2000,2020,19020
"2021-2022","B66141","Hamilton-Wentworth DSB","Pub Dist Sch Brd (E/F)",3305,3500,3560,3625,3640,3755,3560,3630,3670,3780,36035
"2021-2022","B66222","Hastings & Prince Edward DSB","Pub Dist Sch Brd (E/F)",965,1015,1015,960,1090,1040,1100,1100,1110,1180,10565
"2021-2022","B67016","Huron Perth CDSB","Cath Dist Sch Brd (E/F)",285,290,330,315,305,380,305,340,315,335,3205
"2021-2022","B29025","Huron-Superior CDSB","Cath Dist Sch Brd (E/F)",295,300,330,375,375,415,370,420,345,295,3525
"2021-2022","B66079","Kawartha Pine Ridge DSB","Pub Dist Sch Brd (E/F)",2350,2510,2545,2550,2575,2510,2450,2430,2480,2550,24955
"2021-2022","B28045","Keewatin-Patricia DSB","Pub Dist Sch Brd (E/F)",275,285,300,260,275,305,280,295,305,300,2880
"2021-2022","B29050","Kenora CDSB","Cath Dist Sch Brd (E/F)",95,70,75,75,75,90,120,100,110,130,940
"2021-2022","B28061","Lakehead DSB","Pub Dist Sch Brd (E/F)",625,625,650,640,630,630,595,645,645,620,6315
"2021-2022","B66036","Lambton Kent DSB","Pub Dist Sch Brd (E/F)",1335,1380,1510,1450,1390,1450,1490,1470,1525,1550,14550
"2021-2022","B66206","Limestone DSB","Pub Dist Sch Brd (E/F)",1270,1395,1330,1320,1315,1335,1335,1345,1450,1480,13580
"2021-2022","B67032","London District Catholic School Board","Cath Dist Sch Brd (E/F)",1265,1390,1455,1560,1525,1525,1485,1460,1465,1510,14635
"2021-2022","B15199","Moose Factory Island DSAB","Public School Board",20,35,35,35,40,35,30,45,15,NA,295
"2021-2022","B15202","Moosonee DSAB","Public School Board",20,25,30,30,25,30,25,20,30,25,255
"2021-2022","B28037","Near North DSB","Pub Dist Sch Brd (E/F)",600,635,645,690,675,645,720,665,735,755,6770
"2021-2022","B67156","Niagara CDSB","Cath Dist Sch Brd (E/F)",1200,1300,1400,1385,1425,1435,1480,1460,1500,1570,14155
"2021-2022","B29017","Nipissing-Parry Sound CDSB","Cath Dist Sch Brd (E/F)",175,185,200,195,185,185,195,195,220,200,1930
"2021-2022","B29009","Northeastern CDSB","Cath Dist Sch Brd (E/F)",150,205,165,210,205,195,200,175,220,225,1955
"2021-2022","B29041","Northwest CDSB","Cath Dist Sch Brd (E/F)",115,120,130,110,135,135,115,155,130,95,1235
"2021-2022","B67180","Ottawa CSB","Cath Dist Sch Brd (E/F)",2425,2775,2935,2935,3115,3310,3245,3280,3380,3435,30840
"2021-2022","B66184","Ottawa-Carleton DSB","Pub Dist Sch Brd (E/F)",4200,4630,4840,5045,5070,5100,5185,5265,5250,5430,50010
"2021-2022","B66125","Peel DSB","Pub Dist Sch Brd (E/F)",9580,10205,10565,10505,11065,11225,11210,11270,11390,11955,108965
"2021-2022","B79910","Penetanguishene PSSB","Prot Sep Sch Brd (Sch Auth)",35,35,50,40,35,30,25,25,30,30,340
"2021-2022","B67067","Peterborough Victoria Northumberland and Clarington CDSB","Cath Dist Sch Brd (E/F)",815,900,990,1035,1030,1050,1055,1135,1050,1095,10145
"2021-2022","B28029","Rainbow DSB","Pub Dist Sch Brd (E/F)",790,825,895,935,920,885,935,920,935,1035,9075
"2021-2022","B28053","Rainy River DSB","Pub Dist Sch Brd (E/F)",135,145,160,160,165,160,170,170,180,200,1650
"2021-2022","B67199","Renfrew County CDSB","Cath Dist Sch Brd (E/F)",330,345,395,375,385,370,370,365,355,385,3675
"2021-2022","B66214","Renfrew County DSB","Pub Dist Sch Brd (E/F)",550,615,630,645,630,600,600,650,640,600,6155
"2021-2022","B66109","Simcoe County DSB","Pub Dist Sch Brd (E/F)",3505,3780,3775,4050,3760,3815,3825,3955,4060,3965,38490
"2021-2022","B67091","Simcoe Muskoka CDSB","Cath Dist Sch Brd (E/F)",1365,1530,1525,1535,1545,1565,1570,1620,1695,1675,15630
"2021-2022","B67040","St Clair CDSB","Cath Dist Sch Brd (E/F)",540,600,580,555,630,600,655,680,660,670,6175
"2021-2022","B29033","Sudbury CDSB","Cath Dist Sch Brd (E/F)",360,420,435,450,490,470,420,440,495,465,4440
"2021-2022","B29076","Superior North CDSB","Cath Dist Sch Brd (E/F)",60,75,65,60,65,65,75,70,60,65,670
"2021-2022","B28070","Superior-Greenstone DSB","Pub Dist Sch Brd (E/F)",65,65,70,75,55,80,75,85,70,95,730
"2021-2022","B66044","Thames Valley DSB","Pub Dist Sch Brd (E/F)",4975,5360,5715,5685,5660,5805,5880,5750,6050,6135,57015
"2021-2022","B29068","Thunder Bay CDSB","Cath Dist Sch Brd (E/F)",420,440,460,485,520,505,570,515,555,520,4985
"2021-2022","B67059","Toronto CDSB","Cath Dist Sch Brd (E/F)",4945,5295,5655,5875,5800,6025,5925,6155,6200,6285,58155
"2021-2022","B66052","Toronto DSB","Pub Dist Sch Brd (E/F)",14725,15795,16215,16410,16550,16785,16170,16360,16170,16575,161755
"2021-2022","B66087","Trillium Lakelands DSB","Pub Dist Sch Brd (E/F)",1070,1195,1185,1095,1115,1160,1165,1205,1140,1245,11575
"2021-2022","B66192","Upper Canada DSB","Pub Dist Sch Brd (E/F)",1655,1770,1755,1785,1840,1855,1805,1855,1905,1905,18125
"2021-2022","B66117","Upper Grand DSB","Pub Dist Sch Brd (E/F)",2260,2400,2380,2425,2410,2500,2435,2395,2485,2475,24170
"2021-2022","B67148","Waterloo CDSB","Cath Dist Sch Brd (E/F)",1460,1720,1725,1755,1685,1755,1715,1675,1800,1765,17050
"2021-2022","B66176","Waterloo Region DSB","Pub Dist Sch Brd (E/F)",3840,4210,4455,4440,4350,4500,4470,4605,4595,4640,44110
"2021-2022","B67130","Wellington CDSB","Cath Dist Sch Brd (E/F)",465,565,595,625,585,565,600,580,630,640,5855
"2021-2022","B67024","Windsor-Essex CDSB","Cath Dist Sch Brd (E/F)",1100,1220,1255,1300,1300,1385,1335,1335,1445,1470,13145
"2021-2022","B67075","York CDSB","Cath Dist Sch Brd (E/F)",2245,2570,2835,2975,3265,3475,3540,3605,3785,3840,32140
"2021-2022","B66095","York Region DSB","Pub Dist Sch Brd (E/F)",6330,7115,8040,8400,8435,9380,8855,9200,9470,9705,84925
"2021-2022","N/A","Provincial Total",NA,120525,131155,136515,138930,139650,143480,142285,144230,146755,149035,1392565
"2022-2023","B28010","Algoma DSB","Pub Dist Sch Brd (E/F)",615,735,690,680,735,685,685,725,700,795,7050
"2022-2023","B67202","Algonquin and Lakeshore CDSB","Cath Dist Sch Brd (E/F)",720,795,785,840,800,800,875,795,815,755,7980
"2022-2023","B66010","Avon Maitland DSB","Pub Dist Sch Brd (E/F)",1065,1030,1085,1030,1100,1055,975,1035,1065,1110,10545
"2022-2023","B66001","Bluewater DSB","Pub Dist Sch Brd (E/F)",1245,1295,1275,1390,1390,1350,1365,1320,1405,1305,13340
"2022-2023","B67164","Brant Haldimand Norfolk CDSB","Cath Dist Sch Brd (E/F)",750,735,850,785,780,785,805,740,750,750,7720
"2022-2023","B67008","Bruce-Grey CDSB","Cath Dist Sch Brd (E/F)",325,325,330,310,365,305,275,325,275,315,3150
"2022-2023","B67172","CDSB of Eastern Ontario","Cath Dist Sch Brd (E/F)",870,870,950,1010,945,975,950,925,1070,1075,9635
"2022-2023","B66303","CS Viamonde","Pub Dist Sch Brd (E/F)",1060,1115,1165,1100,1200,1100,1090,1030,930,915,10710
"2022-2023","B67318","CS catholique MonAvenir","Cath Dist Sch Brd (E/F)",960,1055,1155,1250,1210,1260,1255,1270,1285,1250,11940
"2022-2023","B28118","CS public du Grand Nord de l'Ontario","Pub Dist Sch Brd (E/F)",195,210,220,205,190,200,190,190,170,185,1955
"2022-2023","B28100","CS public du Nord-Est de l'Ontario","Pub Dist Sch Brd (E/F)",185,175,180,175,180,170,180,160,125,135,1665
"2022-2023","B29114","CSDC Franco-Nord","Cath Dist Sch Brd (E/F)",160,165,175,160,160,205,175,180,225,195,1795
"2022-2023","B67326","CSDC de l'Est ontarien","Cath Dist Sch Brd (E/F)",735,815,815,805,815,760,720,780,750,755,7755
"2022-2023","B29130","CSDC des Aurores boréales","Cath Dist Sch Brd (E/F)",65,80,75,70,70,65,65,55,65,65,675
"2022-2023","B29106","CSDC des Grandes Rivières","Cath Dist Sch Brd (E/F)",345,410,380,390,385,395,375,385,375,420,3860
"2022-2023","B67334","CSDC du Centre-Est de l'Ontario","Cath Dist Sch Brd (E/F)",1810,1790,1910,1970,1950,1990,2015,1935,1885,1925,19180
"2022-2023","B29122","CSDC du Nouvel-Ontario","Cath Dist Sch Brd (E/F)",380,400,435,475,455,395,425,430,425,400,4220
"2022-2023","B67300","Conseil scolaire catholique Providence","Cath Dist Sch Brd (E/F)",745,740,745,745,780,730,740,740,690,695,7345
"2022-2023","B66311","CÉP de l'Est de l'Ontario","Pub Dist Sch Brd (E/F)",1150,1280,1325,1305,1400,1365,1345,1265,1280,1175,12895
"2022-2023","B66150","DSB Niagara","Pub Dist Sch Brd (E/F)",2575,2765,2820,2725,2845,2785,2860,2820,2865,3060,28115
"2022-2023","B28002","DSB Ontario North East","Pub Dist Sch Brd (E/F)",365,395,450,460,460,470,510,450,460,515,4530
"2022-2023","B67083","Dufferin-Peel CDSB","Cath Dist Sch Brd (E/F)",3440,3745,3915,4235,4230,4300,4540,4580,4675,4785,42445
"2022-2023","B67105","Durham CDSB","Cath Dist Sch Brd (E/F)",1320,1420,1450,1605,1560,1535,1520,1490,1655,1655,15215
"2022-2023","B66060","Durham DSB","Pub Dist Sch Brd (E/F)",4980,5075,5330,5335,5365,5265,5575,5725,5610,5720,53980
"2022-2023","B66168","Grand Erie DSB","Pub Dist Sch Brd (E/F)",1735,1895,1965,1970,1905,1945,1875,1965,1995,1970,19215
"2022-2023","B66028","Greater Essex County DSB","Pub Dist Sch Brd (E/F)",2085,2325,2385,2350,2430,2445,2645,2630,2690,2755,24745
"2022-2023","B67113","Halton CDSB","Cath Dist Sch Brd (E/F)",1710,1820,2125,2155,2305,2375,2395,2510,2495,2545,22435
"2022-2023","B66133","Halton DSB","Pub Dist Sch Brd (E/F)",3655,4005,4390,4385,4565,4725,4850,5010,5000,5325,45915
"2022-2023","B67121","Hamilton-Wentworth CDSB","Cath Dist Sch Brd (E/F)",1685,1865,1895,2000,1910,1925,1905,1975,1950,2005,19115
"2022-2023","B66141","Hamilton-Wentworth DSB","Pub Dist Sch Brd (E/F)",3465,3675,3690,3645,3710,3740,3835,3695,3705,3765,36930
"2022-2023","B66222","Hastings & Prince Edward DSB","Pub Dist Sch Brd (E/F)",995,1045,1080,1030,980,1135,1070,1110,1145,1120,10715
"2022-2023","B67016","Huron Perth CDSB","Cath Dist Sch Brd (E/F)",295,320,300,335,330,305,400,310,315,315,3225
"2022-2023","B29025","Huron-Superior CDSB","Cath Dist Sch Brd (E/F)",285,325,325,360,400,380,435,385,390,335,3620
"2022-2023","B66079","Kawartha Pine Ridge DSB","Pub Dist Sch Brd (E/F)",2395,2565,2685,2615,2605,2665,2565,2520,2450,2555,25615
"2022-2023","B28045","Keewatin-Patricia DSB","Pub Dist Sch Brd (E/F)",260,290,300,295,270,285,300,290,305,310,2910
"2022-2023","B29050","Kenora CDSB","Cath Dist Sch Brd (E/F)",75,100,65,70,70,80,100,115,105,115,895
"2022-2023","B28061","Lakehead DSB","Pub Dist Sch Brd (E/F)",625,695,635,675,655,645,645,600,645,635,6455
"2022-2023","B66036","Lambton Kent DSB","Pub Dist Sch Brd (E/F)",1370,1460,1435,1560,1500,1450,1495,1525,1510,1565,14875
"2022-2023","B66206","Limestone DSB","Pub Dist Sch Brd (E/F)",1205,1350,1435,1350,1355,1350,1355,1370,1450,1475,13690
"2022-2023","B67032","London District Catholic School Board","Cath Dist Sch Brd (E/F)",1315,1485,1530,1590,1690,1625,1625,1575,1555,1545,15530
"2022-2023","B15199","Moose Factory Island DSAB","Public School Board",20,25,40,25,35,40,35,25,15,10,275
"2022-2023","B15202","Moosonee DSAB","Public School Board",25,25,30,25,30,25,30,25,25,30,265
"2022-2023","B28037","Near North DSB","Pub Dist Sch Brd (E/F)",585,690,680,685,715,690,690,765,715,760,6980
"2022-2023","B67156","Niagara CDSB","Cath Dist Sch Brd (E/F)",1250,1345,1415,1480,1440,1470,1455,1525,1520,1535,14435
"2022-2023","B29017","Nipissing-Parry Sound CDSB","Cath Dist Sch Brd (E/F)",160,195,200,220,205,210,195,205,195,225,2010
"2022-2023","B29009","Northeastern CDSB","Cath Dist Sch Brd (E/F)",150,180,220,170,220,205,205,225,180,205,1965
"2022-2023","B29041","Northwest CDSB","Cath Dist Sch Brd (E/F)",115,120,120,130,110,130,130,115,140,120,1230
"2022-2023","B67180","Ottawa CSB","Cath Dist Sch Brd (E/F)",2505,2750,2980,3085,3115,3255,3425,3340,3645,3605,31705
"2022-2023","B66184","Ottawa-Carleton DSB","Pub Dist Sch Brd (E/F)",4355,4870,4970,5080,5235,5235,5325,5425,5290,5435,51225
"2022-2023","B66125","Peel DSB","Pub Dist Sch Brd (E/F)",9680,10285,10565,10575,10510,11005,11175,11110,11285,11385,107575
"2022-2023","B79910","Penetanguishene PSSB","Prot Sep Sch Brd (Sch Auth)",40,40,35,50,45,35,30,30,20,30,360
"2022-2023","B67067","Peterborough Victoria Northumberland and Clarington CDSB","Cath Dist Sch Brd (E/F)",850,865,920,1015,1055,1055,1075,1075,1125,1070,10095
"2022-2023","B28029","Rainbow DSB","Pub Dist Sch Brd (E/F)",790,900,905,940,965,950,915,980,930,990,9270
"2022-2023","B28053","Rainy River DSB","Pub Dist Sch Brd (E/F)",145,150,150,155,155,165,160,160,180,170,1590
"2022-2023","B67199","Renfrew County CDSB","Cath Dist Sch Brd (E/F)",310,355,350,405,380,400,365,375,365,375,3685
"2022-2023","B66214","Renfrew County DSB","Pub Dist Sch Brd (E/F)",595,625,645,650,650,640,620,610,675,630,6350
"2022-2023","B66109","Simcoe County DSB","Pub Dist Sch Brd (E/F)",3640,3875,4070,3895,4135,3855,3940,3860,4060,4150,39480
"2022-2023","B67091","Simcoe Muskoka CDSB","Cath Dist Sch Brd (E/F)",1495,1510,1620,1625,1575,1620,1630,1620,1655,1730,16085
"2022-2023","B67040","St Clair CDSB","Cath Dist Sch Brd (E/F)",540,570,625,600,570,635,610,665,675,670,6165
"2022-2023","B29033","Sudbury CDSB","Cath Dist Sch Brd (E/F)",335,380,435,460,460,500,495,425,495,525,4505
"2022-2023","B29076","Superior North CDSB","Cath Dist Sch Brd (E/F)",50,65,80,70,60,65,70,75,70,60,670
"2022-2023","B28070","Superior-Greenstone DSB","Pub Dist Sch Brd (E/F)",70,65,65,75,85,55,80,75,90,80,740
"2022-2023","B66044","Thames Valley DSB","Pub Dist Sch Brd (E/F)",5250,5565,5715,5970,5850,5905,6000,6115,5950,6180,58505
"2022-2023","B29068","Thunder Bay CDSB","Cath Dist Sch Brd (E/F)",395,435,450,465,485,535,505,575,495,550,4890
"2022-2023","B67059","Toronto CDSB","Cath Dist Sch Brd (E/F)",4755,5260,5495,5745,5955,5835,6090,5970,6205,6275,57585
"2022-2023","B66052","Toronto DSB","Pub Dist Sch Brd (E/F)",15415,16165,16405,16415,16580,16660,16765,16075,16165,16535,163185
"2022-2023","B66087","Trillium Lakelands DSB","Pub Dist Sch Brd (E/F)",1080,1180,1235,1230,1125,1155,1185,1185,1220,1155,11755
"2022-2023","B66192","Upper Canada DSB","Pub Dist Sch Brd (E/F)",1695,1850,1875,1820,1875,1915,1915,1870,1895,1990,18700
"2022-2023","B66117","Upper Grand DSB","Pub Dist Sch Brd (E/F)",2325,2415,2460,2400,2455,2430,2540,2465,2395,2520,24415
"2022-2023","B67148","Waterloo CDSB","Cath Dist Sch Brd (E/F)",1640,1650,1790,1810,1845,1755,1805,1795,1755,1850,17695
"2022-2023","B66176","Waterloo Region DSB","Pub Dist Sch Brd (E/F)",4125,4310,4375,4520,4535,4430,4505,4500,4585,4700,44585
"2022-2023","B67130","Wellington CDSB","Cath Dist Sch Brd (E/F)",520,515,590,610,645,610,585,605,600,640,5920
"2022-2023","B67024","Windsor-Essex CDSB","Cath Dist Sch Brd (E/F)",1195,1255,1325,1330,1370,1355,1445,1385,1420,1520,13605
"2022-2023","B67075","York CDSB","Cath Dist Sch Brd (E/F)",2255,2475,2810,2910,3050,3305,3545,3610,3625,3820,31400
"2022-2023","B66095","York Region DSB","Pub Dist Sch Brd (E/F)",6320,7200,8120,8405,8755,8800,9725,9245,9510,9845,85930
"2022-2023","   ","Provincial Total",NA,123895,132800,138510,140500,142315,142970,146270,145050,146410,149675,1408390
"2023-2024","B28010","Algoma DSB","Pub Dist Sch Brd (E/F)",585,665,745,695,690,745,705,700,765,770,7060
"2023-2024","B67202","Algonquin and Lakeshore CDSB","Cath Dist Sch Brd (E/F)",720,775,845,810,870,815,815,900,770,835,8160
"2023-2024","B66010","Avon Maitland DSB","Pub Dist Sch Brd (E/F)",1045,1100,1035,1070,1045,1095,1070,980,1050,1070,10565
"2023-2024","B66001","Bluewater DSB","Pub Dist Sch Brd (E/F)",1265,1335,1320,1310,1420,1390,1380,1400,1340,1430,13590
"2023-2024","B67164","Brant Haldimand Norfolk CDSB","Cath Dist Sch Brd (E/F)",680,835,785,890,820,830,820,850,770,775,8055
"2023-2024","B67008","Bruce-Grey CDSB","Cath Dist Sch Brd (E/F)",285,330,340,340,315,370,305,285,325,285,3175
"2023-2024","B67172","CDSB of Eastern Ontario","Cath Dist Sch Brd (E/F)",790,920,900,980,1050,955,1005,975,1035,1090,9705
"2023-2024","B66303","CS Viamonde","Pub Dist Sch Brd (E/F)",1075,1115,1135,1160,1080,1190,1085,1060,870,895,10670
"2023-2024","B67318","CS catholique MonAvenir","Cath Dist Sch Brd (E/F)",890,985,1085,1150,1275,1185,1250,1250,1300,1280,11650
"2023-2024","B28118","CS public du Grand Nord de l'Ontario","Pub Dist Sch Brd (E/F)",205,210,215,220,205,185,195,185,175,175,1970
"2023-2024","B28100","CS public du Nord-Est de l'Ontario","Pub Dist Sch Brd (E/F)",145,190,185,170,180,175,165,160,110,115,1595
"2023-2024","B29114","CSDC Franco-Nord","Cath Dist Sch Brd (E/F)",160,160,160,160,155,165,195,175,205,225,1755
"2023-2024","B67326","CSDC de l'Est ontarien","Cath Dist Sch Brd (E/F)",720,770,825,830,820,825,760,755,755,740,7805
"2023-2024","B29130","CSDC des Aurores boréales","Cath Dist Sch Brd (E/F)",75,70,85,70,75,70,60,70,55,65,690
"2023-2024","B29106","CSDC des Grandes Rivières","Cath Dist Sch Brd (E/F)",370,340,400,375,375,380,390,365,390,370,3755
"2023-2024","B67334","CSDC du Centre-Est de l'Ontario","Cath Dist Sch Brd (E/F)",1850,1960,1915,2025,2040,2035,2040,2045,1855,1965,19725
"2023-2024","B29122","CSDC du Nouvel-Ontario","Cath Dist Sch Brd (E/F)",385,395,400,430,470,460,395,415,405,405,4155
"2023-2024","B67300","Conseil scolaire catholique Providence","Cath Dist Sch Brd (E/F)",750,785,745,730,735,770,715,715,690,680,7315
"2023-2024","B66311","CÉP de l'Est de l'Ontario","Pub Dist Sch Brd (E/F)",1105,1260,1320,1345,1315,1385,1350,1340,1225,1305,12955
"2023-2024","B66150","DSB Niagara","Pub Dist Sch Brd (E/F)",2525,2815,2945,2950,2860,2970,2940,2965,2935,2960,28870
"2023-2024","B28002","DSB Ontario North East","Pub Dist Sch Brd (E/F)",380,385,415,455,465,470,475,505,475,490,4515
"2023-2024","B67083","Dufferin-Peel CDSB","Cath Dist Sch Brd (E/F)",3335,3605,3835,3975,4260,4245,4300,4575,4565,4720,41410
"2023-2024","B67105","Durham CDSB","Cath Dist Sch Brd (E/F)",1405,1470,1545,1525,1685,1630,1590,1600,1575,1695,15725
"2023-2024","B66060","Durham DSB","Pub Dist Sch Brd (E/F)",5095,5330,5435,5560,5565,5540,5455,5775,5885,5805,55440
"2023-2024","B66168","Grand Erie DSB","Pub Dist Sch Brd (E/F)",1840,1925,1965,2035,2010,1970,1990,1945,2010,2040,19730
"2023-2024","B66028","Greater Essex County DSB","Pub Dist Sch Brd (E/F)",2090,2315,2380,2440,2405,2505,2515,2680,2640,2745,24710
"2023-2024","B67113","Halton CDSB","Cath Dist Sch Brd (E/F)",1645,1805,1945,2145,2240,2350,2425,2440,2530,2530,22060
"2023-2024","B66133","Halton DSB","Pub Dist Sch Brd (E/F)",3405,3980,4285,4645,4525,4720,4815,5030,5120,5105,45630
"2023-2024","B67121","Hamilton-Wentworth CDSB","Cath Dist Sch Brd (E/F)",1740,1830,1940,1950,2070,1980,2020,1970,2040,2000,19540
"2023-2024","B66141","Hamilton-Wentworth DSB","Pub Dist Sch Brd (E/F)",3465,3755,3835,3770,3690,3760,3815,3885,3760,3830,37565
"2023-2024","B66222","Hastings & Prince Edward DSB","Pub Dist Sch Brd (E/F)",955,1075,1065,1085,1065,1015,1150,1090,1130,1155,10785
"2023-2024","B67016","Huron Perth CDSB","Cath Dist Sch Brd (E/F)",300,305,320,305,345,335,315,405,315,325,3260
"2023-2024","B29025","Huron-Superior CDSB","Cath Dist Sch Brd (E/F)",290,315,360,345,385,430,395,445,395,385,3740
"2023-2024","B66079","Kawartha Pine Ridge DSB","Pub Dist Sch Brd (E/F)",2440,2510,2635,2710,2655,2625,2685,2605,2510,2450,25820
"2023-2024","B28045","Keewatin-Patricia DSB","Pub Dist Sch Brd (E/F)",280,265,285,295,300,285,290,300,305,290,2895
"2023-2024","B29050","Kenora CDSB","Cath Dist Sch Brd (E/F)",80,85,110,70,75,70,80,95,125,115,910
"2023-2024","B28061","Lakehead DSB","Pub Dist Sch Brd (E/F)",615,655,690,640,675,645,650,655,580,640,6445
"2023-2024","B66036","Lambton Kent DSB","Pub Dist Sch Brd (E/F)",1340,1430,1490,1455,1590,1525,1470,1500,1545,1535,14875
"2023-2024","B66206","Limestone DSB","Pub Dist Sch Brd (E/F)",1255,1270,1360,1455,1375,1385,1375,1360,1420,1455,13720
"2023-2024","B67032","London District Catholic School Board","Cath Dist Sch Brd (E/F)",1415,1525,1615,1710,1730,1840,1775,1740,1685,1620,16665
"2023-2024","B15199","Moose Factory Island DSAB","Public School Board",20,25,30,40,35,40,35,40,0,10,280
"2023-2024","B15202","Moosonee DSAB","Public School Board",15,30,20,30,20,30,25,30,25,20,240
"2023-2024","B28037","Near North DSB","Pub Dist Sch Brd (E/F)",625,630,705,700,690,715,725,705,755,760,7020
"2023-2024","B67156","Niagara CDSB","Cath Dist Sch Brd (E/F)",1365,1380,1435,1500,1520,1530,1560,1505,1565,1585,14940
"2023-2024","B29017","Nipissing-Parry Sound CDSB","Cath Dist Sch Brd (E/F)",165,175,205,205,235,215,225,195,210,195,2020
"2023-2024","B29009","Northeastern CDSB","Cath Dist Sch Brd (E/F)",145,170,200,230,190,235,210,235,220,180,2010
"2023-2024","B29041","Northwest CDSB","Cath Dist Sch Brd (E/F)",100,110,120,120,130,110,125,130,95,100,1140
"2023-2024","B67180","Ottawa CSB","Cath Dist Sch Brd (E/F)",2800,2830,3005,3230,3315,3360,3485,3615,3825,3925,33390
"2023-2024","B66184","Ottawa-Carleton DSB","Pub Dist Sch Brd (E/F)",4345,4730,5070,5100,5105,5325,5325,5385,5185,5410,50980
"2023-2024","B66125","Peel DSB","Pub Dist Sch Brd (E/F)",9495,10150,10600,10545,10530,10530,11015,11135,11215,11320,106530
"2023-2024","B79910","Penetanguishene PSSB","Prot Sep Sch Brd (Sch Auth)",30,40,40,35,55,45,35,30,25,20,350
"2023-2024","B67067","Peterborough Victoria Northumberland and Clarington CDSB","Cath Dist Sch Brd (E/F)",890,895,910,940,1045,1085,1100,1080,1100,1125,10165
"2023-2024","B28029","Rainbow DSB","Pub Dist Sch Brd (E/F)",770,850,920,930,960,990,985,950,985,955,9300
"2023-2024","B28053","Rainy River DSB","Pub Dist Sch Brd (E/F)",125,155,145,150,145,150,155,155,180,210,1580
"2023-2024","B67199","Renfrew County CDSB","Cath Dist Sch Brd (E/F)",345,325,360,365,410,385,410,360,375,370,3710
"2023-2024","B66214","Renfrew County DSB","Pub Dist Sch Brd (E/F)",570,635,635,650,645,655,645,645,615,670,6360
"2023-2024","B66109","Simcoe County DSB","Pub Dist Sch Brd (E/F)",3615,3860,4025,4125,3995,4200,3940,3990,3955,4160,39860
"2023-2024","B67091","Simcoe Muskoka CDSB","Cath Dist Sch Brd (E/F)",1510,1675,1635,1680,1710,1680,1670,1685,1690,1715,16645
"2023-2024","B67040","St Clair CDSB","Cath Dist Sch Brd (E/F)",615,585,600,650,625,595,655,645,680,690,6340
"2023-2024","B29033","Sudbury CDSB","Cath Dist Sch Brd (E/F)",370,370,415,475,480,480,515,510,500,535,4650
"2023-2024","B29076","Superior North CDSB","Cath Dist Sch Brd (E/F)",65,60,75,85,75,65,70,75,75,70,715
"2023-2024","B28070","Superior-Greenstone DSB","Pub Dist Sch Brd (E/F)",40,60,75,60,75,75,55,70,75,90,675
"2023-2024","B66044","Thames Valley DSB","Pub Dist Sch Brd (E/F)",5315,5595,5710,5865,6045,6010,6000,6110,6285,6075,59010
"2023-2024","B29068","Thunder Bay CDSB","Cath Dist Sch Brd (E/F)",380,415,440,460,475,510,540,495,560,495,4770
"2023-2024","B67059","Toronto CDSB","Cath Dist Sch Brd (E/F)",4980,5180,5575,5740,6005,6155,6065,6315,6160,6405,58585
"2023-2024","B66052","Toronto DSB","Pub Dist Sch Brd (E/F)",15060,16275,16610,16580,16445,16760,16740,16775,15940,16575,163770
"2023-2024","B66087","Trillium Lakelands DSB","Pub Dist Sch Brd (E/F)",1110,1130,1215,1240,1250,1150,1165,1195,1210,1230,11900
"2023-2024","B66192","Upper Canada DSB","Pub Dist Sch Brd (E/F)",1720,1845,1900,1920,1895,1920,1980,1955,1880,1955,18965
"2023-2024","B66117","Upper Grand DSB","Pub Dist Sch Brd (E/F)",2260,2370,2425,2460,2425,2495,2460,2595,2515,2425,24435
"2023-2024","B67148","Waterloo CDSB","Cath Dist Sch Brd (E/F)",1715,1865,1795,1940,1965,1995,1855,1920,1920,1860,18830
"2023-2024","B66176","Waterloo Region DSB","Pub Dist Sch Brd (E/F)",3935,4475,4370,4435,4510,4575,4470,4545,4480,4635,44425
"2023-2024","B67130","Wellington CDSB","Cath Dist Sch Brd (E/F)",570,570,545,615,630,680,645,615,625,615,6120
"2023-2024","B67024","Windsor-Essex CDSB","Cath Dist Sch Brd (E/F)",1265,1320,1350,1410,1420,1470,1395,1545,1525,1500,14195
"2023-2024","B67075","York CDSB","Cath Dist Sch Brd (E/F)",2135,2430,2700,2920,2975,3100,3360,3600,3630,3645,30500
"2023-2024","B66095","York Region DSB","Pub Dist Sch Brd (E/F)",6005,7000,8150,8490,8760,9170,9175,10215,9660,9945,86575
"2023-2024","N/A","Provincial Total",NA,123460,133070,138910,142210,143700,145810,146035,149245,147365,149845,1419640
"2024-2025","B28010","Algoma DSB","Pub Dist Sch Brd (E/F)",585,615,680,730,710,695,745,710,750,810,7025
"2024-2025","B67202","Algonquin and Lakeshore CDSB","Cath Dist Sch Brd (E/F)",795,765,830,865,855,915,845,855,885,810,8420
"2024-2025","B66010","Avon Maitland DSB","Pub Dist Sch Brd (E/F)",1000,1065,1120,1040,1075,1050,1100,1075,985,1065,10570
"2024-2025","B66001","Bluewater DSB","Pub Dist Sch Brd (E/F)",1205,1340,1360,1340,1345,1465,1420,1410,1420,1375,13675
"2024-2025","B67164","Brant Haldimand Norfolk CDSB","Cath Dist Sch Brd (E/F)",720,765,885,810,930,850,875,870,865,795,8365
"2024-2025","B67008","Bruce-Grey CDSB","Cath Dist Sch Brd (E/F)",325,305,355,345,365,325,380,315,290,325,3330
"2024-2025","B67172","CDSB of Eastern Ontario","Cath Dist Sch Brd (E/F)",755,865,955,925,1000,1065,975,1020,1095,1070,9725
"2024-2025","B66303","CS Viamonde","Pub Dist Sch Brd (E/F)",1120,1135,1150,1150,1155,1090,1190,1065,940,865,10855
"2024-2025","B67318","CS catholique MonAvenir","Cath Dist Sch Brd (E/F)",960,950,1025,1130,1160,1260,1170,1220,1290,1285,11450
"2024-2025","B28118","CS public du Grand Nord de l'Ontario","Pub Dist Sch Brd (E/F)",175,205,205,205,210,195,190,185,160,180,1915
"2024-2025","B28100","CS public du Nord-Est de l'Ontario","Pub Dist Sch Brd (E/F)",175,155,195,180,170,185,175,155,120,120,1625
"2024-2025","B29114","CSDC Franco-Nord","Cath Dist Sch Brd (E/F)",140,160,160,160,165,155,165,200,200,205,1710
"2024-2025","B67326","CSDC de l'Est ontarien","Cath Dist Sch Brd (E/F)",785,760,805,845,835,840,845,795,740,755,8015
"2024-2025","B29130","CSDC des Aurores boréales","Cath Dist Sch Brd (E/F)",60,70,75,80,65,70,70,60,75,55,680
"2024-2025","B29106","CSDC des Grandes Rivières","Cath Dist Sch Brd (E/F)",350,375,330,400,370,380,380,385,365,380,3715
"2024-2025","B67334","CSDC du Centre-Est de l'Ontario","Cath Dist Sch Brd (E/F)",1960,2020,2120,2035,2170,2130,2105,2140,2075,1985,20745
"2024-2025","B29122","CSDC du Nouvel-Ontario","Cath Dist Sch Brd (E/F)",375,385,390,395,430,475,455,400,395,390,4085
"2024-2025","B67300","Conseil scolaire catholique Providence","Cath Dist Sch Brd (E/F)",715,790,805,750,730,730,765,690,675,685,7335
"2024-2025","B66311","CÉP de l'Est de l'Ontario","Pub Dist Sch Brd (E/F)",1215,1270,1365,1400,1405,1370,1405,1385,1270,1255,13345
"2024-2025","B66150","DSB Niagara","Pub Dist Sch Brd (E/F)",2450,2735,2975,3040,3100,2980,3050,3050,3080,3035,29490
"2024-2025","B28002","DSB Ontario North East","Pub Dist Sch Brd (E/F)",350,420,405,425,455,475,475,485,560,470,4520
"2024-2025","B67083","Dufferin-Peel CDSB","Cath Dist Sch Brd (E/F)",3125,3510,3745,3870,4060,4305,4280,4400,4585,4640,40520
"2024-2025","B67105","Durham CDSB","Cath Dist Sch Brd (E/F)",1440,1500,1570,1655,1590,1730,1685,1640,1630,1590,16020
"2024-2025","B66060","Durham DSB","Pub Dist Sch Brd (E/F)",4760,5445,5635,5580,5685,5725,5740,5645,5885,6010,56110
"2024-2025","B66168","Grand Erie DSB","Pub Dist Sch Brd (E/F)",1760,1945,1995,2005,2065,2070,2020,2035,2010,2070,19975
"2024-2025","B66028","Greater Essex County DSB","Pub Dist Sch Brd (E/F)",2015,2295,2355,2400,2480,2445,2540,2550,2710,2690,24485
"2024-2025","B67113","Halton CDSB","Cath Dist Sch Brd (E/F)",1705,1745,1960,2030,2215,2295,2415,2490,2475,2570,21900
"2024-2025","B66133","Halton DSB","Pub Dist Sch Brd (E/F)",3330,3685,4140,4455,4725,4645,4805,4950,5140,5275,45150
"2024-2025","B67121","Hamilton-Wentworth CDSB","Cath Dist Sch Brd (E/F)",1800,1895,1920,2000,1995,2115,2010,2075,2010,2090,19910
"2024-2025","B66141","Hamilton-Wentworth DSB","Pub Dist Sch Brd (E/F)",3305,3650,3805,3930,3790,3755,3800,3865,3950,3885,37740
"2024-2025","B66222","Hastings & Prince Edward DSB","Pub Dist Sch Brd (E/F)",910,1010,1095,1070,1105,1110,1040,1165,1105,1120,10730
"2024-2025","B67016","Huron Perth CDSB","Cath Dist Sch Brd (E/F)",340,315,315,335,310,365,335,325,395,310,3345
"2024-2025","B29025","Huron-Superior CDSB","Cath Dist Sch Brd (E/F)",285,340,325,375,360,415,440,425,420,385,3780
"2024-2025","B66079","Kawartha Pine Ridge DSB","Pub Dist Sch Brd (E/F)",2345,2530,2555,2650,2745,2705,2605,2700,2600,2525,25955
"2024-2025","B28045","Keewatin-Patricia DSB","Pub Dist Sch Brd (E/F)",240,285,275,285,300,300,280,295,315,300,2875
"2024-2025","B29050","Kenora CDSB","Cath Dist Sch Brd (E/F)",90,80,90,110,80,70,85,85,85,110,895
"2024-2025","B28061","Lakehead DSB","Pub Dist Sch Brd (E/F)",585,645,665,685,665,685,660,650,645,600,6485
"2024-2025","B66036","Lambton Kent DSB","Pub Dist Sch Brd (E/F)",1310,1410,1450,1510,1470,1595,1545,1480,1520,1550,14840
"2024-2025","B66206","Limestone DSB","Pub Dist Sch Brd (E/F)",1245,1335,1305,1395,1485,1365,1415,1380,1440,1460,13830
"2024-2025","B67032","London District Catholic School Board","Cath Dist Sch Brd (E/F)",1470,1610,1640,1745,1820,1835,1955,1885,1825,1770,17550
"2024-2025","B15199","Moose Factory Island DSAB","Public School Board",15,25,25,30,40,30,30,35,0,0,240
"2024-2025","B15202","Moosonee DSAB","Public School Board",10,25,25,20,30,20,25,25,25,25,230
"2024-2025","B28037","Near North DSB","Pub Dist Sch Brd (E/F)",525,660,630,700,700,705,720,720,700,770,6835
"2024-2025","B67156","Niagara CDSB","Cath Dist Sch Brd (E/F)",1330,1510,1485,1530,1570,1595,1595,1605,1540,1605,15370
"2024-2025","B29017","Nipissing-Parry Sound CDSB","Cath Dist Sch Brd (E/F)",190,185,180,215,210,245,225,225,205,215,2095
"2024-2025","B29009","Northeastern CDSB","Cath Dist Sch Brd (E/F)",135,145,175,200,240,200,240,215,200,210,1960
"2024-2025","B29041","Northwest CDSB","Cath Dist Sch Brd (E/F)",115,105,120,130,120,135,115,125,110,90,1170
"2024-2025","B67180","Ottawa CSB","Cath Dist Sch Brd (E/F)",2850,3100,3080,3210,3460,3475,3560,3665,4040,4040,34475
"2024-2025","B66184","Ottawa-Carleton DSB","Pub Dist Sch Brd (E/F)",4025,4695,4945,5155,5220,5135,5430,5445,5285,5335,50665
"2024-2025","B66125","Peel DSB","Pub Dist Sch Brd (E/F)",9115,9945,10330,10580,10605,10560,10540,10970,11245,11360,105245
"2024-2025","B79910","Penetanguishene PSSB","Prot Sep Sch Brd (Sch Auth)",20,30,40,35,40,50,45,40,25,20,345
"2024-2025","B67067","Peterborough Victoria Northumberland and Clarington CDSB","Cath Dist Sch Brd (E/F)",875,945,960,955,980,1070,1125,1120,1145,1100,10285
"2024-2025","B28029","Rainbow DSB","Pub Dist Sch Brd (E/F)",785,845,890,960,950,990,1025,1015,955,1030,9435
"2024-2025","B28053","Rainy River DSB","Pub Dist Sch Brd (E/F)",105,125,150,145,140,155,150,160,165,185,1490
"2024-2025","B67199","Renfrew County CDSB","Cath Dist Sch Brd (E/F)",330,380,330,375,370,420,380,415,365,380,3745
"2024-2025","B66214","Renfrew County DSB","Pub Dist Sch Brd (E/F)",530,590,630,640,645,640,640,645,645,625,6230
"2024-2025","B66109","Simcoe County DSB","Pub Dist Sch Brd (E/F)",3510,3830,4005,4135,4220,4065,4240,4035,4060,4050,40140
"2024-2025","B67091","Simcoe Muskoka CDSB","Cath Dist Sch Brd (E/F)",1540,1650,1760,1735,1760,1775,1770,1750,1765,1755,17255
"2024-2025","B67040","St Clair CDSB","Cath Dist Sch Brd (E/F)",640,650,605,615,670,640,620,680,660,700,6475
"2024-2025","B29033","Sudbury CDSB","Cath Dist Sch Brd (E/F)",330,395,410,450,510,500,510,540,585,535,4765
"2024-2025","B29076","Superior North CDSB","Cath Dist Sch Brd (E/F)",60,60,65,80,90,75,70,65,70,75,710
"2024-2025","B28070","Superior-Greenstone DSB","Pub Dist Sch Brd (E/F)",60,45,60,75,60,70,70,55,65,70,625
"2024-2025","B66044","Thames Valley DSB","Pub Dist Sch Brd (E/F)",4955,5645,5760,5830,5950,6150,6105,6095,6260,6390,59130
"2024-2025","B29068","Thunder Bay CDSB","Cath Dist Sch Brd (E/F)",415,425,440,460,475,490,505,540,480,540,4765
"2024-2025","B67059","Toronto CDSB","Cath Dist Sch Brd (E/F)",4925,5330,5515,5790,5960,6175,6305,6370,6490,6340,59200
"2024-2025","B66052","Toronto DSB","Pub Dist Sch Brd (E/F)",14580,15740,16540,16710,16675,16645,16870,16725,16620,16520,163615
"2024-2025","B66087","Trillium Lakelands DSB","Pub Dist Sch Brd (E/F)",1015,1190,1170,1225,1260,1265,1175,1175,1200,1230,11905
"2024-2025","B66192","Upper Canada DSB","Pub Dist Sch Brd (E/F)",1735,1845,1920,1955,1955,1935,1985,2030,1945,1875,19180
"2024-2025","B66117","Upper Grand DSB","Pub Dist Sch Brd (E/F)",2130,2320,2385,2415,2470,2435,2475,2465,2595,2535,24220
"2024-2025","B67148","Waterloo CDSB","Cath Dist Sch Brd (E/F)",1865,1875,2000,1905,2050,2065,2080,1965,2055,1945,19815
"2024-2025","B66176","Waterloo Region DSB","Pub Dist Sch Brd (E/F)",3750,4205,4500,4380,4485,4530,4575,4505,4545,4570,44040
"2024-2025","B67130","Wellington CDSB","Cath Dist Sch Brd (E/F)",650,615,595,585,650,665,715,685,640,655,6455
"2024-2025","B67024","Windsor-Essex CDSB","Cath Dist Sch Brd (E/F)",1245,1390,1425,1455,1480,1490,1550,1470,1645,1600,14745
"2024-2025","B67075","York CDSB","Cath Dist Sch Brd (E/F)",2130,2330,2685,2785,3025,3035,3205,3435,3670,3690,30000
"2024-2025","B66095","York Region DSB","Pub Dist Sch Brd (E/F)",5570,6660,7805,8420,8750,9025,9510,9495,10570,10025,85825
"2024-2025","N/A","Provincial Total",NA,120330,131895,138680,142220,145450,146690,148615,148985,151545,150980,1425385
